{
  "type": "FeatureCollection",
  "schemaVersion": "0.0.0",
  "settlementId": "es-torrevieja",
  "coordinateReferenceSystem": "EPSG:3035",
  "coordinateUnit": "m",
  "geoJsonProfile": "workbench-projected-v0",
  "sourceMaskSchemaVersion": "0.0.0",
  "sourceViewportIds": [
    "tv-epsg3035-25-w134932-s68669-c376-r430"
  ],
  "features": [
    {
      "type": "Feature",
      "id": "land-0",
      "properties": {
        "settlementId": "es-torrevieja",
        "kind": "land",
        "clippedByCoverage": true,
        "boundarySourceViewportIds": [
          "tv-epsg3035-25-w134932-s68669-c376-r430"
        ]
      },
      "geometry": {
        "type": "Polygon",
        "coordinates": [
          [
            [
              3373300,
              1716725
            ],
            [
              3373325,
              1716725
            ],
            [
              3373350,
              1716725
            ],
            [
              3373375,
              1716725
            ],
            [
              3373400,
              1716725
            ],
            [
              3373425,
              1716725
            ],
            [
              3373450,
              1716725
            ],
            [
              3373475,
              1716725
            ],
            [
              3373500,
              1716725
            ],
            [
              3373525,
              1716725
            ],
            [
              3373550,
              1716725
            ],
            [
              3373575,
              1716725
            ],
            [
              3373600,
              1716725
            ],
            [
              3373625,
              1716725
            ],
            [
              3373650,
              1716725
            ],
            [
              3373675,
              1716725
            ],
            [
              3373700,
              1716725
            ],
            [
              3373725,
              1716725
            ],
            [
              3373750,
              1716725
            ],
            [
              3373775,
              1716725
            ],
            [
              3373800,
              1716725
            ],
            [
              3373825,
              1716725
            ],
            [
              3373850,
              1716725
            ],
            [
              3373875,
              1716725
            ],
            [
              3373900,
              1716725
            ],
            [
              3373925,
              1716725
            ],
            [
              3373950,
              1716725
            ],
            [
              3373975,
              1716725
            ],
            [
              3374000,
              1716725
            ],
            [
              3374025,
              1716725
            ],
            [
              3374050,
              1716725
            ],
            [
              3374075,
              1716725
            ],
            [
              3374100,
              1716725
            ],
            [
              3374125,
              1716725
            ],
            [
              3374150,
              1716725
            ],
            [
              3374175,
              1716725
            ],
            [
              3374200,
              1716725
            ],
            [
              3374225,
              1716725
            ],
            [
              3374250,
              1716725
            ],
            [
              3374275,
              1716725
            ],
            [
              3374300,
              1716725
            ],
            [
              3374325,
              1716725
            ],
            [
              3374350,
              1716725
            ],
            [
              3374375,
              1716725
            ],
            [
              3374400,
              1716725
            ],
            [
              3374425,
              1716725
            ],
            [
              3374450,
              1716725
            ],
            [
              3374475,
              1716725
            ],
            [
              3374500,
              1716725
            ],
            [
              3374525,
              1716725
            ],
            [
              3374550,
              1716725
            ],
            [
              3374575,
              1716725
            ],
            [
              3374600,
              1716725
            ],
            [
              3374625,
              1716725
            ],
            [
              3374650,
              1716725
            ],
            [
              3374675,
              1716725
            ],
            [
              3374700,
              1716725
            ],
            [
              3374725,
              1716725
            ],
            [
              3374750,
              1716725
            ],
            [
              3374775,
              1716725
            ],
            [
              3374800,
              1716725
            ],
            [
              3374825,
              1716725
            ],
            [
              3374850,
              1716725
            ],
            [
              3374875,
              1716725
            ],
            [
              3374900,
              1716725
            ],
            [
              3374925,
              1716725
            ],
            [
              3374950,
              1716725
            ],
            [
              3374975,
              1716725
            ],
            [
              3375000,
              1716725
            ],
            [
              3375025,
              1716725
            ],
            [
              3375050,
              1716725
            ],
            [
              3375075,
              1716725
            ],
            [
              3375100,
              1716725
            ],
            [
              3375125,
              1716725
            ],
            [
              3375150,
              1716725
            ],
            [
              3375175,
              1716725
            ],
            [
              3375200,
              1716725
            ],
            [
              3375225,
              1716725
            ],
            [
              3375225,
              1716750
            ],
            [
              3375250,
              1716750
            ],
            [
              3375250,
              1716775
            ],
            [
              3375275,
              1716775
            ],
            [
              3375275,
              1716800
            ],
            [
              3375275,
              1716825
            ],
            [
              3375275,
              1716850
            ],
            [
              3375300,
              1716850
            ],
            [
              3375300,
              1716875
            ],
            [
              3375300,
              1716900
            ],
            [
              3375325,
              1716900
            ],
            [
              3375325,
              1716925
            ],
            [
              3375325,
              1716950
            ],
            [
              3375350,
              1716950
            ],
            [
              3375350,
              1716975
            ],
            [
              3375350,
              1717000
            ],
            [
              3375350,
              1717025
            ],
            [
              3375350,
              1717050
            ],
            [
              3375350,
              1717075
            ],
            [
              3375375,
              1717075
            ],
            [
              3375375,
              1717100
            ],
            [
              3375375,
              1717125
            ],
            [
              3375375,
              1717150
            ],
            [
              3375375,
              1717175
            ],
            [
              3375400,
              1717175
            ],
            [
              3375425,
              1717175
            ],
            [
              3375425,
              1717200
            ],
            [
              3375425,
              1717225
            ],
            [
              3375450,
              1717225
            ],
            [
              3375450,
              1717250
            ],
            [
              3375475,
              1717250
            ],
            [
              3375475,
              1717275
            ],
            [
              3375500,
              1717275
            ],
            [
              3375500,
              1717300
            ],
            [
              3375525,
              1717300
            ],
            [
              3375550,
              1717300
            ],
            [
              3375550,
              1717325
            ],
            [
              3375575,
              1717325
            ],
            [
              3375575,
              1717350
            ],
            [
              3375600,
              1717350
            ],
            [
              3375600,
              1717375
            ],
            [
              3375625,
              1717375
            ],
            [
              3375650,
              1717375
            ],
            [
              3375650,
              1717400
            ],
            [
              3375675,
              1717400
            ],
            [
              3375675,
              1717425
            ],
            [
              3375700,
              1717425
            ],
            [
              3375725,
              1717425
            ],
            [
              3375750,
              1717425
            ],
            [
              3375750,
              1717450
            ],
            [
              3375775,
              1717450
            ],
            [
              3375800,
              1717450
            ],
            [
              3375825,
              1717450
            ],
            [
              3375850,
              1717450
            ],
            [
              3375850,
              1717475
            ],
            [
              3375875,
              1717475
            ],
            [
              3375900,
              1717475
            ],
            [
              3375925,
              1717475
            ],
            [
              3375950,
              1717475
            ],
            [
              3375950,
              1717500
            ],
            [
              3375950,
              1717525
            ],
            [
              3375975,
              1717525
            ],
            [
              3375975,
              1717550
            ],
            [
              3375975,
              1717575
            ],
            [
              3376000,
              1717575
            ],
            [
              3376000,
              1717600
            ],
            [
              3376025,
              1717600
            ],
            [
              3376025,
              1717625
            ],
            [
              3376050,
              1717625
            ],
            [
              3376075,
              1717625
            ],
            [
              3376075,
              1717650
            ],
            [
              3376100,
              1717650
            ],
            [
              3376125,
              1717650
            ],
            [
              3376125,
              1717675
            ],
            [
              3376150,
              1717675
            ],
            [
              3376175,
              1717675
            ],
            [
              3376200,
              1717675
            ],
            [
              3376225,
              1717675
            ],
            [
              3376250,
              1717675
            ],
            [
              3376250,
              1717650
            ],
            [
              3376275,
              1717650
            ],
            [
              3376300,
              1717650
            ],
            [
              3376325,
              1717650
            ],
            [
              3376350,
              1717650
            ],
            [
              3376350,
              1717625
            ],
            [
              3376375,
              1717625
            ],
            [
              3376400,
              1717625
            ],
            [
              3376400,
              1717600
            ],
            [
              3376425,
              1717600
            ],
            [
              3376450,
              1717600
            ],
            [
              3376475,
              1717600
            ],
            [
              3376475,
              1717575
            ],
            [
              3376500,
              1717575
            ],
            [
              3376500,
              1717550
            ],
            [
              3376525,
              1717550
            ],
            [
              3376550,
              1717550
            ],
            [
              3376575,
              1717550
            ],
            [
              3376575,
              1717575
            ],
            [
              3376575,
              1717600
            ],
            [
              3376575,
              1717625
            ],
            [
              3376600,
              1717625
            ],
            [
              3376600,
              1717650
            ],
            [
              3376600,
              1717675
            ],
            [
              3376600,
              1717700
            ],
            [
              3376600,
              1717725
            ],
            [
              3376600,
              1717750
            ],
            [
              3376600,
              1717775
            ],
            [
              3376600,
              1717800
            ],
            [
              3376600,
              1717825
            ],
            [
              3376625,
              1717825
            ],
            [
              3376625,
              1717850
            ],
            [
              3376625,
              1717875
            ],
            [
              3376625,
              1717900
            ],
            [
              3376625,
              1717925
            ],
            [
              3376625,
              1717950
            ],
            [
              3376625,
              1717975
            ],
            [
              3376625,
              1718000
            ],
            [
              3376650,
              1718000
            ],
            [
              3376650,
              1718025
            ],
            [
              3376650,
              1718050
            ],
            [
              3376650,
              1718075
            ],
            [
              3376650,
              1718100
            ],
            [
              3376675,
              1718100
            ],
            [
              3376675,
              1718125
            ],
            [
              3376675,
              1718150
            ],
            [
              3376700,
              1718150
            ],
            [
              3376700,
              1718175
            ],
            [
              3376700,
              1718200
            ],
            [
              3376700,
              1718225
            ],
            [
              3376725,
              1718225
            ],
            [
              3376725,
              1718250
            ],
            [
              3376725,
              1718275
            ],
            [
              3376750,
              1718275
            ],
            [
              3376750,
              1718300
            ],
            [
              3376750,
              1718325
            ],
            [
              3376750,
              1718350
            ],
            [
              3376750,
              1718375
            ],
            [
              3376775,
              1718375
            ],
            [
              3376775,
              1718400
            ],
            [
              3376775,
              1718425
            ],
            [
              3376775,
              1718450
            ],
            [
              3376775,
              1718475
            ],
            [
              3376800,
              1718475
            ],
            [
              3376800,
              1718500
            ],
            [
              3376800,
              1718525
            ],
            [
              3376825,
              1718525
            ],
            [
              3376825,
              1718550
            ],
            [
              3376825,
              1718575
            ],
            [
              3376850,
              1718575
            ],
            [
              3376850,
              1718600
            ],
            [
              3376825,
              1718600
            ],
            [
              3376825,
              1718625
            ],
            [
              3376825,
              1718650
            ],
            [
              3376825,
              1718675
            ],
            [
              3376800,
              1718675
            ],
            [
              3376800,
              1718700
            ],
            [
              3376800,
              1718725
            ],
            [
              3376800,
              1718750
            ],
            [
              3376825,
              1718750
            ],
            [
              3376825,
              1718775
            ],
            [
              3376850,
              1718775
            ],
            [
              3376850,
              1718800
            ],
            [
              3376850,
              1718825
            ],
            [
              3376850,
              1718850
            ],
            [
              3376875,
              1718850
            ],
            [
              3376875,
              1718875
            ],
            [
              3376875,
              1718900
            ],
            [
              3376900,
              1718900
            ],
            [
              3376900,
              1718925
            ],
            [
              3376900,
              1718950
            ],
            [
              3376900,
              1718975
            ],
            [
              3376900,
              1719000
            ],
            [
              3376900,
              1719025
            ],
            [
              3376900,
              1719050
            ],
            [
              3376925,
              1719050
            ],
            [
              3376925,
              1719075
            ],
            [
              3376925,
              1719100
            ],
            [
              3376950,
              1719100
            ],
            [
              3376950,
              1719125
            ],
            [
              3376950,
              1719150
            ],
            [
              3376950,
              1719175
            ],
            [
              3376975,
              1719175
            ],
            [
              3376975,
              1719200
            ],
            [
              3376975,
              1719225
            ],
            [
              3377000,
              1719225
            ],
            [
              3377000,
              1719250
            ],
            [
              3377000,
              1719275
            ],
            [
              3377025,
              1719275
            ],
            [
              3377025,
              1719300
            ],
            [
              3377050,
              1719300
            ],
            [
              3377050,
              1719325
            ],
            [
              3377050,
              1719350
            ],
            [
              3377050,
              1719375
            ],
            [
              3377075,
              1719375
            ],
            [
              3377075,
              1719400
            ],
            [
              3377075,
              1719425
            ],
            [
              3377075,
              1719450
            ],
            [
              3377100,
              1719450
            ],
            [
              3377100,
              1719475
            ],
            [
              3377125,
              1719475
            ],
            [
              3377125,
              1719500
            ],
            [
              3377125,
              1719525
            ],
            [
              3377125,
              1719550
            ],
            [
              3377150,
              1719550
            ],
            [
              3377150,
              1719575
            ],
            [
              3377150,
              1719600
            ],
            [
              3377150,
              1719625
            ],
            [
              3377175,
              1719625
            ],
            [
              3377175,
              1719650
            ],
            [
              3377175,
              1719675
            ],
            [
              3377200,
              1719675
            ],
            [
              3377225,
              1719675
            ],
            [
              3377225,
              1719700
            ],
            [
              3377225,
              1719725
            ],
            [
              3377225,
              1719750
            ],
            [
              3377250,
              1719750
            ],
            [
              3377250,
              1719775
            ],
            [
              3377250,
              1719800
            ],
            [
              3377275,
              1719800
            ],
            [
              3377275,
              1719825
            ],
            [
              3377275,
              1719850
            ],
            [
              3377300,
              1719850
            ],
            [
              3377300,
              1719875
            ],
            [
              3377325,
              1719875
            ],
            [
              3377325,
              1719900
            ],
            [
              3377325,
              1719925
            ],
            [
              3377350,
              1719925
            ],
            [
              3377350,
              1719950
            ],
            [
              3377350,
              1719975
            ],
            [
              3377375,
              1719975
            ],
            [
              3377375,
              1720000
            ],
            [
              3377375,
              1720025
            ],
            [
              3377375,
              1720050
            ],
            [
              3377400,
              1720050
            ],
            [
              3377400,
              1720075
            ],
            [
              3377425,
              1720075
            ],
            [
              3377425,
              1720100
            ],
            [
              3377425,
              1720125
            ],
            [
              3377450,
              1720125
            ],
            [
              3377450,
              1720150
            ],
            [
              3377475,
              1720150
            ],
            [
              3377475,
              1720175
            ],
            [
              3377475,
              1720200
            ],
            [
              3377500,
              1720200
            ],
            [
              3377500,
              1720225
            ],
            [
              3377525,
              1720225
            ],
            [
              3377525,
              1720250
            ],
            [
              3377525,
              1720275
            ],
            [
              3377550,
              1720275
            ],
            [
              3377550,
              1720300
            ],
            [
              3377575,
              1720300
            ],
            [
              3377575,
              1720325
            ],
            [
              3377600,
              1720325
            ],
            [
              3377600,
              1720350
            ],
            [
              3377600,
              1720375
            ],
            [
              3377625,
              1720375
            ],
            [
              3377625,
              1720400
            ],
            [
              3377650,
              1720400
            ],
            [
              3377650,
              1720425
            ],
            [
              3377650,
              1720450
            ],
            [
              3377675,
              1720450
            ],
            [
              3377675,
              1720475
            ],
            [
              3377700,
              1720475
            ],
            [
              3377700,
              1720500
            ],
            [
              3377725,
              1720500
            ],
            [
              3377750,
              1720500
            ],
            [
              3377750,
              1720525
            ],
            [
              3377750,
              1720550
            ],
            [
              3377775,
              1720550
            ],
            [
              3377775,
              1720575
            ],
            [
              3377800,
              1720575
            ],
            [
              3377825,
              1720575
            ],
            [
              3377825,
              1720600
            ],
            [
              3377850,
              1720600
            ],
            [
              3377850,
              1720625
            ],
            [
              3377875,
              1720625
            ],
            [
              3377875,
              1720650
            ],
            [
              3377900,
              1720650
            ],
            [
              3377900,
              1720675
            ],
            [
              3377925,
              1720675
            ],
            [
              3377925,
              1720700
            ],
            [
              3377950,
              1720700
            ],
            [
              3377975,
              1720700
            ],
            [
              3377975,
              1720675
            ],
            [
              3378000,
              1720675
            ],
            [
              3378000,
              1720700
            ],
            [
              3378025,
              1720700
            ],
            [
              3378025,
              1720725
            ],
            [
              3378025,
              1720750
            ],
            [
              3378025,
              1720775
            ],
            [
              3378050,
              1720775
            ],
            [
              3378050,
              1720800
            ],
            [
              3378075,
              1720800
            ],
            [
              3378075,
              1720825
            ],
            [
              3378075,
              1720850
            ],
            [
              3378100,
              1720850
            ],
            [
              3378100,
              1720875
            ],
            [
              3378100,
              1720900
            ],
            [
              3378100,
              1720925
            ],
            [
              3378125,
              1720925
            ],
            [
              3378150,
              1720925
            ],
            [
              3378175,
              1720925
            ],
            [
              3378175,
              1720950
            ],
            [
              3378200,
              1720950
            ],
            [
              3378225,
              1720950
            ],
            [
              3378225,
              1720975
            ],
            [
              3378250,
              1720975
            ],
            [
              3378275,
              1720975
            ],
            [
              3378275,
              1721000
            ],
            [
              3378300,
              1721000
            ],
            [
              3378325,
              1721000
            ],
            [
              3378325,
              1721025
            ],
            [
              3378350,
              1721025
            ],
            [
              3378375,
              1721025
            ],
            [
              3378400,
              1721025
            ],
            [
              3378425,
              1721025
            ],
            [
              3378450,
              1721025
            ],
            [
              3378475,
              1721025
            ],
            [
              3378475,
              1721050
            ],
            [
              3378500,
              1721050
            ],
            [
              3378525,
              1721050
            ],
            [
              3378550,
              1721050
            ],
            [
              3378550,
              1721025
            ],
            [
              3378575,
              1721025
            ],
            [
              3378600,
              1721025
            ],
            [
              3378600,
              1721000
            ],
            [
              3378625,
              1721000
            ],
            [
              3378650,
              1721000
            ],
            [
              3378675,
              1721000
            ],
            [
              3378700,
              1721000
            ],
            [
              3378700,
              1721025
            ],
            [
              3378725,
              1721025
            ],
            [
              3378750,
              1721025
            ],
            [
              3378750,
              1721050
            ],
            [
              3378775,
              1721050
            ],
            [
              3378800,
              1721050
            ],
            [
              3378800,
              1721025
            ],
            [
              3378825,
              1721025
            ],
            [
              3378825,
              1721000
            ],
            [
              3378850,
              1721000
            ],
            [
              3378875,
              1721000
            ],
            [
              3378900,
              1721000
            ],
            [
              3378900,
              1720975
            ],
            [
              3378925,
              1720975
            ],
            [
              3378950,
              1720975
            ],
            [
              3378950,
              1721000
            ],
            [
              3378975,
              1721000
            ],
            [
              3379000,
              1721000
            ],
            [
              3379025,
              1721000
            ],
            [
              3379025,
              1720975
            ],
            [
              3379050,
              1720975
            ],
            [
              3379075,
              1720975
            ],
            [
              3379075,
              1720950
            ],
            [
              3379100,
              1720950
            ],
            [
              3379125,
              1720950
            ],
            [
              3379125,
              1720925
            ],
            [
              3379150,
              1720925
            ],
            [
              3379150,
              1720900
            ],
            [
              3379175,
              1720900
            ],
            [
              3379175,
              1720875
            ],
            [
              3379200,
              1720875
            ],
            [
              3379200,
              1720850
            ],
            [
              3379225,
              1720850
            ],
            [
              3379225,
              1720825
            ],
            [
              3379225,
              1720800
            ],
            [
              3379225,
              1720775
            ],
            [
              3379225,
              1720750
            ],
            [
              3379250,
              1720750
            ],
            [
              3379250,
              1720725
            ],
            [
              3379250,
              1720700
            ],
            [
              3379250,
              1720675
            ],
            [
              3379275,
              1720675
            ],
            [
              3379275,
              1720650
            ],
            [
              3379250,
              1720650
            ],
            [
              3379250,
              1720625
            ],
            [
              3379225,
              1720625
            ],
            [
              3379200,
              1720625
            ],
            [
              3379200,
              1720650
            ],
            [
              3379175,
              1720650
            ],
            [
              3379175,
              1720625
            ],
            [
              3379175,
              1720600
            ],
            [
              3379200,
              1720600
            ],
            [
              3379200,
              1720575
            ],
            [
              3379225,
              1720575
            ],
            [
              3379225,
              1720550
            ],
            [
              3379250,
              1720550
            ],
            [
              3379250,
              1720525
            ],
            [
              3379275,
              1720525
            ],
            [
              3379275,
              1720500
            ],
            [
              3379300,
              1720500
            ],
            [
              3379300,
              1720525
            ],
            [
              3379325,
              1720525
            ],
            [
              3379325,
              1720550
            ],
            [
              3379325,
              1720575
            ],
            [
              3379325,
              1720600
            ],
            [
              3379350,
              1720600
            ],
            [
              3379350,
              1720625
            ],
            [
              3379350,
              1720650
            ],
            [
              3379375,
              1720650
            ],
            [
              3379375,
              1720675
            ],
            [
              3379400,
              1720675
            ],
            [
              3379400,
              1720700
            ],
            [
              3379400,
              1720725
            ],
            [
              3379425,
              1720725
            ],
            [
              3379425,
              1720750
            ],
            [
              3379425,
              1720775
            ],
            [
              3379450,
              1720775
            ],
            [
              3379450,
              1720800
            ],
            [
              3379475,
              1720800
            ],
            [
              3379500,
              1720800
            ],
            [
              3379525,
              1720800
            ],
            [
              3379525,
              1720825
            ],
            [
              3379550,
              1720825
            ],
            [
              3379575,
              1720825
            ],
            [
              3379575,
              1720850
            ],
            [
              3379600,
              1720850
            ],
            [
              3379625,
              1720850
            ],
            [
              3379650,
              1720850
            ],
            [
              3379675,
              1720850
            ],
            [
              3379700,
              1720850
            ],
            [
              3379725,
              1720850
            ],
            [
              3379750,
              1720850
            ],
            [
              3379775,
              1720850
            ],
            [
              3379800,
              1720850
            ],
            [
              3379825,
              1720850
            ],
            [
              3379825,
              1720875
            ],
            [
              3379850,
              1720875
            ],
            [
              3379875,
              1720875
            ],
            [
              3379900,
              1720875
            ],
            [
              3379925,
              1720875
            ],
            [
              3379925,
              1720900
            ],
            [
              3379950,
              1720900
            ],
            [
              3379975,
              1720900
            ],
            [
              3379975,
              1720925
            ],
            [
              3380000,
              1720925
            ],
            [
              3380025,
              1720925
            ],
            [
              3380025,
              1720950
            ],
            [
              3380050,
              1720950
            ],
            [
              3380075,
              1720950
            ],
            [
              3380075,
              1720975
            ],
            [
              3380100,
              1720975
            ],
            [
              3380125,
              1720975
            ],
            [
              3380125,
              1721000
            ],
            [
              3380150,
              1721000
            ],
            [
              3380175,
              1721000
            ],
            [
              3380200,
              1721000
            ],
            [
              3380225,
              1721000
            ],
            [
              3380250,
              1721000
            ],
            [
              3380275,
              1721000
            ],
            [
              3380300,
              1721000
            ],
            [
              3380325,
              1721000
            ],
            [
              3380350,
              1721000
            ],
            [
              3380350,
              1720975
            ],
            [
              3380375,
              1720975
            ],
            [
              3380375,
              1720950
            ],
            [
              3380375,
              1720925
            ],
            [
              3380375,
              1720900
            ],
            [
              3380400,
              1720900
            ],
            [
              3380400,
              1720875
            ],
            [
              3380425,
              1720875
            ],
            [
              3380450,
              1720875
            ],
            [
              3380450,
              1720900
            ],
            [
              3380475,
              1720900
            ],
            [
              3380500,
              1720900
            ],
            [
              3380500,
              1720925
            ],
            [
              3380525,
              1720925
            ],
            [
              3380550,
              1720925
            ],
            [
              3380550,
              1720950
            ],
            [
              3380575,
              1720950
            ],
            [
              3380600,
              1720950
            ],
            [
              3380600,
              1720975
            ],
            [
              3380625,
              1720975
            ],
            [
              3380625,
              1721000
            ],
            [
              3380625,
              1721025
            ],
            [
              3380650,
              1721025
            ],
            [
              3380650,
              1721050
            ],
            [
              3380675,
              1721050
            ],
            [
              3380675,
              1721075
            ],
            [
              3380675,
              1721100
            ],
            [
              3380700,
              1721100
            ],
            [
              3380700,
              1721125
            ],
            [
              3380700,
              1721150
            ],
            [
              3380725,
              1721150
            ],
            [
              3380725,
              1721175
            ],
            [
              3380725,
              1721200
            ],
            [
              3380725,
              1721225
            ],
            [
              3380725,
              1721250
            ],
            [
              3380750,
              1721250
            ],
            [
              3380750,
              1721275
            ],
            [
              3380750,
              1721300
            ],
            [
              3380750,
              1721325
            ],
            [
              3380775,
              1721325
            ],
            [
              3380800,
              1721325
            ],
            [
              3380800,
              1721350
            ],
            [
              3380825,
              1721350
            ],
            [
              3380850,
              1721350
            ],
            [
              3380850,
              1721375
            ],
            [
              3380875,
              1721375
            ],
            [
              3380900,
              1721375
            ],
            [
              3380900,
              1721400
            ],
            [
              3380925,
              1721400
            ],
            [
              3380950,
              1721400
            ],
            [
              3380950,
              1721425
            ],
            [
              3380975,
              1721425
            ],
            [
              3380975,
              1721450
            ],
            [
              3380975,
              1721475
            ],
            [
              3381000,
              1721475
            ],
            [
              3381000,
              1721500
            ],
            [
              3381025,
              1721500
            ],
            [
              3381025,
              1721525
            ],
            [
              3381050,
              1721525
            ],
            [
              3381050,
              1721550
            ],
            [
              3381075,
              1721550
            ],
            [
              3381100,
              1721550
            ],
            [
              3381100,
              1721575
            ],
            [
              3381125,
              1721575
            ],
            [
              3381125,
              1721600
            ],
            [
              3381150,
              1721600
            ],
            [
              3381150,
              1721625
            ],
            [
              3381175,
              1721625
            ],
            [
              3381200,
              1721625
            ],
            [
              3381225,
              1721625
            ],
            [
              3381250,
              1721625
            ],
            [
              3381275,
              1721625
            ],
            [
              3381300,
              1721625
            ],
            [
              3381325,
              1721625
            ],
            [
              3381350,
              1721625
            ],
            [
              3381375,
              1721625
            ],
            [
              3381400,
              1721625
            ],
            [
              3381400,
              1721650
            ],
            [
              3381400,
              1721675
            ],
            [
              3381425,
              1721675
            ],
            [
              3381425,
              1721700
            ],
            [
              3381425,
              1721725
            ],
            [
              3381450,
              1721725
            ],
            [
              3381450,
              1721750
            ],
            [
              3381475,
              1721750
            ],
            [
              3381475,
              1721775
            ],
            [
              3381500,
              1721775
            ],
            [
              3381500,
              1721800
            ],
            [
              3381500,
              1721825
            ],
            [
              3381525,
              1721825
            ],
            [
              3381525,
              1721850
            ],
            [
              3381525,
              1721875
            ],
            [
              3381550,
              1721875
            ],
            [
              3381550,
              1721900
            ],
            [
              3381550,
              1721925
            ],
            [
              3381575,
              1721925
            ],
            [
              3381575,
              1721950
            ],
            [
              3381600,
              1721950
            ],
            [
              3381600,
              1721975
            ],
            [
              3381600,
              1722000
            ],
            [
              3381625,
              1722000
            ],
            [
              3381625,
              1722025
            ],
            [
              3381650,
              1722025
            ],
            [
              3381650,
              1722050
            ],
            [
              3381650,
              1722075
            ],
            [
              3381650,
              1722100
            ],
            [
              3381650,
              1722125
            ],
            [
              3381650,
              1722150
            ],
            [
              3381650,
              1722175
            ],
            [
              3381650,
              1722200
            ],
            [
              3381650,
              1722225
            ],
            [
              3381650,
              1722250
            ],
            [
              3381675,
              1722250
            ],
            [
              3381675,
              1722275
            ],
            [
              3381675,
              1722300
            ],
            [
              3381700,
              1722300
            ],
            [
              3381700,
              1722325
            ],
            [
              3381675,
              1722325
            ],
            [
              3381675,
              1722350
            ],
            [
              3381650,
              1722350
            ],
            [
              3381650,
              1722375
            ],
            [
              3381650,
              1722400
            ],
            [
              3381650,
              1722425
            ],
            [
              3381675,
              1722425
            ],
            [
              3381700,
              1722425
            ],
            [
              3381700,
              1722450
            ],
            [
              3381725,
              1722450
            ],
            [
              3381725,
              1722475
            ],
            [
              3381750,
              1722475
            ],
            [
              3381775,
              1722475
            ],
            [
              3381775,
              1722500
            ],
            [
              3381800,
              1722500
            ],
            [
              3381800,
              1722525
            ],
            [
              3381775,
              1722525
            ],
            [
              3381775,
              1722550
            ],
            [
              3381750,
              1722550
            ],
            [
              3381750,
              1722575
            ],
            [
              3381750,
              1722600
            ],
            [
              3381750,
              1722625
            ],
            [
              3381750,
              1722650
            ],
            [
              3381775,
              1722650
            ],
            [
              3381775,
              1722675
            ],
            [
              3381775,
              1722700
            ],
            [
              3381800,
              1722700
            ],
            [
              3381800,
              1722725
            ],
            [
              3381800,
              1722750
            ],
            [
              3381825,
              1722750
            ],
            [
              3381825,
              1722775
            ],
            [
              3381825,
              1722800
            ],
            [
              3381850,
              1722800
            ],
            [
              3381850,
              1722825
            ],
            [
              3381850,
              1722850
            ],
            [
              3381875,
              1722850
            ],
            [
              3381875,
              1722875
            ],
            [
              3381900,
              1722875
            ],
            [
              3381900,
              1722900
            ],
            [
              3381900,
              1722925
            ],
            [
              3381900,
              1722950
            ],
            [
              3381900,
              1722975
            ],
            [
              3381925,
              1722975
            ],
            [
              3381925,
              1723000
            ],
            [
              3381925,
              1723025
            ],
            [
              3381950,
              1723025
            ],
            [
              3381950,
              1723050
            ],
            [
              3381975,
              1723050
            ],
            [
              3381975,
              1723075
            ],
            [
              3382000,
              1723075
            ],
            [
              3382000,
              1723100
            ],
            [
              3382025,
              1723100
            ],
            [
              3382025,
              1723125
            ],
            [
              3382050,
              1723125
            ],
            [
              3382075,
              1723125
            ],
            [
              3382075,
              1723150
            ],
            [
              3382100,
              1723150
            ],
            [
              3382100,
              1723175
            ],
            [
              3382125,
              1723175
            ],
            [
              3382150,
              1723175
            ],
            [
              3382175,
              1723175
            ],
            [
              3382200,
              1723175
            ],
            [
              3382225,
              1723175
            ],
            [
              3382225,
              1723200
            ],
            [
              3382250,
              1723200
            ],
            [
              3382275,
              1723200
            ],
            [
              3382275,
              1723225
            ],
            [
              3382300,
              1723225
            ],
            [
              3382325,
              1723225
            ],
            [
              3382350,
              1723225
            ],
            [
              3382375,
              1723225
            ],
            [
              3382375,
              1723250
            ],
            [
              3382375,
              1723275
            ],
            [
              3382375,
              1723300
            ],
            [
              3382375,
              1723325
            ],
            [
              3382400,
              1723325
            ],
            [
              3382400,
              1723350
            ],
            [
              3382400,
              1723375
            ],
            [
              3382400,
              1723400
            ],
            [
              3382400,
              1723425
            ],
            [
              3382425,
              1723425
            ],
            [
              3382425,
              1723450
            ],
            [
              3382425,
              1723475
            ],
            [
              3382425,
              1723500
            ],
            [
              3382425,
              1723525
            ],
            [
              3382425,
              1723550
            ],
            [
              3382425,
              1723575
            ],
            [
              3382450,
              1723575
            ],
            [
              3382450,
              1723600
            ],
            [
              3382450,
              1723625
            ],
            [
              3382450,
              1723650
            ],
            [
              3382475,
              1723650
            ],
            [
              3382475,
              1723675
            ],
            [
              3382475,
              1723700
            ],
            [
              3382475,
              1723725
            ],
            [
              3382450,
              1723725
            ],
            [
              3382450,
              1723750
            ],
            [
              3382450,
              1723775
            ],
            [
              3382450,
              1723800
            ],
            [
              3382450,
              1723825
            ],
            [
              3382450,
              1723850
            ],
            [
              3382450,
              1723875
            ],
            [
              3382425,
              1723875
            ],
            [
              3382400,
              1723875
            ],
            [
              3382400,
              1723900
            ],
            [
              3382375,
              1723900
            ],
            [
              3382350,
              1723900
            ],
            [
              3382350,
              1723925
            ],
            [
              3382325,
              1723925
            ],
            [
              3382325,
              1723950
            ],
            [
              3382300,
              1723950
            ],
            [
              3382300,
              1723975
            ],
            [
              3382300,
              1724000
            ],
            [
              3382300,
              1724025
            ],
            [
              3382300,
              1724050
            ],
            [
              3382300,
              1724075
            ],
            [
              3382300,
              1724100
            ],
            [
              3382275,
              1724100
            ],
            [
              3382275,
              1724125
            ],
            [
              3382250,
              1724125
            ],
            [
              3382250,
              1724150
            ],
            [
              3382250,
              1724175
            ],
            [
              3382225,
              1724175
            ],
            [
              3382225,
              1724200
            ],
            [
              3382225,
              1724225
            ],
            [
              3382200,
              1724225
            ],
            [
              3382200,
              1724250
            ],
            [
              3382175,
              1724250
            ],
            [
              3382175,
              1724275
            ],
            [
              3382175,
              1724300
            ],
            [
              3382175,
              1724325
            ],
            [
              3382175,
              1724350
            ],
            [
              3382175,
              1724375
            ],
            [
              3382175,
              1724400
            ],
            [
              3382175,
              1724425
            ],
            [
              3382175,
              1724450
            ],
            [
              3382175,
              1724475
            ],
            [
              3382175,
              1724500
            ],
            [
              3382175,
              1724525
            ],
            [
              3382175,
              1724550
            ],
            [
              3382175,
              1724575
            ],
            [
              3382175,
              1724600
            ],
            [
              3382175,
              1724625
            ],
            [
              3382175,
              1724650
            ],
            [
              3382175,
              1724675
            ],
            [
              3382175,
              1724700
            ],
            [
              3382175,
              1724725
            ],
            [
              3382175,
              1724750
            ],
            [
              3382200,
              1724750
            ],
            [
              3382200,
              1724775
            ],
            [
              3382200,
              1724800
            ],
            [
              3382225,
              1724800
            ],
            [
              3382225,
              1724825
            ],
            [
              3382225,
              1724850
            ],
            [
              3382225,
              1724875
            ],
            [
              3382225,
              1724900
            ],
            [
              3382225,
              1724925
            ],
            [
              3382225,
              1724950
            ],
            [
              3382225,
              1724975
            ],
            [
              3382225,
              1725000
            ],
            [
              3382225,
              1725025
            ],
            [
              3382225,
              1725050
            ],
            [
              3382225,
              1725075
            ],
            [
              3382225,
              1725100
            ],
            [
              3382225,
              1725125
            ],
            [
              3382225,
              1725150
            ],
            [
              3382225,
              1725175
            ],
            [
              3382225,
              1725200
            ],
            [
              3382225,
              1725225
            ],
            [
              3382225,
              1725250
            ],
            [
              3382225,
              1725275
            ],
            [
              3382225,
              1725300
            ],
            [
              3382225,
              1725325
            ],
            [
              3382250,
              1725325
            ],
            [
              3382250,
              1725350
            ],
            [
              3382250,
              1725375
            ],
            [
              3382250,
              1725400
            ],
            [
              3382275,
              1725400
            ],
            [
              3382275,
              1725425
            ],
            [
              3382275,
              1725450
            ],
            [
              3382275,
              1725475
            ],
            [
              3382275,
              1725500
            ],
            [
              3382275,
              1725525
            ],
            [
              3382275,
              1725550
            ],
            [
              3382275,
              1725575
            ],
            [
              3382275,
              1725600
            ],
            [
              3382275,
              1725625
            ],
            [
              3382275,
              1725650
            ],
            [
              3382275,
              1725675
            ],
            [
              3382275,
              1725700
            ],
            [
              3382275,
              1725725
            ],
            [
              3382300,
              1725725
            ],
            [
              3382300,
              1725750
            ],
            [
              3382300,
              1725775
            ],
            [
              3382300,
              1725800
            ],
            [
              3382300,
              1725825
            ],
            [
              3382300,
              1725850
            ],
            [
              3382300,
              1725875
            ],
            [
              3382300,
              1725900
            ],
            [
              3382300,
              1725925
            ],
            [
              3382325,
              1725925
            ],
            [
              3382325,
              1725950
            ],
            [
              3382325,
              1725975
            ],
            [
              3382325,
              1726000
            ],
            [
              3382325,
              1726025
            ],
            [
              3382325,
              1726050
            ],
            [
              3382325,
              1726075
            ],
            [
              3382325,
              1726100
            ],
            [
              3382325,
              1726125
            ],
            [
              3382350,
              1726125
            ],
            [
              3382350,
              1726150
            ],
            [
              3382350,
              1726175
            ],
            [
              3382375,
              1726175
            ],
            [
              3382375,
              1726200
            ],
            [
              3382375,
              1726225
            ],
            [
              3382375,
              1726250
            ],
            [
              3382375,
              1726275
            ],
            [
              3382400,
              1726275
            ],
            [
              3382400,
              1726300
            ],
            [
              3382400,
              1726325
            ],
            [
              3382400,
              1726350
            ],
            [
              3382425,
              1726350
            ],
            [
              3382425,
              1726375
            ],
            [
              3382425,
              1726400
            ],
            [
              3382450,
              1726400
            ],
            [
              3382450,
              1726425
            ],
            [
              3382475,
              1726425
            ],
            [
              3382475,
              1726450
            ],
            [
              3382500,
              1726450
            ],
            [
              3382500,
              1726475
            ],
            [
              3382525,
              1726475
            ],
            [
              3382525,
              1726500
            ],
            [
              3382550,
              1726500
            ],
            [
              3382575,
              1726500
            ],
            [
              3382575,
              1726525
            ],
            [
              3382575,
              1726550
            ],
            [
              3382575,
              1726575
            ],
            [
              3382575,
              1726600
            ],
            [
              3382575,
              1726625
            ],
            [
              3382575,
              1726650
            ],
            [
              3382575,
              1726675
            ],
            [
              3382575,
              1726700
            ],
            [
              3382575,
              1726725
            ],
            [
              3382575,
              1726750
            ],
            [
              3382575,
              1726775
            ],
            [
              3382600,
              1726775
            ],
            [
              3382600,
              1726800
            ],
            [
              3382600,
              1726825
            ],
            [
              3382600,
              1726850
            ],
            [
              3382575,
              1726850
            ],
            [
              3382575,
              1726875
            ],
            [
              3382575,
              1726900
            ],
            [
              3382575,
              1726925
            ],
            [
              3382550,
              1726925
            ],
            [
              3382550,
              1726950
            ],
            [
              3382550,
              1726975
            ],
            [
              3382550,
              1727000
            ],
            [
              3382550,
              1727025
            ],
            [
              3382550,
              1727050
            ],
            [
              3382550,
              1727075
            ],
            [
              3382550,
              1727100
            ],
            [
              3382550,
              1727125
            ],
            [
              3382550,
              1727150
            ],
            [
              3382550,
              1727175
            ],
            [
              3382575,
              1727175
            ],
            [
              3382575,
              1727200
            ],
            [
              3382600,
              1727200
            ],
            [
              3382600,
              1727225
            ],
            [
              3382600,
              1727250
            ],
            [
              3382600,
              1727275
            ],
            [
              3382600,
              1727300
            ],
            [
              3382600,
              1727325
            ],
            [
              3382600,
              1727350
            ],
            [
              3382600,
              1727375
            ],
            [
              3382625,
              1727375
            ],
            [
              3382625,
              1727400
            ],
            [
              3382625,
              1727425
            ],
            [
              3382625,
              1727450
            ],
            [
              3382625,
              1727475
            ],
            [
              3382600,
              1727475
            ],
            [
              3382575,
              1727475
            ],
            [
              3382550,
              1727475
            ],
            [
              3382525,
              1727475
            ],
            [
              3382500,
              1727475
            ],
            [
              3382475,
              1727475
            ],
            [
              3382450,
              1727475
            ],
            [
              3382425,
              1727475
            ],
            [
              3382400,
              1727475
            ],
            [
              3382375,
              1727475
            ],
            [
              3382350,
              1727475
            ],
            [
              3382325,
              1727475
            ],
            [
              3382300,
              1727475
            ],
            [
              3382275,
              1727475
            ],
            [
              3382250,
              1727475
            ],
            [
              3382225,
              1727475
            ],
            [
              3382200,
              1727475
            ],
            [
              3382175,
              1727475
            ],
            [
              3382150,
              1727475
            ],
            [
              3382125,
              1727475
            ],
            [
              3382100,
              1727475
            ],
            [
              3382075,
              1727475
            ],
            [
              3382050,
              1727475
            ],
            [
              3382025,
              1727475
            ],
            [
              3382000,
              1727475
            ],
            [
              3381975,
              1727475
            ],
            [
              3381950,
              1727475
            ],
            [
              3381925,
              1727475
            ],
            [
              3381900,
              1727475
            ],
            [
              3381875,
              1727475
            ],
            [
              3381850,
              1727475
            ],
            [
              3381825,
              1727475
            ],
            [
              3381800,
              1727475
            ],
            [
              3381775,
              1727475
            ],
            [
              3381750,
              1727475
            ],
            [
              3381725,
              1727475
            ],
            [
              3381700,
              1727475
            ],
            [
              3381675,
              1727475
            ],
            [
              3381650,
              1727475
            ],
            [
              3381625,
              1727475
            ],
            [
              3381600,
              1727475
            ],
            [
              3381575,
              1727475
            ],
            [
              3381550,
              1727475
            ],
            [
              3381525,
              1727475
            ],
            [
              3381500,
              1727475
            ],
            [
              3381475,
              1727475
            ],
            [
              3381450,
              1727475
            ],
            [
              3381425,
              1727475
            ],
            [
              3381400,
              1727475
            ],
            [
              3381375,
              1727475
            ],
            [
              3381350,
              1727475
            ],
            [
              3381325,
              1727475
            ],
            [
              3381300,
              1727475
            ],
            [
              3381275,
              1727475
            ],
            [
              3381250,
              1727475
            ],
            [
              3381225,
              1727475
            ],
            [
              3381200,
              1727475
            ],
            [
              3381175,
              1727475
            ],
            [
              3381150,
              1727475
            ],
            [
              3381125,
              1727475
            ],
            [
              3381100,
              1727475
            ],
            [
              3381075,
              1727475
            ],
            [
              3381050,
              1727475
            ],
            [
              3381025,
              1727475
            ],
            [
              3381000,
              1727475
            ],
            [
              3380975,
              1727475
            ],
            [
              3380950,
              1727475
            ],
            [
              3380925,
              1727475
            ],
            [
              3380900,
              1727475
            ],
            [
              3380875,
              1727475
            ],
            [
              3380850,
              1727475
            ],
            [
              3380825,
              1727475
            ],
            [
              3380800,
              1727475
            ],
            [
              3380775,
              1727475
            ],
            [
              3380750,
              1727475
            ],
            [
              3380725,
              1727475
            ],
            [
              3380700,
              1727475
            ],
            [
              3380675,
              1727475
            ],
            [
              3380650,
              1727475
            ],
            [
              3380625,
              1727475
            ],
            [
              3380600,
              1727475
            ],
            [
              3380575,
              1727475
            ],
            [
              3380550,
              1727475
            ],
            [
              3380525,
              1727475
            ],
            [
              3380500,
              1727475
            ],
            [
              3380475,
              1727475
            ],
            [
              3380450,
              1727475
            ],
            [
              3380425,
              1727475
            ],
            [
              3380400,
              1727475
            ],
            [
              3380375,
              1727475
            ],
            [
              3380350,
              1727475
            ],
            [
              3380325,
              1727475
            ],
            [
              3380300,
              1727475
            ],
            [
              3380275,
              1727475
            ],
            [
              3380250,
              1727475
            ],
            [
              3380225,
              1727475
            ],
            [
              3380200,
              1727475
            ],
            [
              3380175,
              1727475
            ],
            [
              3380150,
              1727475
            ],
            [
              3380125,
              1727475
            ],
            [
              3380100,
              1727475
            ],
            [
              3380075,
              1727475
            ],
            [
              3380050,
              1727475
            ],
            [
              3380025,
              1727475
            ],
            [
              3380000,
              1727475
            ],
            [
              3379975,
              1727475
            ],
            [
              3379950,
              1727475
            ],
            [
              3379925,
              1727475
            ],
            [
              3379900,
              1727475
            ],
            [
              3379875,
              1727475
            ],
            [
              3379850,
              1727475
            ],
            [
              3379825,
              1727475
            ],
            [
              3379800,
              1727475
            ],
            [
              3379775,
              1727475
            ],
            [
              3379750,
              1727475
            ],
            [
              3379725,
              1727475
            ],
            [
              3379700,
              1727475
            ],
            [
              3379675,
              1727475
            ],
            [
              3379650,
              1727475
            ],
            [
              3379625,
              1727475
            ],
            [
              3379600,
              1727475
            ],
            [
              3379575,
              1727475
            ],
            [
              3379550,
              1727475
            ],
            [
              3379525,
              1727475
            ],
            [
              3379500,
              1727475
            ],
            [
              3379475,
              1727475
            ],
            [
              3379450,
              1727475
            ],
            [
              3379425,
              1727475
            ],
            [
              3379400,
              1727475
            ],
            [
              3379375,
              1727475
            ],
            [
              3379350,
              1727475
            ],
            [
              3379325,
              1727475
            ],
            [
              3379300,
              1727475
            ],
            [
              3379275,
              1727475
            ],
            [
              3379250,
              1727475
            ],
            [
              3379225,
              1727475
            ],
            [
              3379200,
              1727475
            ],
            [
              3379175,
              1727475
            ],
            [
              3379150,
              1727475
            ],
            [
              3379125,
              1727475
            ],
            [
              3379100,
              1727475
            ],
            [
              3379075,
              1727475
            ],
            [
              3379050,
              1727475
            ],
            [
              3379025,
              1727475
            ],
            [
              3379000,
              1727475
            ],
            [
              3378975,
              1727475
            ],
            [
              3378950,
              1727475
            ],
            [
              3378925,
              1727475
            ],
            [
              3378900,
              1727475
            ],
            [
              3378875,
              1727475
            ],
            [
              3378850,
              1727475
            ],
            [
              3378825,
              1727475
            ],
            [
              3378800,
              1727475
            ],
            [
              3378775,
              1727475
            ],
            [
              3378750,
              1727475
            ],
            [
              3378725,
              1727475
            ],
            [
              3378700,
              1727475
            ],
            [
              3378675,
              1727475
            ],
            [
              3378650,
              1727475
            ],
            [
              3378625,
              1727475
            ],
            [
              3378600,
              1727475
            ],
            [
              3378575,
              1727475
            ],
            [
              3378550,
              1727475
            ],
            [
              3378525,
              1727475
            ],
            [
              3378500,
              1727475
            ],
            [
              3378475,
              1727475
            ],
            [
              3378450,
              1727475
            ],
            [
              3378425,
              1727475
            ],
            [
              3378400,
              1727475
            ],
            [
              3378375,
              1727475
            ],
            [
              3378350,
              1727475
            ],
            [
              3378325,
              1727475
            ],
            [
              3378300,
              1727475
            ],
            [
              3378275,
              1727475
            ],
            [
              3378250,
              1727475
            ],
            [
              3378225,
              1727475
            ],
            [
              3378200,
              1727475
            ],
            [
              3378175,
              1727475
            ],
            [
              3378150,
              1727475
            ],
            [
              3378125,
              1727475
            ],
            [
              3378100,
              1727475
            ],
            [
              3378075,
              1727475
            ],
            [
              3378050,
              1727475
            ],
            [
              3378025,
              1727475
            ],
            [
              3378000,
              1727475
            ],
            [
              3377975,
              1727475
            ],
            [
              3377950,
              1727475
            ],
            [
              3377925,
              1727475
            ],
            [
              3377900,
              1727475
            ],
            [
              3377875,
              1727475
            ],
            [
              3377850,
              1727475
            ],
            [
              3377825,
              1727475
            ],
            [
              3377800,
              1727475
            ],
            [
              3377775,
              1727475
            ],
            [
              3377750,
              1727475
            ],
            [
              3377725,
              1727475
            ],
            [
              3377700,
              1727475
            ],
            [
              3377675,
              1727475
            ],
            [
              3377650,
              1727475
            ],
            [
              3377625,
              1727475
            ],
            [
              3377600,
              1727475
            ],
            [
              3377575,
              1727475
            ],
            [
              3377550,
              1727475
            ],
            [
              3377525,
              1727475
            ],
            [
              3377500,
              1727475
            ],
            [
              3377475,
              1727475
            ],
            [
              3377450,
              1727475
            ],
            [
              3377425,
              1727475
            ],
            [
              3377400,
              1727475
            ],
            [
              3377375,
              1727475
            ],
            [
              3377350,
              1727475
            ],
            [
              3377325,
              1727475
            ],
            [
              3377300,
              1727475
            ],
            [
              3377275,
              1727475
            ],
            [
              3377250,
              1727475
            ],
            [
              3377225,
              1727475
            ],
            [
              3377200,
              1727475
            ],
            [
              3377175,
              1727475
            ],
            [
              3377150,
              1727475
            ],
            [
              3377125,
              1727475
            ],
            [
              3377100,
              1727475
            ],
            [
              3377075,
              1727475
            ],
            [
              3377050,
              1727475
            ],
            [
              3377025,
              1727475
            ],
            [
              3377000,
              1727475
            ],
            [
              3376975,
              1727475
            ],
            [
              3376950,
              1727475
            ],
            [
              3376925,
              1727475
            ],
            [
              3376900,
              1727475
            ],
            [
              3376875,
              1727475
            ],
            [
              3376850,
              1727475
            ],
            [
              3376825,
              1727475
            ],
            [
              3376800,
              1727475
            ],
            [
              3376775,
              1727475
            ],
            [
              3376750,
              1727475
            ],
            [
              3376725,
              1727475
            ],
            [
              3376700,
              1727475
            ],
            [
              3376675,
              1727475
            ],
            [
              3376650,
              1727475
            ],
            [
              3376625,
              1727475
            ],
            [
              3376600,
              1727475
            ],
            [
              3376575,
              1727475
            ],
            [
              3376550,
              1727475
            ],
            [
              3376525,
              1727475
            ],
            [
              3376500,
              1727475
            ],
            [
              3376475,
              1727475
            ],
            [
              3376450,
              1727475
            ],
            [
              3376425,
              1727475
            ],
            [
              3376400,
              1727475
            ],
            [
              3376375,
              1727475
            ],
            [
              3376350,
              1727475
            ],
            [
              3376325,
              1727475
            ],
            [
              3376300,
              1727475
            ],
            [
              3376275,
              1727475
            ],
            [
              3376250,
              1727475
            ],
            [
              3376225,
              1727475
            ],
            [
              3376200,
              1727475
            ],
            [
              3376175,
              1727475
            ],
            [
              3376150,
              1727475
            ],
            [
              3376125,
              1727475
            ],
            [
              3376100,
              1727475
            ],
            [
              3376075,
              1727475
            ],
            [
              3376050,
              1727475
            ],
            [
              3376025,
              1727475
            ],
            [
              3376000,
              1727475
            ],
            [
              3375975,
              1727475
            ],
            [
              3375950,
              1727475
            ],
            [
              3375925,
              1727475
            ],
            [
              3375900,
              1727475
            ],
            [
              3375875,
              1727475
            ],
            [
              3375850,
              1727475
            ],
            [
              3375825,
              1727475
            ],
            [
              3375800,
              1727475
            ],
            [
              3375775,
              1727475
            ],
            [
              3375750,
              1727475
            ],
            [
              3375725,
              1727475
            ],
            [
              3375700,
              1727475
            ],
            [
              3375675,
              1727475
            ],
            [
              3375650,
              1727475
            ],
            [
              3375625,
              1727475
            ],
            [
              3375600,
              1727475
            ],
            [
              3375575,
              1727475
            ],
            [
              3375550,
              1727475
            ],
            [
              3375525,
              1727475
            ],
            [
              3375500,
              1727475
            ],
            [
              3375475,
              1727475
            ],
            [
              3375450,
              1727475
            ],
            [
              3375425,
              1727475
            ],
            [
              3375400,
              1727475
            ],
            [
              3375375,
              1727475
            ],
            [
              3375350,
              1727475
            ],
            [
              3375325,
              1727475
            ],
            [
              3375300,
              1727475
            ],
            [
              3375275,
              1727475
            ],
            [
              3375250,
              1727475
            ],
            [
              3375225,
              1727475
            ],
            [
              3375200,
              1727475
            ],
            [
              3375175,
              1727475
            ],
            [
              3375150,
              1727475
            ],
            [
              3375125,
              1727475
            ],
            [
              3375100,
              1727475
            ],
            [
              3375075,
              1727475
            ],
            [
              3375050,
              1727475
            ],
            [
              3375025,
              1727475
            ],
            [
              3375000,
              1727475
            ],
            [
              3374975,
              1727475
            ],
            [
              3374950,
              1727475
            ],
            [
              3374925,
              1727475
            ],
            [
              3374900,
              1727475
            ],
            [
              3374875,
              1727475
            ],
            [
              3374850,
              1727475
            ],
            [
              3374825,
              1727475
            ],
            [
              3374800,
              1727475
            ],
            [
              3374775,
              1727475
            ],
            [
              3374750,
              1727475
            ],
            [
              3374725,
              1727475
            ],
            [
              3374700,
              1727475
            ],
            [
              3374675,
              1727475
            ],
            [
              3374650,
              1727475
            ],
            [
              3374625,
              1727475
            ],
            [
              3374600,
              1727475
            ],
            [
              3374575,
              1727475
            ],
            [
              3374550,
              1727475
            ],
            [
              3374525,
              1727475
            ],
            [
              3374500,
              1727475
            ],
            [
              3374475,
              1727475
            ],
            [
              3374450,
              1727475
            ],
            [
              3374425,
              1727475
            ],
            [
              3374400,
              1727475
            ],
            [
              3374375,
              1727475
            ],
            [
              3374350,
              1727475
            ],
            [
              3374325,
              1727475
            ],
            [
              3374300,
              1727475
            ],
            [
              3374275,
              1727475
            ],
            [
              3374250,
              1727475
            ],
            [
              3374225,
              1727475
            ],
            [
              3374200,
              1727475
            ],
            [
              3374175,
              1727475
            ],
            [
              3374150,
              1727475
            ],
            [
              3374125,
              1727475
            ],
            [
              3374100,
              1727475
            ],
            [
              3374075,
              1727475
            ],
            [
              3374050,
              1727475
            ],
            [
              3374025,
              1727475
            ],
            [
              3374000,
              1727475
            ],
            [
              3373975,
              1727475
            ],
            [
              3373950,
              1727475
            ],
            [
              3373925,
              1727475
            ],
            [
              3373900,
              1727475
            ],
            [
              3373875,
              1727475
            ],
            [
              3373850,
              1727475
            ],
            [
              3373825,
              1727475
            ],
            [
              3373800,
              1727475
            ],
            [
              3373775,
              1727475
            ],
            [
              3373750,
              1727475
            ],
            [
              3373725,
              1727475
            ],
            [
              3373700,
              1727475
            ],
            [
              3373675,
              1727475
            ],
            [
              3373650,
              1727475
            ],
            [
              3373625,
              1727475
            ],
            [
              3373600,
              1727475
            ],
            [
              3373575,
              1727475
            ],
            [
              3373550,
              1727475
            ],
            [
              3373525,
              1727475
            ],
            [
              3373500,
              1727475
            ],
            [
              3373475,
              1727475
            ],
            [
              3373450,
              1727475
            ],
            [
              3373425,
              1727475
            ],
            [
              3373400,
              1727475
            ],
            [
              3373375,
              1727475
            ],
            [
              3373350,
              1727475
            ],
            [
              3373325,
              1727475
            ],
            [
              3373300,
              1727475
            ],
            [
              3373300,
              1727450
            ],
            [
              3373300,
              1727425
            ],
            [
              3373300,
              1727400
            ],
            [
              3373300,
              1727375
            ],
            [
              3373300,
              1727350
            ],
            [
              3373300,
              1727325
            ],
            [
              3373300,
              1727300
            ],
            [
              3373300,
              1727275
            ],
            [
              3373300,
              1727250
            ],
            [
              3373300,
              1727225
            ],
            [
              3373300,
              1727200
            ],
            [
              3373300,
              1727175
            ],
            [
              3373300,
              1727150
            ],
            [
              3373300,
              1727125
            ],
            [
              3373300,
              1727100
            ],
            [
              3373300,
              1727075
            ],
            [
              3373300,
              1727050
            ],
            [
              3373300,
              1727025
            ],
            [
              3373300,
              1727000
            ],
            [
              3373300,
              1726975
            ],
            [
              3373300,
              1726950
            ],
            [
              3373300,
              1726925
            ],
            [
              3373300,
              1726900
            ],
            [
              3373300,
              1726875
            ],
            [
              3373300,
              1726850
            ],
            [
              3373300,
              1726825
            ],
            [
              3373300,
              1726800
            ],
            [
              3373300,
              1726775
            ],
            [
              3373300,
              1726750
            ],
            [
              3373300,
              1726725
            ],
            [
              3373300,
              1726700
            ],
            [
              3373300,
              1726675
            ],
            [
              3373300,
              1726650
            ],
            [
              3373300,
              1726625
            ],
            [
              3373300,
              1726600
            ],
            [
              3373300,
              1726575
            ],
            [
              3373300,
              1726550
            ],
            [
              3373300,
              1726525
            ],
            [
              3373300,
              1726500
            ],
            [
              3373300,
              1726475
            ],
            [
              3373300,
              1726450
            ],
            [
              3373300,
              1726425
            ],
            [
              3373300,
              1726400
            ],
            [
              3373300,
              1726375
            ],
            [
              3373300,
              1726350
            ],
            [
              3373300,
              1726325
            ],
            [
              3373300,
              1726300
            ],
            [
              3373300,
              1726275
            ],
            [
              3373300,
              1726250
            ],
            [
              3373300,
              1726225
            ],
            [
              3373300,
              1726200
            ],
            [
              3373300,
              1726175
            ],
            [
              3373300,
              1726150
            ],
            [
              3373300,
              1726125
            ],
            [
              3373300,
              1726100
            ],
            [
              3373300,
              1726075
            ],
            [
              3373300,
              1726050
            ],
            [
              3373300,
              1726025
            ],
            [
              3373300,
              1726000
            ],
            [
              3373300,
              1725975
            ],
            [
              3373300,
              1725950
            ],
            [
              3373300,
              1725925
            ],
            [
              3373300,
              1725900
            ],
            [
              3373300,
              1725875
            ],
            [
              3373300,
              1725850
            ],
            [
              3373300,
              1725825
            ],
            [
              3373300,
              1725800
            ],
            [
              3373300,
              1725775
            ],
            [
              3373300,
              1725750
            ],
            [
              3373300,
              1725725
            ],
            [
              3373300,
              1725700
            ],
            [
              3373300,
              1725675
            ],
            [
              3373300,
              1725650
            ],
            [
              3373300,
              1725625
            ],
            [
              3373300,
              1725600
            ],
            [
              3373300,
              1725575
            ],
            [
              3373300,
              1725550
            ],
            [
              3373300,
              1725525
            ],
            [
              3373300,
              1725500
            ],
            [
              3373300,
              1725475
            ],
            [
              3373300,
              1725450
            ],
            [
              3373300,
              1725425
            ],
            [
              3373300,
              1725400
            ],
            [
              3373300,
              1725375
            ],
            [
              3373300,
              1725350
            ],
            [
              3373300,
              1725325
            ],
            [
              3373300,
              1725300
            ],
            [
              3373300,
              1725275
            ],
            [
              3373300,
              1725250
            ],
            [
              3373300,
              1725225
            ],
            [
              3373300,
              1725200
            ],
            [
              3373300,
              1725175
            ],
            [
              3373300,
              1725150
            ],
            [
              3373300,
              1725125
            ],
            [
              3373300,
              1725100
            ],
            [
              3373300,
              1725075
            ],
            [
              3373300,
              1725050
            ],
            [
              3373300,
              1725025
            ],
            [
              3373300,
              1725000
            ],
            [
              3373300,
              1724975
            ],
            [
              3373300,
              1724950
            ],
            [
              3373300,
              1724925
            ],
            [
              3373300,
              1724900
            ],
            [
              3373300,
              1724875
            ],
            [
              3373300,
              1724850
            ],
            [
              3373300,
              1724825
            ],
            [
              3373300,
              1724800
            ],
            [
              3373300,
              1724775
            ],
            [
              3373300,
              1724750
            ],
            [
              3373300,
              1724725
            ],
            [
              3373300,
              1724700
            ],
            [
              3373300,
              1724675
            ],
            [
              3373300,
              1724650
            ],
            [
              3373300,
              1724625
            ],
            [
              3373300,
              1724600
            ],
            [
              3373300,
              1724575
            ],
            [
              3373300,
              1724550
            ],
            [
              3373300,
              1724525
            ],
            [
              3373300,
              1724500
            ],
            [
              3373300,
              1724475
            ],
            [
              3373300,
              1724450
            ],
            [
              3373300,
              1724425
            ],
            [
              3373300,
              1724400
            ],
            [
              3373300,
              1724375
            ],
            [
              3373300,
              1724350
            ],
            [
              3373300,
              1724325
            ],
            [
              3373300,
              1724300
            ],
            [
              3373300,
              1724275
            ],
            [
              3373300,
              1724250
            ],
            [
              3373300,
              1724225
            ],
            [
              3373300,
              1724200
            ],
            [
              3373300,
              1724175
            ],
            [
              3373300,
              1724150
            ],
            [
              3373300,
              1724125
            ],
            [
              3373300,
              1724100
            ],
            [
              3373300,
              1724075
            ],
            [
              3373300,
              1724050
            ],
            [
              3373300,
              1724025
            ],
            [
              3373300,
              1724000
            ],
            [
              3373300,
              1723975
            ],
            [
              3373300,
              1723950
            ],
            [
              3373300,
              1723925
            ],
            [
              3373300,
              1723900
            ],
            [
              3373300,
              1723875
            ],
            [
              3373300,
              1723850
            ],
            [
              3373300,
              1723825
            ],
            [
              3373300,
              1723800
            ],
            [
              3373300,
              1723775
            ],
            [
              3373300,
              1723750
            ],
            [
              3373300,
              1723725
            ],
            [
              3373300,
              1723700
            ],
            [
              3373300,
              1723675
            ],
            [
              3373300,
              1723650
            ],
            [
              3373300,
              1723625
            ],
            [
              3373300,
              1723600
            ],
            [
              3373300,
              1723575
            ],
            [
              3373300,
              1723550
            ],
            [
              3373300,
              1723525
            ],
            [
              3373300,
              1723500
            ],
            [
              3373300,
              1723475
            ],
            [
              3373300,
              1723450
            ],
            [
              3373300,
              1723425
            ],
            [
              3373300,
              1723400
            ],
            [
              3373300,
              1723375
            ],
            [
              3373300,
              1723350
            ],
            [
              3373300,
              1723325
            ],
            [
              3373300,
              1723300
            ],
            [
              3373300,
              1723275
            ],
            [
              3373300,
              1723250
            ],
            [
              3373300,
              1723225
            ],
            [
              3373300,
              1723200
            ],
            [
              3373300,
              1723175
            ],
            [
              3373300,
              1723150
            ],
            [
              3373300,
              1723125
            ],
            [
              3373300,
              1723100
            ],
            [
              3373300,
              1723075
            ],
            [
              3373300,
              1723050
            ],
            [
              3373300,
              1723025
            ],
            [
              3373300,
              1723000
            ],
            [
              3373300,
              1722975
            ],
            [
              3373300,
              1722950
            ],
            [
              3373300,
              1722925
            ],
            [
              3373300,
              1722900
            ],
            [
              3373300,
              1722875
            ],
            [
              3373300,
              1722850
            ],
            [
              3373300,
              1722825
            ],
            [
              3373300,
              1722800
            ],
            [
              3373300,
              1722775
            ],
            [
              3373300,
              1722750
            ],
            [
              3373300,
              1722725
            ],
            [
              3373300,
              1722700
            ],
            [
              3373300,
              1722675
            ],
            [
              3373300,
              1722650
            ],
            [
              3373300,
              1722625
            ],
            [
              3373300,
              1722600
            ],
            [
              3373300,
              1722575
            ],
            [
              3373300,
              1722550
            ],
            [
              3373300,
              1722525
            ],
            [
              3373300,
              1722500
            ],
            [
              3373300,
              1722475
            ],
            [
              3373300,
              1722450
            ],
            [
              3373300,
              1722425
            ],
            [
              3373300,
              1722400
            ],
            [
              3373300,
              1722375
            ],
            [
              3373300,
              1722350
            ],
            [
              3373300,
              1722325
            ],
            [
              3373300,
              1722300
            ],
            [
              3373300,
              1722275
            ],
            [
              3373300,
              1722250
            ],
            [
              3373300,
              1722225
            ],
            [
              3373300,
              1722200
            ],
            [
              3373300,
              1722175
            ],
            [
              3373300,
              1722150
            ],
            [
              3373300,
              1722125
            ],
            [
              3373300,
              1722100
            ],
            [
              3373300,
              1722075
            ],
            [
              3373300,
              1722050
            ],
            [
              3373300,
              1722025
            ],
            [
              3373300,
              1722000
            ],
            [
              3373300,
              1721975
            ],
            [
              3373300,
              1721950
            ],
            [
              3373300,
              1721925
            ],
            [
              3373300,
              1721900
            ],
            [
              3373300,
              1721875
            ],
            [
              3373300,
              1721850
            ],
            [
              3373300,
              1721825
            ],
            [
              3373300,
              1721800
            ],
            [
              3373300,
              1721775
            ],
            [
              3373300,
              1721750
            ],
            [
              3373300,
              1721725
            ],
            [
              3373300,
              1721700
            ],
            [
              3373300,
              1721675
            ],
            [
              3373300,
              1721650
            ],
            [
              3373300,
              1721625
            ],
            [
              3373300,
              1721600
            ],
            [
              3373300,
              1721575
            ],
            [
              3373300,
              1721550
            ],
            [
              3373300,
              1721525
            ],
            [
              3373300,
              1721500
            ],
            [
              3373300,
              1721475
            ],
            [
              3373300,
              1721450
            ],
            [
              3373300,
              1721425
            ],
            [
              3373300,
              1721400
            ],
            [
              3373300,
              1721375
            ],
            [
              3373300,
              1721350
            ],
            [
              3373300,
              1721325
            ],
            [
              3373300,
              1721300
            ],
            [
              3373300,
              1721275
            ],
            [
              3373300,
              1721250
            ],
            [
              3373300,
              1721225
            ],
            [
              3373300,
              1721200
            ],
            [
              3373300,
              1721175
            ],
            [
              3373300,
              1721150
            ],
            [
              3373300,
              1721125
            ],
            [
              3373300,
              1721100
            ],
            [
              3373300,
              1721075
            ],
            [
              3373300,
              1721050
            ],
            [
              3373300,
              1721025
            ],
            [
              3373300,
              1721000
            ],
            [
              3373300,
              1720975
            ],
            [
              3373300,
              1720950
            ],
            [
              3373300,
              1720925
            ],
            [
              3373300,
              1720900
            ],
            [
              3373300,
              1720875
            ],
            [
              3373300,
              1720850
            ],
            [
              3373300,
              1720825
            ],
            [
              3373300,
              1720800
            ],
            [
              3373300,
              1720775
            ],
            [
              3373300,
              1720750
            ],
            [
              3373300,
              1720725
            ],
            [
              3373300,
              1720700
            ],
            [
              3373300,
              1720675
            ],
            [
              3373300,
              1720650
            ],
            [
              3373300,
              1720625
            ],
            [
              3373300,
              1720600
            ],
            [
              3373300,
              1720575
            ],
            [
              3373300,
              1720550
            ],
            [
              3373300,
              1720525
            ],
            [
              3373300,
              1720500
            ],
            [
              3373300,
              1720475
            ],
            [
              3373300,
              1720450
            ],
            [
              3373300,
              1720425
            ],
            [
              3373300,
              1720400
            ],
            [
              3373300,
              1720375
            ],
            [
              3373300,
              1720350
            ],
            [
              3373300,
              1720325
            ],
            [
              3373300,
              1720300
            ],
            [
              3373300,
              1720275
            ],
            [
              3373300,
              1720250
            ],
            [
              3373300,
              1720225
            ],
            [
              3373300,
              1720200
            ],
            [
              3373300,
              1720175
            ],
            [
              3373300,
              1720150
            ],
            [
              3373300,
              1720125
            ],
            [
              3373300,
              1720100
            ],
            [
              3373300,
              1720075
            ],
            [
              3373300,
              1720050
            ],
            [
              3373300,
              1720025
            ],
            [
              3373300,
              1720000
            ],
            [
              3373300,
              1719975
            ],
            [
              3373300,
              1719950
            ],
            [
              3373300,
              1719925
            ],
            [
              3373300,
              1719900
            ],
            [
              3373300,
              1719875
            ],
            [
              3373300,
              1719850
            ],
            [
              3373300,
              1719825
            ],
            [
              3373300,
              1719800
            ],
            [
              3373300,
              1719775
            ],
            [
              3373300,
              1719750
            ],
            [
              3373300,
              1719725
            ],
            [
              3373300,
              1719700
            ],
            [
              3373300,
              1719675
            ],
            [
              3373300,
              1719650
            ],
            [
              3373300,
              1719625
            ],
            [
              3373300,
              1719600
            ],
            [
              3373300,
              1719575
            ],
            [
              3373300,
              1719550
            ],
            [
              3373300,
              1719525
            ],
            [
              3373300,
              1719500
            ],
            [
              3373300,
              1719475
            ],
            [
              3373300,
              1719450
            ],
            [
              3373300,
              1719425
            ],
            [
              3373300,
              1719400
            ],
            [
              3373300,
              1719375
            ],
            [
              3373300,
              1719350
            ],
            [
              3373300,
              1719325
            ],
            [
              3373300,
              1719300
            ],
            [
              3373300,
              1719275
            ],
            [
              3373300,
              1719250
            ],
            [
              3373300,
              1719225
            ],
            [
              3373300,
              1719200
            ],
            [
              3373300,
              1719175
            ],
            [
              3373300,
              1719150
            ],
            [
              3373300,
              1719125
            ],
            [
              3373300,
              1719100
            ],
            [
              3373300,
              1719075
            ],
            [
              3373300,
              1719050
            ],
            [
              3373300,
              1719025
            ],
            [
              3373300,
              1719000
            ],
            [
              3373300,
              1718975
            ],
            [
              3373300,
              1718950
            ],
            [
              3373300,
              1718925
            ],
            [
              3373300,
              1718900
            ],
            [
              3373300,
              1718875
            ],
            [
              3373300,
              1718850
            ],
            [
              3373300,
              1718825
            ],
            [
              3373300,
              1718800
            ],
            [
              3373300,
              1718775
            ],
            [
              3373300,
              1718750
            ],
            [
              3373300,
              1718725
            ],
            [
              3373300,
              1718700
            ],
            [
              3373300,
              1718675
            ],
            [
              3373300,
              1718650
            ],
            [
              3373300,
              1718625
            ],
            [
              3373300,
              1718600
            ],
            [
              3373300,
              1718575
            ],
            [
              3373300,
              1718550
            ],
            [
              3373300,
              1718525
            ],
            [
              3373300,
              1718500
            ],
            [
              3373300,
              1718475
            ],
            [
              3373300,
              1718450
            ],
            [
              3373300,
              1718425
            ],
            [
              3373300,
              1718400
            ],
            [
              3373300,
              1718375
            ],
            [
              3373300,
              1718350
            ],
            [
              3373300,
              1718325
            ],
            [
              3373300,
              1718300
            ],
            [
              3373300,
              1718275
            ],
            [
              3373300,
              1718250
            ],
            [
              3373300,
              1718225
            ],
            [
              3373300,
              1718200
            ],
            [
              3373300,
              1718175
            ],
            [
              3373300,
              1718150
            ],
            [
              3373300,
              1718125
            ],
            [
              3373300,
              1718100
            ],
            [
              3373300,
              1718075
            ],
            [
              3373300,
              1718050
            ],
            [
              3373300,
              1718025
            ],
            [
              3373300,
              1718000
            ],
            [
              3373300,
              1717975
            ],
            [
              3373300,
              1717950
            ],
            [
              3373300,
              1717925
            ],
            [
              3373300,
              1717900
            ],
            [
              3373300,
              1717875
            ],
            [
              3373300,
              1717850
            ],
            [
              3373300,
              1717825
            ],
            [
              3373300,
              1717800
            ],
            [
              3373300,
              1717775
            ],
            [
              3373300,
              1717750
            ],
            [
              3373300,
              1717725
            ],
            [
              3373300,
              1717700
            ],
            [
              3373300,
              1717675
            ],
            [
              3373300,
              1717650
            ],
            [
              3373300,
              1717625
            ],
            [
              3373300,
              1717600
            ],
            [
              3373300,
              1717575
            ],
            [
              3373300,
              1717550
            ],
            [
              3373300,
              1717525
            ],
            [
              3373300,
              1717500
            ],
            [
              3373300,
              1717475
            ],
            [
              3373300,
              1717450
            ],
            [
              3373300,
              1717425
            ],
            [
              3373300,
              1717400
            ],
            [
              3373300,
              1717375
            ],
            [
              3373300,
              1717350
            ],
            [
              3373300,
              1717325
            ],
            [
              3373300,
              1717300
            ],
            [
              3373300,
              1717275
            ],
            [
              3373300,
              1717250
            ],
            [
              3373300,
              1717225
            ],
            [
              3373300,
              1717200
            ],
            [
              3373300,
              1717175
            ],
            [
              3373300,
              1717150
            ],
            [
              3373300,
              1717125
            ],
            [
              3373300,
              1717100
            ],
            [
              3373300,
              1717075
            ],
            [
              3373300,
              1717050
            ],
            [
              3373300,
              1717025
            ],
            [
              3373300,
              1717000
            ],
            [
              3373300,
              1716975
            ],
            [
              3373300,
              1716950
            ],
            [
              3373300,
              1716925
            ],
            [
              3373300,
              1716900
            ],
            [
              3373300,
              1716875
            ],
            [
              3373300,
              1716850
            ],
            [
              3373300,
              1716825
            ],
            [
              3373300,
              1716800
            ],
            [
              3373300,
              1716775
            ],
            [
              3373300,
              1716750
            ],
            [
              3373300,
              1716725
            ]
          ]
        ]
      }
    },
    {
      "type": "Feature",
      "id": "land-1",
      "properties": {
        "settlementId": "es-torrevieja",
        "kind": "land",
        "clippedByCoverage": false,
        "boundarySourceViewportIds": [
          "tv-epsg3035-25-w134932-s68669-c376-r430"
        ]
      },
      "geometry": {
        "type": "Polygon",
        "coordinates": [
          [
            [
              3378100,
              1720525
            ],
            [
              3378125,
              1720525
            ],
            [
              3378125,
              1720550
            ],
            [
              3378100,
              1720550
            ],
            [
              3378100,
              1720525
            ]
          ]
        ]
      }
    },
    {
      "type": "Feature",
      "id": "land-2",
      "properties": {
        "settlementId": "es-torrevieja",
        "kind": "land",
        "clippedByCoverage": false,
        "boundarySourceViewportIds": [
          "tv-epsg3035-25-w134932-s68669-c376-r430"
        ]
      },
      "geometry": {
        "type": "Polygon",
        "coordinates": [
          [
            [
              3378150,
              1720450
            ],
            [
              3378175,
              1720450
            ],
            [
              3378175,
              1720475
            ],
            [
              3378150,
              1720475
            ],
            [
              3378150,
              1720450
            ]
          ]
        ]
      }
    },
    {
      "type": "Feature",
      "id": "land-3",
      "properties": {
        "settlementId": "es-torrevieja",
        "kind": "land",
        "clippedByCoverage": false,
        "boundarySourceViewportIds": [
          "tv-epsg3035-25-w134932-s68669-c376-r430"
        ]
      },
      "geometry": {
        "type": "Polygon",
        "coordinates": [
          [
            [
              3378225,
              1720350
            ],
            [
              3378250,
              1720350
            ],
            [
              3378250,
              1720325
            ],
            [
              3378275,
              1720325
            ],
            [
              3378275,
              1720300
            ],
            [
              3378300,
              1720300
            ],
            [
              3378300,
              1720275
            ],
            [
              3378325,
              1720275
            ],
            [
              3378325,
              1720250
            ],
            [
              3378325,
              1720225
            ],
            [
              3378350,
              1720225
            ],
            [
              3378350,
              1720200
            ],
            [
              3378375,
              1720200
            ],
            [
              3378375,
              1720175
            ],
            [
              3378400,
              1720175
            ],
            [
              3378400,
              1720150
            ],
            [
              3378400,
              1720125
            ],
            [
              3378425,
              1720125
            ],
            [
              3378450,
              1720125
            ],
            [
              3378450,
              1720150
            ],
            [
              3378450,
              1720175
            ],
            [
              3378450,
              1720200
            ],
            [
              3378425,
              1720200
            ],
            [
              3378425,
              1720225
            ],
            [
              3378400,
              1720225
            ],
            [
              3378400,
              1720250
            ],
            [
              3378375,
              1720250
            ],
            [
              3378375,
              1720275
            ],
            [
              3378350,
              1720275
            ],
            [
              3378350,
              1720300
            ],
            [
              3378325,
              1720300
            ],
            [
              3378325,
              1720325
            ],
            [
              3378300,
              1720325
            ],
            [
              3378300,
              1720350
            ],
            [
              3378300,
              1720375
            ],
            [
              3378300,
              1720400
            ],
            [
              3378275,
              1720400
            ],
            [
              3378250,
              1720400
            ],
            [
              3378225,
              1720400
            ],
            [
              3378225,
              1720375
            ],
            [
              3378225,
              1720350
            ]
          ]
        ]
      }
    },
    {
      "type": "Feature",
      "id": "land-4",
      "properties": {
        "settlementId": "es-torrevieja",
        "kind": "land",
        "clippedByCoverage": false,
        "boundarySourceViewportIds": [
          "tv-epsg3035-25-w134932-s68669-c376-r430"
        ]
      },
      "geometry": {
        "type": "Polygon",
        "coordinates": [
          [
            [
              3378525,
              1719850
            ],
            [
              3378550,
              1719850
            ],
            [
              3378550,
              1719825
            ],
            [
              3378575,
              1719825
            ],
            [
              3378575,
              1719850
            ],
            [
              3378575,
              1719875
            ],
            [
              3378600,
              1719875
            ],
            [
              3378625,
              1719875
            ],
            [
              3378625,
              1719900
            ],
            [
              3378650,
              1719900
            ],
            [
              3378650,
              1719925
            ],
            [
              3378675,
              1719925
            ],
            [
              3378700,
              1719925
            ],
            [
              3378700,
              1719950
            ],
            [
              3378725,
              1719950
            ],
            [
              3378725,
              1719975
            ],
            [
              3378700,
              1719975
            ],
            [
              3378675,
              1719975
            ],
            [
              3378675,
              1719950
            ],
            [
              3378650,
              1719950
            ],
            [
              3378625,
              1719950
            ],
            [
              3378625,
              1719925
            ],
            [
              3378600,
              1719925
            ],
            [
              3378575,
              1719925
            ],
            [
              3378575,
              1719900
            ],
            [
              3378550,
              1719900
            ],
            [
              3378550,
              1719875
            ],
            [
              3378525,
              1719875
            ],
            [
              3378525,
              1719850
            ]
          ]
        ]
      }
    },
    {
      "type": "Feature",
      "id": "land-5",
      "properties": {
        "settlementId": "es-torrevieja",
        "kind": "land",
        "clippedByCoverage": false,
        "boundarySourceViewportIds": [
          "tv-epsg3035-25-w134932-s68669-c376-r430"
        ]
      },
      "geometry": {
        "type": "Polygon",
        "coordinates": [
          [
            [
              3378725,
              1719975
            ],
            [
              3378750,
              1719975
            ],
            [
              3378775,
              1719975
            ],
            [
              3378775,
              1720000
            ],
            [
              3378750,
              1720000
            ],
            [
              3378725,
              1720000
            ],
            [
              3378725,
              1719975
            ]
          ]
        ]
      }
    },
    {
      "type": "Feature",
      "id": "land-6",
      "properties": {
        "settlementId": "es-torrevieja",
        "kind": "land",
        "clippedByCoverage": false,
        "boundarySourceViewportIds": [
          "tv-epsg3035-25-w134932-s68669-c376-r430"
        ]
      },
      "geometry": {
        "type": "Polygon",
        "coordinates": [
          [
            [
              3378775,
              1720000
            ],
            [
              3378800,
              1720000
            ],
            [
              3378825,
              1720000
            ],
            [
              3378850,
              1720000
            ],
            [
              3378875,
              1720000
            ],
            [
              3378875,
              1720025
            ],
            [
              3378875,
              1720050
            ],
            [
              3378850,
              1720050
            ],
            [
              3378825,
              1720050
            ],
            [
              3378800,
              1720050
            ],
            [
              3378800,
              1720025
            ],
            [
              3378775,
              1720025
            ],
            [
              3378775,
              1720000
            ]
          ]
        ]
      }
    },
    {
      "type": "Feature",
      "id": "land-7",
      "properties": {
        "settlementId": "es-torrevieja",
        "kind": "land",
        "clippedByCoverage": false,
        "boundarySourceViewportIds": [
          "tv-epsg3035-25-w134932-s68669-c376-r430"
        ]
      },
      "geometry": {
        "type": "Polygon",
        "coordinates": [
          [
            [
              3378875,
              1720050
            ],
            [
              3378900,
              1720050
            ],
            [
              3378925,
              1720050
            ],
            [
              3378925,
              1720075
            ],
            [
              3378950,
              1720075
            ],
            [
              3378975,
              1720075
            ],
            [
              3379000,
              1720075
            ],
            [
              3379000,
              1720100
            ],
            [
              3379000,
              1720125
            ],
            [
              3378975,
              1720125
            ],
            [
              3378950,
              1720125
            ],
            [
              3378925,
              1720125
            ],
            [
              3378925,
              1720100
            ],
            [
              3378900,
              1720100
            ],
            [
              3378900,
              1720075
            ],
            [
              3378875,
              1720075
            ],
            [
              3378875,
              1720050
            ]
          ]
        ]
      }
    },
    {
      "type": "Feature",
      "id": "land-8",
      "properties": {
        "settlementId": "es-torrevieja",
        "kind": "land",
        "clippedByCoverage": false,
        "boundarySourceViewportIds": [
          "tv-epsg3035-25-w134932-s68669-c376-r430"
        ]
      },
      "geometry": {
        "type": "Polygon",
        "coordinates": [
          [
            [
              3379000,
              1720125
            ],
            [
              3379025,
              1720125
            ],
            [
              3379050,
              1720125
            ],
            [
              3379050,
              1720150
            ],
            [
              3379075,
              1720150
            ],
            [
              3379075,
              1720175
            ],
            [
              3379050,
              1720175
            ],
            [
              3379025,
              1720175
            ],
            [
              3379025,
              1720150
            ],
            [
              3379000,
              1720150
            ],
            [
              3379000,
              1720125
            ]
          ]
        ]
      }
    },
    {
      "type": "Feature",
      "id": "land-9",
      "properties": {
        "settlementId": "es-torrevieja",
        "kind": "land",
        "clippedByCoverage": false,
        "boundarySourceViewportIds": [
          "tv-epsg3035-25-w134932-s68669-c376-r430"
        ]
      },
      "geometry": {
        "type": "Polygon",
        "coordinates": [
          [
            [
              3379075,
              1720175
            ],
            [
              3379100,
              1720175
            ],
            [
              3379125,
              1720175
            ],
            [
              3379125,
              1720200
            ],
            [
              3379100,
              1720200
            ],
            [
              3379075,
              1720200
            ],
            [
              3379075,
              1720175
            ]
          ]
        ]
      }
    },
    {
      "type": "Feature",
      "id": "land-10",
      "properties": {
        "settlementId": "es-torrevieja",
        "kind": "land",
        "clippedByCoverage": false,
        "boundarySourceViewportIds": [
          "tv-epsg3035-25-w134932-s68669-c376-r430"
        ]
      },
      "geometry": {
        "type": "Polygon",
        "coordinates": [
          [
            [
              3379125,
              1720200
            ],
            [
              3379150,
              1720200
            ],
            [
              3379150,
              1720225
            ],
            [
              3379125,
              1720225
            ],
            [
              3379125,
              1720200
            ]
          ]
        ]
      }
    },
    {
      "type": "Feature",
      "id": "land-11",
      "properties": {
        "settlementId": "es-torrevieja",
        "kind": "land",
        "clippedByCoverage": false,
        "boundarySourceViewportIds": [
          "tv-epsg3035-25-w134932-s68669-c376-r430"
        ]
      },
      "geometry": {
        "type": "Polygon",
        "coordinates": [
          [
            [
              3379200,
              1720350
            ],
            [
              3379225,
              1720350
            ],
            [
              3379225,
              1720375
            ],
            [
              3379200,
              1720375
            ],
            [
              3379200,
              1720350
            ]
          ]
        ]
      }
    },
    {
      "type": "Feature",
      "id": "land-12",
      "properties": {
        "settlementId": "es-torrevieja",
        "kind": "land",
        "clippedByCoverage": false,
        "boundarySourceViewportIds": [
          "tv-epsg3035-25-w134932-s68669-c376-r430"
        ]
      },
      "geometry": {
        "type": "Polygon",
        "coordinates": [
          [
            [
              3379250,
              1720425
            ],
            [
              3379275,
              1720425
            ],
            [
              3379275,
              1720450
            ],
            [
              3379250,
              1720450
            ],
            [
              3379250,
              1720425
            ]
          ]
        ]
      }
    },
    {
      "type": "Feature",
      "id": "coastline",
      "properties": {
        "settlementId": "es-torrevieja",
        "kind": "coastline",
        "clippedByCoverage": false,
        "boundarySourceViewportIds": [
          "tv-epsg3035-25-w134932-s68669-c376-r430"
        ]
      },
      "geometry": {
        "type": "MultiLineString",
        "coordinates": [
          [
            [
              3375225,
              1716725
            ],
            [
              3375225,
              1716750
            ]
          ],
          [
            [
              3375225,
              1716750
            ],
            [
              3375250,
              1716750
            ]
          ],
          [
            [
              3375250,
              1716750
            ],
            [
              3375250,
              1716775
            ]
          ],
          [
            [
              3375250,
              1716775
            ],
            [
              3375275,
              1716775
            ]
          ],
          [
            [
              3375275,
              1716775
            ],
            [
              3375275,
              1716800
            ]
          ],
          [
            [
              3375275,
              1716800
            ],
            [
              3375275,
              1716825
            ]
          ],
          [
            [
              3375275,
              1716825
            ],
            [
              3375275,
              1716850
            ]
          ],
          [
            [
              3375275,
              1716850
            ],
            [
              3375300,
              1716850
            ]
          ],
          [
            [
              3375300,
              1716850
            ],
            [
              3375300,
              1716875
            ]
          ],
          [
            [
              3375300,
              1716875
            ],
            [
              3375300,
              1716900
            ]
          ],
          [
            [
              3375300,
              1716900
            ],
            [
              3375325,
              1716900
            ]
          ],
          [
            [
              3375325,
              1716900
            ],
            [
              3375325,
              1716925
            ]
          ],
          [
            [
              3375325,
              1716925
            ],
            [
              3375325,
              1716950
            ]
          ],
          [
            [
              3375325,
              1716950
            ],
            [
              3375350,
              1716950
            ]
          ],
          [
            [
              3375350,
              1716950
            ],
            [
              3375350,
              1716975
            ]
          ],
          [
            [
              3375350,
              1716975
            ],
            [
              3375350,
              1717000
            ]
          ],
          [
            [
              3375350,
              1717000
            ],
            [
              3375350,
              1717025
            ]
          ],
          [
            [
              3375350,
              1717025
            ],
            [
              3375350,
              1717050
            ]
          ],
          [
            [
              3375350,
              1717050
            ],
            [
              3375350,
              1717075
            ]
          ],
          [
            [
              3375350,
              1717075
            ],
            [
              3375375,
              1717075
            ]
          ],
          [
            [
              3375375,
              1717075
            ],
            [
              3375375,
              1717100
            ]
          ],
          [
            [
              3375375,
              1717100
            ],
            [
              3375375,
              1717125
            ]
          ],
          [
            [
              3375375,
              1717125
            ],
            [
              3375375,
              1717150
            ]
          ],
          [
            [
              3375375,
              1717150
            ],
            [
              3375375,
              1717175
            ]
          ],
          [
            [
              3375375,
              1717175
            ],
            [
              3375400,
              1717175
            ]
          ],
          [
            [
              3375400,
              1717175
            ],
            [
              3375425,
              1717175
            ]
          ],
          [
            [
              3375425,
              1717175
            ],
            [
              3375425,
              1717200
            ]
          ],
          [
            [
              3375425,
              1717200
            ],
            [
              3375425,
              1717225
            ]
          ],
          [
            [
              3375425,
              1717225
            ],
            [
              3375450,
              1717225
            ]
          ],
          [
            [
              3375450,
              1717225
            ],
            [
              3375450,
              1717250
            ]
          ],
          [
            [
              3375450,
              1717250
            ],
            [
              3375475,
              1717250
            ]
          ],
          [
            [
              3375475,
              1717250
            ],
            [
              3375475,
              1717275
            ]
          ],
          [
            [
              3375475,
              1717275
            ],
            [
              3375500,
              1717275
            ]
          ],
          [
            [
              3375500,
              1717275
            ],
            [
              3375500,
              1717300
            ]
          ],
          [
            [
              3375500,
              1717300
            ],
            [
              3375525,
              1717300
            ]
          ],
          [
            [
              3375525,
              1717300
            ],
            [
              3375550,
              1717300
            ]
          ],
          [
            [
              3375550,
              1717300
            ],
            [
              3375550,
              1717325
            ]
          ],
          [
            [
              3375550,
              1717325
            ],
            [
              3375575,
              1717325
            ]
          ],
          [
            [
              3375575,
              1717325
            ],
            [
              3375575,
              1717350
            ]
          ],
          [
            [
              3375575,
              1717350
            ],
            [
              3375600,
              1717350
            ]
          ],
          [
            [
              3375600,
              1717350
            ],
            [
              3375600,
              1717375
            ]
          ],
          [
            [
              3375600,
              1717375
            ],
            [
              3375625,
              1717375
            ]
          ],
          [
            [
              3375625,
              1717375
            ],
            [
              3375650,
              1717375
            ]
          ],
          [
            [
              3375650,
              1717375
            ],
            [
              3375650,
              1717400
            ]
          ],
          [
            [
              3375650,
              1717400
            ],
            [
              3375675,
              1717400
            ]
          ],
          [
            [
              3375675,
              1717400
            ],
            [
              3375675,
              1717425
            ]
          ],
          [
            [
              3375675,
              1717425
            ],
            [
              3375700,
              1717425
            ]
          ],
          [
            [
              3375700,
              1717425
            ],
            [
              3375725,
              1717425
            ]
          ],
          [
            [
              3375725,
              1717425
            ],
            [
              3375750,
              1717425
            ]
          ],
          [
            [
              3375750,
              1717425
            ],
            [
              3375750,
              1717450
            ]
          ],
          [
            [
              3375750,
              1717450
            ],
            [
              3375775,
              1717450
            ]
          ],
          [
            [
              3375775,
              1717450
            ],
            [
              3375800,
              1717450
            ]
          ],
          [
            [
              3375800,
              1717450
            ],
            [
              3375825,
              1717450
            ]
          ],
          [
            [
              3375825,
              1717450
            ],
            [
              3375850,
              1717450
            ]
          ],
          [
            [
              3375850,
              1717450
            ],
            [
              3375850,
              1717475
            ]
          ],
          [
            [
              3375850,
              1717475
            ],
            [
              3375875,
              1717475
            ]
          ],
          [
            [
              3375875,
              1717475
            ],
            [
              3375900,
              1717475
            ]
          ],
          [
            [
              3375900,
              1717475
            ],
            [
              3375925,
              1717475
            ]
          ],
          [
            [
              3375925,
              1717475
            ],
            [
              3375950,
              1717475
            ]
          ],
          [
            [
              3375950,
              1717475
            ],
            [
              3375950,
              1717500
            ]
          ],
          [
            [
              3375950,
              1717500
            ],
            [
              3375950,
              1717525
            ]
          ],
          [
            [
              3375950,
              1717525
            ],
            [
              3375975,
              1717525
            ]
          ],
          [
            [
              3375975,
              1717525
            ],
            [
              3375975,
              1717550
            ]
          ],
          [
            [
              3375975,
              1717550
            ],
            [
              3375975,
              1717575
            ]
          ],
          [
            [
              3375975,
              1717575
            ],
            [
              3376000,
              1717575
            ]
          ],
          [
            [
              3376000,
              1717575
            ],
            [
              3376000,
              1717600
            ]
          ],
          [
            [
              3376000,
              1717600
            ],
            [
              3376025,
              1717600
            ]
          ],
          [
            [
              3376025,
              1717600
            ],
            [
              3376025,
              1717625
            ]
          ],
          [
            [
              3376025,
              1717625
            ],
            [
              3376050,
              1717625
            ]
          ],
          [
            [
              3376050,
              1717625
            ],
            [
              3376075,
              1717625
            ]
          ],
          [
            [
              3376075,
              1717625
            ],
            [
              3376075,
              1717650
            ]
          ],
          [
            [
              3376075,
              1717650
            ],
            [
              3376100,
              1717650
            ]
          ],
          [
            [
              3376100,
              1717650
            ],
            [
              3376125,
              1717650
            ]
          ],
          [
            [
              3376125,
              1717650
            ],
            [
              3376125,
              1717675
            ]
          ],
          [
            [
              3376125,
              1717675
            ],
            [
              3376150,
              1717675
            ]
          ],
          [
            [
              3376150,
              1717675
            ],
            [
              3376175,
              1717675
            ]
          ],
          [
            [
              3376175,
              1717675
            ],
            [
              3376200,
              1717675
            ]
          ],
          [
            [
              3376200,
              1717675
            ],
            [
              3376225,
              1717675
            ]
          ],
          [
            [
              3376225,
              1717675
            ],
            [
              3376250,
              1717675
            ]
          ],
          [
            [
              3376250,
              1717650
            ],
            [
              3376275,
              1717650
            ]
          ],
          [
            [
              3376250,
              1717675
            ],
            [
              3376250,
              1717650
            ]
          ],
          [
            [
              3376275,
              1717650
            ],
            [
              3376300,
              1717650
            ]
          ],
          [
            [
              3376300,
              1717650
            ],
            [
              3376325,
              1717650
            ]
          ],
          [
            [
              3376325,
              1717650
            ],
            [
              3376350,
              1717650
            ]
          ],
          [
            [
              3376350,
              1717625
            ],
            [
              3376375,
              1717625
            ]
          ],
          [
            [
              3376350,
              1717650
            ],
            [
              3376350,
              1717625
            ]
          ],
          [
            [
              3376375,
              1717625
            ],
            [
              3376400,
              1717625
            ]
          ],
          [
            [
              3376400,
              1717600
            ],
            [
              3376425,
              1717600
            ]
          ],
          [
            [
              3376400,
              1717625
            ],
            [
              3376400,
              1717600
            ]
          ],
          [
            [
              3376425,
              1717600
            ],
            [
              3376450,
              1717600
            ]
          ],
          [
            [
              3376450,
              1717600
            ],
            [
              3376475,
              1717600
            ]
          ],
          [
            [
              3376475,
              1717575
            ],
            [
              3376500,
              1717575
            ]
          ],
          [
            [
              3376475,
              1717600
            ],
            [
              3376475,
              1717575
            ]
          ],
          [
            [
              3376500,
              1717550
            ],
            [
              3376525,
              1717550
            ]
          ],
          [
            [
              3376500,
              1717575
            ],
            [
              3376500,
              1717550
            ]
          ],
          [
            [
              3376525,
              1717550
            ],
            [
              3376550,
              1717550
            ]
          ],
          [
            [
              3376550,
              1717550
            ],
            [
              3376575,
              1717550
            ]
          ],
          [
            [
              3376575,
              1717550
            ],
            [
              3376575,
              1717575
            ]
          ],
          [
            [
              3376575,
              1717575
            ],
            [
              3376575,
              1717600
            ]
          ],
          [
            [
              3376575,
              1717600
            ],
            [
              3376575,
              1717625
            ]
          ],
          [
            [
              3376575,
              1717625
            ],
            [
              3376600,
              1717625
            ]
          ],
          [
            [
              3376600,
              1717625
            ],
            [
              3376600,
              1717650
            ]
          ],
          [
            [
              3376600,
              1717650
            ],
            [
              3376600,
              1717675
            ]
          ],
          [
            [
              3376600,
              1717675
            ],
            [
              3376600,
              1717700
            ]
          ],
          [
            [
              3376600,
              1717700
            ],
            [
              3376600,
              1717725
            ]
          ],
          [
            [
              3376600,
              1717725
            ],
            [
              3376600,
              1717750
            ]
          ],
          [
            [
              3376600,
              1717750
            ],
            [
              3376600,
              1717775
            ]
          ],
          [
            [
              3376600,
              1717775
            ],
            [
              3376600,
              1717800
            ]
          ],
          [
            [
              3376600,
              1717800
            ],
            [
              3376600,
              1717825
            ]
          ],
          [
            [
              3376600,
              1717825
            ],
            [
              3376625,
              1717825
            ]
          ],
          [
            [
              3376625,
              1717825
            ],
            [
              3376625,
              1717850
            ]
          ],
          [
            [
              3376625,
              1717850
            ],
            [
              3376625,
              1717875
            ]
          ],
          [
            [
              3376625,
              1717875
            ],
            [
              3376625,
              1717900
            ]
          ],
          [
            [
              3376625,
              1717900
            ],
            [
              3376625,
              1717925
            ]
          ],
          [
            [
              3376625,
              1717925
            ],
            [
              3376625,
              1717950
            ]
          ],
          [
            [
              3376625,
              1717950
            ],
            [
              3376625,
              1717975
            ]
          ],
          [
            [
              3376625,
              1717975
            ],
            [
              3376625,
              1718000
            ]
          ],
          [
            [
              3376625,
              1718000
            ],
            [
              3376650,
              1718000
            ]
          ],
          [
            [
              3376650,
              1718000
            ],
            [
              3376650,
              1718025
            ]
          ],
          [
            [
              3376650,
              1718025
            ],
            [
              3376650,
              1718050
            ]
          ],
          [
            [
              3376650,
              1718050
            ],
            [
              3376650,
              1718075
            ]
          ],
          [
            [
              3376650,
              1718075
            ],
            [
              3376650,
              1718100
            ]
          ],
          [
            [
              3376650,
              1718100
            ],
            [
              3376675,
              1718100
            ]
          ],
          [
            [
              3376675,
              1718100
            ],
            [
              3376675,
              1718125
            ]
          ],
          [
            [
              3376675,
              1718125
            ],
            [
              3376675,
              1718150
            ]
          ],
          [
            [
              3376675,
              1718150
            ],
            [
              3376700,
              1718150
            ]
          ],
          [
            [
              3376700,
              1718150
            ],
            [
              3376700,
              1718175
            ]
          ],
          [
            [
              3376700,
              1718175
            ],
            [
              3376700,
              1718200
            ]
          ],
          [
            [
              3376700,
              1718200
            ],
            [
              3376700,
              1718225
            ]
          ],
          [
            [
              3376700,
              1718225
            ],
            [
              3376725,
              1718225
            ]
          ],
          [
            [
              3376725,
              1718225
            ],
            [
              3376725,
              1718250
            ]
          ],
          [
            [
              3376725,
              1718250
            ],
            [
              3376725,
              1718275
            ]
          ],
          [
            [
              3376725,
              1718275
            ],
            [
              3376750,
              1718275
            ]
          ],
          [
            [
              3376750,
              1718275
            ],
            [
              3376750,
              1718300
            ]
          ],
          [
            [
              3376750,
              1718300
            ],
            [
              3376750,
              1718325
            ]
          ],
          [
            [
              3376750,
              1718325
            ],
            [
              3376750,
              1718350
            ]
          ],
          [
            [
              3376750,
              1718350
            ],
            [
              3376750,
              1718375
            ]
          ],
          [
            [
              3376750,
              1718375
            ],
            [
              3376775,
              1718375
            ]
          ],
          [
            [
              3376775,
              1718375
            ],
            [
              3376775,
              1718400
            ]
          ],
          [
            [
              3376775,
              1718400
            ],
            [
              3376775,
              1718425
            ]
          ],
          [
            [
              3376775,
              1718425
            ],
            [
              3376775,
              1718450
            ]
          ],
          [
            [
              3376775,
              1718450
            ],
            [
              3376775,
              1718475
            ]
          ],
          [
            [
              3376775,
              1718475
            ],
            [
              3376800,
              1718475
            ]
          ],
          [
            [
              3376800,
              1718475
            ],
            [
              3376800,
              1718500
            ]
          ],
          [
            [
              3376800,
              1718500
            ],
            [
              3376800,
              1718525
            ]
          ],
          [
            [
              3376800,
              1718525
            ],
            [
              3376825,
              1718525
            ]
          ],
          [
            [
              3376800,
              1718675
            ],
            [
              3376800,
              1718700
            ]
          ],
          [
            [
              3376800,
              1718700
            ],
            [
              3376800,
              1718725
            ]
          ],
          [
            [
              3376800,
              1718725
            ],
            [
              3376800,
              1718750
            ]
          ],
          [
            [
              3376800,
              1718750
            ],
            [
              3376825,
              1718750
            ]
          ],
          [
            [
              3376825,
              1718525
            ],
            [
              3376825,
              1718550
            ]
          ],
          [
            [
              3376825,
              1718550
            ],
            [
              3376825,
              1718575
            ]
          ],
          [
            [
              3376825,
              1718575
            ],
            [
              3376850,
              1718575
            ]
          ],
          [
            [
              3376825,
              1718600
            ],
            [
              3376825,
              1718625
            ]
          ],
          [
            [
              3376825,
              1718625
            ],
            [
              3376825,
              1718650
            ]
          ],
          [
            [
              3376825,
              1718650
            ],
            [
              3376825,
              1718675
            ]
          ],
          [
            [
              3376825,
              1718675
            ],
            [
              3376800,
              1718675
            ]
          ],
          [
            [
              3376825,
              1718750
            ],
            [
              3376825,
              1718775
            ]
          ],
          [
            [
              3376825,
              1718775
            ],
            [
              3376850,
              1718775
            ]
          ],
          [
            [
              3376850,
              1718575
            ],
            [
              3376850,
              1718600
            ]
          ],
          [
            [
              3376850,
              1718600
            ],
            [
              3376825,
              1718600
            ]
          ],
          [
            [
              3376850,
              1718775
            ],
            [
              3376850,
              1718800
            ]
          ],
          [
            [
              3376850,
              1718800
            ],
            [
              3376850,
              1718825
            ]
          ],
          [
            [
              3376850,
              1718825
            ],
            [
              3376850,
              1718850
            ]
          ],
          [
            [
              3376850,
              1718850
            ],
            [
              3376875,
              1718850
            ]
          ],
          [
            [
              3376875,
              1718850
            ],
            [
              3376875,
              1718875
            ]
          ],
          [
            [
              3376875,
              1718875
            ],
            [
              3376875,
              1718900
            ]
          ],
          [
            [
              3376875,
              1718900
            ],
            [
              3376900,
              1718900
            ]
          ],
          [
            [
              3376900,
              1718900
            ],
            [
              3376900,
              1718925
            ]
          ],
          [
            [
              3376900,
              1718925
            ],
            [
              3376900,
              1718950
            ]
          ],
          [
            [
              3376900,
              1718950
            ],
            [
              3376900,
              1718975
            ]
          ],
          [
            [
              3376900,
              1718975
            ],
            [
              3376900,
              1719000
            ]
          ],
          [
            [
              3376900,
              1719000
            ],
            [
              3376900,
              1719025
            ]
          ],
          [
            [
              3376900,
              1719025
            ],
            [
              3376900,
              1719050
            ]
          ],
          [
            [
              3376900,
              1719050
            ],
            [
              3376925,
              1719050
            ]
          ],
          [
            [
              3376925,
              1719050
            ],
            [
              3376925,
              1719075
            ]
          ],
          [
            [
              3376925,
              1719075
            ],
            [
              3376925,
              1719100
            ]
          ],
          [
            [
              3376925,
              1719100
            ],
            [
              3376950,
              1719100
            ]
          ],
          [
            [
              3376950,
              1719100
            ],
            [
              3376950,
              1719125
            ]
          ],
          [
            [
              3376950,
              1719125
            ],
            [
              3376950,
              1719150
            ]
          ],
          [
            [
              3376950,
              1719150
            ],
            [
              3376950,
              1719175
            ]
          ],
          [
            [
              3376950,
              1719175
            ],
            [
              3376975,
              1719175
            ]
          ],
          [
            [
              3376975,
              1719175
            ],
            [
              3376975,
              1719200
            ]
          ],
          [
            [
              3376975,
              1719200
            ],
            [
              3376975,
              1719225
            ]
          ],
          [
            [
              3376975,
              1719225
            ],
            [
              3377000,
              1719225
            ]
          ],
          [
            [
              3377000,
              1719225
            ],
            [
              3377000,
              1719250
            ]
          ],
          [
            [
              3377000,
              1719250
            ],
            [
              3377000,
              1719275
            ]
          ],
          [
            [
              3377000,
              1719275
            ],
            [
              3377025,
              1719275
            ]
          ],
          [
            [
              3377025,
              1719275
            ],
            [
              3377025,
              1719300
            ]
          ],
          [
            [
              3377025,
              1719300
            ],
            [
              3377050,
              1719300
            ]
          ],
          [
            [
              3377050,
              1719300
            ],
            [
              3377050,
              1719325
            ]
          ],
          [
            [
              3377050,
              1719325
            ],
            [
              3377050,
              1719350
            ]
          ],
          [
            [
              3377050,
              1719350
            ],
            [
              3377050,
              1719375
            ]
          ],
          [
            [
              3377050,
              1719375
            ],
            [
              3377075,
              1719375
            ]
          ],
          [
            [
              3377075,
              1719375
            ],
            [
              3377075,
              1719400
            ]
          ],
          [
            [
              3377075,
              1719400
            ],
            [
              3377075,
              1719425
            ]
          ],
          [
            [
              3377075,
              1719425
            ],
            [
              3377075,
              1719450
            ]
          ],
          [
            [
              3377075,
              1719450
            ],
            [
              3377100,
              1719450
            ]
          ],
          [
            [
              3377100,
              1719450
            ],
            [
              3377100,
              1719475
            ]
          ],
          [
            [
              3377100,
              1719475
            ],
            [
              3377125,
              1719475
            ]
          ],
          [
            [
              3377125,
              1719475
            ],
            [
              3377125,
              1719500
            ]
          ],
          [
            [
              3377125,
              1719500
            ],
            [
              3377125,
              1719525
            ]
          ],
          [
            [
              3377125,
              1719525
            ],
            [
              3377125,
              1719550
            ]
          ],
          [
            [
              3377125,
              1719550
            ],
            [
              3377150,
              1719550
            ]
          ],
          [
            [
              3377150,
              1719550
            ],
            [
              3377150,
              1719575
            ]
          ],
          [
            [
              3377150,
              1719575
            ],
            [
              3377150,
              1719600
            ]
          ],
          [
            [
              3377150,
              1719600
            ],
            [
              3377150,
              1719625
            ]
          ],
          [
            [
              3377150,
              1719625
            ],
            [
              3377175,
              1719625
            ]
          ],
          [
            [
              3377175,
              1719625
            ],
            [
              3377175,
              1719650
            ]
          ],
          [
            [
              3377175,
              1719650
            ],
            [
              3377175,
              1719675
            ]
          ],
          [
            [
              3377175,
              1719675
            ],
            [
              3377200,
              1719675
            ]
          ],
          [
            [
              3377200,
              1719675
            ],
            [
              3377225,
              1719675
            ]
          ],
          [
            [
              3377225,
              1719675
            ],
            [
              3377225,
              1719700
            ]
          ],
          [
            [
              3377225,
              1719700
            ],
            [
              3377225,
              1719725
            ]
          ],
          [
            [
              3377225,
              1719725
            ],
            [
              3377225,
              1719750
            ]
          ],
          [
            [
              3377225,
              1719750
            ],
            [
              3377250,
              1719750
            ]
          ],
          [
            [
              3377250,
              1719750
            ],
            [
              3377250,
              1719775
            ]
          ],
          [
            [
              3377250,
              1719775
            ],
            [
              3377250,
              1719800
            ]
          ],
          [
            [
              3377250,
              1719800
            ],
            [
              3377275,
              1719800
            ]
          ],
          [
            [
              3377275,
              1719800
            ],
            [
              3377275,
              1719825
            ]
          ],
          [
            [
              3377275,
              1719825
            ],
            [
              3377275,
              1719850
            ]
          ],
          [
            [
              3377275,
              1719850
            ],
            [
              3377300,
              1719850
            ]
          ],
          [
            [
              3377300,
              1719850
            ],
            [
              3377300,
              1719875
            ]
          ],
          [
            [
              3377300,
              1719875
            ],
            [
              3377325,
              1719875
            ]
          ],
          [
            [
              3377325,
              1719875
            ],
            [
              3377325,
              1719900
            ]
          ],
          [
            [
              3377325,
              1719900
            ],
            [
              3377325,
              1719925
            ]
          ],
          [
            [
              3377325,
              1719925
            ],
            [
              3377350,
              1719925
            ]
          ],
          [
            [
              3377350,
              1719925
            ],
            [
              3377350,
              1719950
            ]
          ],
          [
            [
              3377350,
              1719950
            ],
            [
              3377350,
              1719975
            ]
          ],
          [
            [
              3377350,
              1719975
            ],
            [
              3377375,
              1719975
            ]
          ],
          [
            [
              3377375,
              1719975
            ],
            [
              3377375,
              1720000
            ]
          ],
          [
            [
              3377375,
              1720000
            ],
            [
              3377375,
              1720025
            ]
          ],
          [
            [
              3377375,
              1720025
            ],
            [
              3377375,
              1720050
            ]
          ],
          [
            [
              3377375,
              1720050
            ],
            [
              3377400,
              1720050
            ]
          ],
          [
            [
              3377400,
              1720050
            ],
            [
              3377400,
              1720075
            ]
          ],
          [
            [
              3377400,
              1720075
            ],
            [
              3377425,
              1720075
            ]
          ],
          [
            [
              3377425,
              1720075
            ],
            [
              3377425,
              1720100
            ]
          ],
          [
            [
              3377425,
              1720100
            ],
            [
              3377425,
              1720125
            ]
          ],
          [
            [
              3377425,
              1720125
            ],
            [
              3377450,
              1720125
            ]
          ],
          [
            [
              3377450,
              1720125
            ],
            [
              3377450,
              1720150
            ]
          ],
          [
            [
              3377450,
              1720150
            ],
            [
              3377475,
              1720150
            ]
          ],
          [
            [
              3377475,
              1720150
            ],
            [
              3377475,
              1720175
            ]
          ],
          [
            [
              3377475,
              1720175
            ],
            [
              3377475,
              1720200
            ]
          ],
          [
            [
              3377475,
              1720200
            ],
            [
              3377500,
              1720200
            ]
          ],
          [
            [
              3377500,
              1720200
            ],
            [
              3377500,
              1720225
            ]
          ],
          [
            [
              3377500,
              1720225
            ],
            [
              3377525,
              1720225
            ]
          ],
          [
            [
              3377525,
              1720225
            ],
            [
              3377525,
              1720250
            ]
          ],
          [
            [
              3377525,
              1720250
            ],
            [
              3377525,
              1720275
            ]
          ],
          [
            [
              3377525,
              1720275
            ],
            [
              3377550,
              1720275
            ]
          ],
          [
            [
              3377550,
              1720275
            ],
            [
              3377550,
              1720300
            ]
          ],
          [
            [
              3377550,
              1720300
            ],
            [
              3377575,
              1720300
            ]
          ],
          [
            [
              3377575,
              1720300
            ],
            [
              3377575,
              1720325
            ]
          ],
          [
            [
              3377575,
              1720325
            ],
            [
              3377600,
              1720325
            ]
          ],
          [
            [
              3377600,
              1720325
            ],
            [
              3377600,
              1720350
            ]
          ],
          [
            [
              3377600,
              1720350
            ],
            [
              3377600,
              1720375
            ]
          ],
          [
            [
              3377600,
              1720375
            ],
            [
              3377625,
              1720375
            ]
          ],
          [
            [
              3377625,
              1720375
            ],
            [
              3377625,
              1720400
            ]
          ],
          [
            [
              3377625,
              1720400
            ],
            [
              3377650,
              1720400
            ]
          ],
          [
            [
              3377650,
              1720400
            ],
            [
              3377650,
              1720425
            ]
          ],
          [
            [
              3377650,
              1720425
            ],
            [
              3377650,
              1720450
            ]
          ],
          [
            [
              3377650,
              1720450
            ],
            [
              3377675,
              1720450
            ]
          ],
          [
            [
              3377675,
              1720450
            ],
            [
              3377675,
              1720475
            ]
          ],
          [
            [
              3377675,
              1720475
            ],
            [
              3377700,
              1720475
            ]
          ],
          [
            [
              3377700,
              1720475
            ],
            [
              3377700,
              1720500
            ]
          ],
          [
            [
              3377700,
              1720500
            ],
            [
              3377725,
              1720500
            ]
          ],
          [
            [
              3377725,
              1720500
            ],
            [
              3377750,
              1720500
            ]
          ],
          [
            [
              3377750,
              1720500
            ],
            [
              3377750,
              1720525
            ]
          ],
          [
            [
              3377750,
              1720525
            ],
            [
              3377750,
              1720550
            ]
          ],
          [
            [
              3377750,
              1720550
            ],
            [
              3377775,
              1720550
            ]
          ],
          [
            [
              3377775,
              1720550
            ],
            [
              3377775,
              1720575
            ]
          ],
          [
            [
              3377775,
              1720575
            ],
            [
              3377800,
              1720575
            ]
          ],
          [
            [
              3377800,
              1720575
            ],
            [
              3377825,
              1720575
            ]
          ],
          [
            [
              3377825,
              1720575
            ],
            [
              3377825,
              1720600
            ]
          ],
          [
            [
              3377825,
              1720600
            ],
            [
              3377850,
              1720600
            ]
          ],
          [
            [
              3377850,
              1720600
            ],
            [
              3377850,
              1720625
            ]
          ],
          [
            [
              3377850,
              1720625
            ],
            [
              3377875,
              1720625
            ]
          ],
          [
            [
              3377875,
              1720625
            ],
            [
              3377875,
              1720650
            ]
          ],
          [
            [
              3377875,
              1720650
            ],
            [
              3377900,
              1720650
            ]
          ],
          [
            [
              3377900,
              1720650
            ],
            [
              3377900,
              1720675
            ]
          ],
          [
            [
              3377900,
              1720675
            ],
            [
              3377925,
              1720675
            ]
          ],
          [
            [
              3377925,
              1720675
            ],
            [
              3377925,
              1720700
            ]
          ],
          [
            [
              3377925,
              1720700
            ],
            [
              3377950,
              1720700
            ]
          ],
          [
            [
              3377950,
              1720700
            ],
            [
              3377975,
              1720700
            ]
          ],
          [
            [
              3377975,
              1720675
            ],
            [
              3378000,
              1720675
            ]
          ],
          [
            [
              3377975,
              1720700
            ],
            [
              3377975,
              1720675
            ]
          ],
          [
            [
              3378000,
              1720675
            ],
            [
              3378000,
              1720700
            ]
          ],
          [
            [
              3378000,
              1720700
            ],
            [
              3378025,
              1720700
            ]
          ],
          [
            [
              3378025,
              1720700
            ],
            [
              3378025,
              1720725
            ]
          ],
          [
            [
              3378025,
              1720725
            ],
            [
              3378025,
              1720750
            ]
          ],
          [
            [
              3378025,
              1720750
            ],
            [
              3378025,
              1720775
            ]
          ],
          [
            [
              3378025,
              1720775
            ],
            [
              3378050,
              1720775
            ]
          ],
          [
            [
              3378050,
              1720775
            ],
            [
              3378050,
              1720800
            ]
          ],
          [
            [
              3378050,
              1720800
            ],
            [
              3378075,
              1720800
            ]
          ],
          [
            [
              3378075,
              1720800
            ],
            [
              3378075,
              1720825
            ]
          ],
          [
            [
              3378075,
              1720825
            ],
            [
              3378075,
              1720850
            ]
          ],
          [
            [
              3378075,
              1720850
            ],
            [
              3378100,
              1720850
            ]
          ],
          [
            [
              3378100,
              1720525
            ],
            [
              3378125,
              1720525
            ]
          ],
          [
            [
              3378100,
              1720550
            ],
            [
              3378100,
              1720525
            ]
          ],
          [
            [
              3378100,
              1720850
            ],
            [
              3378100,
              1720875
            ]
          ],
          [
            [
              3378100,
              1720875
            ],
            [
              3378100,
              1720900
            ]
          ],
          [
            [
              3378100,
              1720900
            ],
            [
              3378100,
              1720925
            ]
          ],
          [
            [
              3378100,
              1720925
            ],
            [
              3378125,
              1720925
            ]
          ],
          [
            [
              3378125,
              1720525
            ],
            [
              3378125,
              1720550
            ]
          ],
          [
            [
              3378125,
              1720550
            ],
            [
              3378100,
              1720550
            ]
          ],
          [
            [
              3378125,
              1720925
            ],
            [
              3378150,
              1720925
            ]
          ],
          [
            [
              3378150,
              1720450
            ],
            [
              3378175,
              1720450
            ]
          ],
          [
            [
              3378150,
              1720475
            ],
            [
              3378150,
              1720450
            ]
          ],
          [
            [
              3378150,
              1720925
            ],
            [
              3378175,
              1720925
            ]
          ],
          [
            [
              3378175,
              1720450
            ],
            [
              3378175,
              1720475
            ]
          ],
          [
            [
              3378175,
              1720475
            ],
            [
              3378150,
              1720475
            ]
          ],
          [
            [
              3378175,
              1720925
            ],
            [
              3378175,
              1720950
            ]
          ],
          [
            [
              3378175,
              1720950
            ],
            [
              3378200,
              1720950
            ]
          ],
          [
            [
              3378200,
              1720950
            ],
            [
              3378225,
              1720950
            ]
          ],
          [
            [
              3378225,
              1720350
            ],
            [
              3378250,
              1720350
            ]
          ],
          [
            [
              3378225,
              1720375
            ],
            [
              3378225,
              1720350
            ]
          ],
          [
            [
              3378225,
              1720400
            ],
            [
              3378225,
              1720375
            ]
          ],
          [
            [
              3378225,
              1720950
            ],
            [
              3378225,
              1720975
            ]
          ],
          [
            [
              3378225,
              1720975
            ],
            [
              3378250,
              1720975
            ]
          ],
          [
            [
              3378250,
              1720325
            ],
            [
              3378275,
              1720325
            ]
          ],
          [
            [
              3378250,
              1720350
            ],
            [
              3378250,
              1720325
            ]
          ],
          [
            [
              3378250,
              1720400
            ],
            [
              3378225,
              1720400
            ]
          ],
          [
            [
              3378250,
              1720975
            ],
            [
              3378275,
              1720975
            ]
          ],
          [
            [
              3378275,
              1720300
            ],
            [
              3378300,
              1720300
            ]
          ],
          [
            [
              3378275,
              1720325
            ],
            [
              3378275,
              1720300
            ]
          ],
          [
            [
              3378275,
              1720400
            ],
            [
              3378250,
              1720400
            ]
          ],
          [
            [
              3378275,
              1720975
            ],
            [
              3378275,
              1721000
            ]
          ],
          [
            [
              3378275,
              1721000
            ],
            [
              3378300,
              1721000
            ]
          ],
          [
            [
              3378300,
              1720275
            ],
            [
              3378325,
              1720275
            ]
          ],
          [
            [
              3378300,
              1720300
            ],
            [
              3378300,
              1720275
            ]
          ],
          [
            [
              3378300,
              1720325
            ],
            [
              3378300,
              1720350
            ]
          ],
          [
            [
              3378300,
              1720350
            ],
            [
              3378300,
              1720375
            ]
          ],
          [
            [
              3378300,
              1720375
            ],
            [
              3378300,
              1720400
            ]
          ],
          [
            [
              3378300,
              1720400
            ],
            [
              3378275,
              1720400
            ]
          ],
          [
            [
              3378300,
              1721000
            ],
            [
              3378325,
              1721000
            ]
          ],
          [
            [
              3378325,
              1720225
            ],
            [
              3378350,
              1720225
            ]
          ],
          [
            [
              3378325,
              1720250
            ],
            [
              3378325,
              1720225
            ]
          ],
          [
            [
              3378325,
              1720275
            ],
            [
              3378325,
              1720250
            ]
          ],
          [
            [
              3378325,
              1720300
            ],
            [
              3378325,
              1720325
            ]
          ],
          [
            [
              3378325,
              1720325
            ],
            [
              3378300,
              1720325
            ]
          ],
          [
            [
              3378325,
              1721000
            ],
            [
              3378325,
              1721025
            ]
          ],
          [
            [
              3378325,
              1721025
            ],
            [
              3378350,
              1721025
            ]
          ],
          [
            [
              3378350,
              1720200
            ],
            [
              3378375,
              1720200
            ]
          ],
          [
            [
              3378350,
              1720225
            ],
            [
              3378350,
              1720200
            ]
          ],
          [
            [
              3378350,
              1720275
            ],
            [
              3378350,
              1720300
            ]
          ],
          [
            [
              3378350,
              1720300
            ],
            [
              3378325,
              1720300
            ]
          ],
          [
            [
              3378350,
              1721025
            ],
            [
              3378375,
              1721025
            ]
          ],
          [
            [
              3378375,
              1720175
            ],
            [
              3378400,
              1720175
            ]
          ],
          [
            [
              3378375,
              1720200
            ],
            [
              3378375,
              1720175
            ]
          ],
          [
            [
              3378375,
              1720250
            ],
            [
              3378375,
              1720275
            ]
          ],
          [
            [
              3378375,
              1720275
            ],
            [
              3378350,
              1720275
            ]
          ],
          [
            [
              3378375,
              1721025
            ],
            [
              3378400,
              1721025
            ]
          ],
          [
            [
              3378400,
              1720125
            ],
            [
              3378425,
              1720125
            ]
          ],
          [
            [
              3378400,
              1720150
            ],
            [
              3378400,
              1720125
            ]
          ],
          [
            [
              3378400,
              1720175
            ],
            [
              3378400,
              1720150
            ]
          ],
          [
            [
              3378400,
              1720225
            ],
            [
              3378400,
              1720250
            ]
          ],
          [
            [
              3378400,
              1720250
            ],
            [
              3378375,
              1720250
            ]
          ],
          [
            [
              3378400,
              1721025
            ],
            [
              3378425,
              1721025
            ]
          ],
          [
            [
              3378425,
              1720125
            ],
            [
              3378450,
              1720125
            ]
          ],
          [
            [
              3378425,
              1720200
            ],
            [
              3378425,
              1720225
            ]
          ],
          [
            [
              3378425,
              1720225
            ],
            [
              3378400,
              1720225
            ]
          ],
          [
            [
              3378425,
              1721025
            ],
            [
              3378450,
              1721025
            ]
          ],
          [
            [
              3378450,
              1720125
            ],
            [
              3378450,
              1720150
            ]
          ],
          [
            [
              3378450,
              1720150
            ],
            [
              3378450,
              1720175
            ]
          ],
          [
            [
              3378450,
              1720175
            ],
            [
              3378450,
              1720200
            ]
          ],
          [
            [
              3378450,
              1720200
            ],
            [
              3378425,
              1720200
            ]
          ],
          [
            [
              3378450,
              1721025
            ],
            [
              3378475,
              1721025
            ]
          ],
          [
            [
              3378475,
              1721025
            ],
            [
              3378475,
              1721050
            ]
          ],
          [
            [
              3378475,
              1721050
            ],
            [
              3378500,
              1721050
            ]
          ],
          [
            [
              3378500,
              1721050
            ],
            [
              3378525,
              1721050
            ]
          ],
          [
            [
              3378525,
              1719850
            ],
            [
              3378550,
              1719850
            ]
          ],
          [
            [
              3378525,
              1719875
            ],
            [
              3378525,
              1719850
            ]
          ],
          [
            [
              3378525,
              1721050
            ],
            [
              3378550,
              1721050
            ]
          ],
          [
            [
              3378550,
              1719825
            ],
            [
              3378575,
              1719825
            ]
          ],
          [
            [
              3378550,
              1719850
            ],
            [
              3378550,
              1719825
            ]
          ],
          [
            [
              3378550,
              1719875
            ],
            [
              3378525,
              1719875
            ]
          ],
          [
            [
              3378550,
              1719900
            ],
            [
              3378550,
              1719875
            ]
          ],
          [
            [
              3378550,
              1721025
            ],
            [
              3378575,
              1721025
            ]
          ],
          [
            [
              3378550,
              1721050
            ],
            [
              3378550,
              1721025
            ]
          ],
          [
            [
              3378575,
              1719825
            ],
            [
              3378575,
              1719850
            ]
          ],
          [
            [
              3378575,
              1719850
            ],
            [
              3378575,
              1719875
            ]
          ],
          [
            [
              3378575,
              1719875
            ],
            [
              3378600,
              1719875
            ]
          ],
          [
            [
              3378575,
              1719900
            ],
            [
              3378550,
              1719900
            ]
          ],
          [
            [
              3378575,
              1719925
            ],
            [
              3378575,
              1719900
            ]
          ],
          [
            [
              3378575,
              1721025
            ],
            [
              3378600,
              1721025
            ]
          ],
          [
            [
              3378600,
              1719875
            ],
            [
              3378625,
              1719875
            ]
          ],
          [
            [
              3378600,
              1719925
            ],
            [
              3378575,
              1719925
            ]
          ],
          [
            [
              3378600,
              1721000
            ],
            [
              3378625,
              1721000
            ]
          ],
          [
            [
              3378600,
              1721025
            ],
            [
              3378600,
              1721000
            ]
          ],
          [
            [
              3378625,
              1719875
            ],
            [
              3378625,
              1719900
            ]
          ],
          [
            [
              3378625,
              1719900
            ],
            [
              3378650,
              1719900
            ]
          ],
          [
            [
              3378625,
              1719925
            ],
            [
              3378600,
              1719925
            ]
          ],
          [
            [
              3378625,
              1719950
            ],
            [
              3378625,
              1719925
            ]
          ],
          [
            [
              3378625,
              1721000
            ],
            [
              3378650,
              1721000
            ]
          ],
          [
            [
              3378650,
              1719900
            ],
            [
              3378650,
              1719925
            ]
          ],
          [
            [
              3378650,
              1719925
            ],
            [
              3378675,
              1719925
            ]
          ],
          [
            [
              3378650,
              1719950
            ],
            [
              3378625,
              1719950
            ]
          ],
          [
            [
              3378650,
              1721000
            ],
            [
              3378675,
              1721000
            ]
          ],
          [
            [
              3378675,
              1719925
            ],
            [
              3378700,
              1719925
            ]
          ],
          [
            [
              3378675,
              1719950
            ],
            [
              3378650,
              1719950
            ]
          ],
          [
            [
              3378675,
              1719975
            ],
            [
              3378675,
              1719950
            ]
          ],
          [
            [
              3378675,
              1721000
            ],
            [
              3378700,
              1721000
            ]
          ],
          [
            [
              3378700,
              1719925
            ],
            [
              3378700,
              1719950
            ]
          ],
          [
            [
              3378700,
              1719950
            ],
            [
              3378725,
              1719950
            ]
          ],
          [
            [
              3378700,
              1719975
            ],
            [
              3378675,
              1719975
            ]
          ],
          [
            [
              3378700,
              1721000
            ],
            [
              3378700,
              1721025
            ]
          ],
          [
            [
              3378700,
              1721025
            ],
            [
              3378725,
              1721025
            ]
          ],
          [
            [
              3378725,
              1719950
            ],
            [
              3378725,
              1719975
            ]
          ],
          [
            [
              3378725,
              1719975
            ],
            [
              3378700,
              1719975
            ]
          ],
          [
            [
              3378725,
              1719975
            ],
            [
              3378750,
              1719975
            ]
          ],
          [
            [
              3378725,
              1720000
            ],
            [
              3378725,
              1719975
            ]
          ],
          [
            [
              3378725,
              1721025
            ],
            [
              3378750,
              1721025
            ]
          ],
          [
            [
              3378750,
              1719975
            ],
            [
              3378775,
              1719975
            ]
          ],
          [
            [
              3378750,
              1720000
            ],
            [
              3378725,
              1720000
            ]
          ],
          [
            [
              3378750,
              1721025
            ],
            [
              3378750,
              1721050
            ]
          ],
          [
            [
              3378750,
              1721050
            ],
            [
              3378775,
              1721050
            ]
          ],
          [
            [
              3378775,
              1719975
            ],
            [
              3378775,
              1720000
            ]
          ],
          [
            [
              3378775,
              1720000
            ],
            [
              3378750,
              1720000
            ]
          ],
          [
            [
              3378775,
              1720000
            ],
            [
              3378800,
              1720000
            ]
          ],
          [
            [
              3378775,
              1720025
            ],
            [
              3378775,
              1720000
            ]
          ],
          [
            [
              3378775,
              1721050
            ],
            [
              3378800,
              1721050
            ]
          ],
          [
            [
              3378800,
              1720000
            ],
            [
              3378825,
              1720000
            ]
          ],
          [
            [
              3378800,
              1720025
            ],
            [
              3378775,
              1720025
            ]
          ],
          [
            [
              3378800,
              1720050
            ],
            [
              3378800,
              1720025
            ]
          ],
          [
            [
              3378800,
              1721025
            ],
            [
              3378825,
              1721025
            ]
          ],
          [
            [
              3378800,
              1721050
            ],
            [
              3378800,
              1721025
            ]
          ],
          [
            [
              3378825,
              1720000
            ],
            [
              3378850,
              1720000
            ]
          ],
          [
            [
              3378825,
              1720050
            ],
            [
              3378800,
              1720050
            ]
          ],
          [
            [
              3378825,
              1721000
            ],
            [
              3378850,
              1721000
            ]
          ],
          [
            [
              3378825,
              1721025
            ],
            [
              3378825,
              1721000
            ]
          ],
          [
            [
              3378850,
              1720000
            ],
            [
              3378875,
              1720000
            ]
          ],
          [
            [
              3378850,
              1720050
            ],
            [
              3378825,
              1720050
            ]
          ],
          [
            [
              3378850,
              1721000
            ],
            [
              3378875,
              1721000
            ]
          ],
          [
            [
              3378875,
              1720000
            ],
            [
              3378875,
              1720025
            ]
          ],
          [
            [
              3378875,
              1720025
            ],
            [
              3378875,
              1720050
            ]
          ],
          [
            [
              3378875,
              1720050
            ],
            [
              3378850,
              1720050
            ]
          ],
          [
            [
              3378875,
              1720050
            ],
            [
              3378900,
              1720050
            ]
          ],
          [
            [
              3378875,
              1720075
            ],
            [
              3378875,
              1720050
            ]
          ],
          [
            [
              3378875,
              1721000
            ],
            [
              3378900,
              1721000
            ]
          ],
          [
            [
              3378900,
              1720050
            ],
            [
              3378925,
              1720050
            ]
          ],
          [
            [
              3378900,
              1720075
            ],
            [
              3378875,
              1720075
            ]
          ],
          [
            [
              3378900,
              1720100
            ],
            [
              3378900,
              1720075
            ]
          ],
          [
            [
              3378900,
              1720975
            ],
            [
              3378925,
              1720975
            ]
          ],
          [
            [
              3378900,
              1721000
            ],
            [
              3378900,
              1720975
            ]
          ],
          [
            [
              3378925,
              1720050
            ],
            [
              3378925,
              1720075
            ]
          ],
          [
            [
              3378925,
              1720075
            ],
            [
              3378950,
              1720075
            ]
          ],
          [
            [
              3378925,
              1720100
            ],
            [
              3378900,
              1720100
            ]
          ],
          [
            [
              3378925,
              1720125
            ],
            [
              3378925,
              1720100
            ]
          ],
          [
            [
              3378925,
              1720975
            ],
            [
              3378950,
              1720975
            ]
          ],
          [
            [
              3378950,
              1720075
            ],
            [
              3378975,
              1720075
            ]
          ],
          [
            [
              3378950,
              1720125
            ],
            [
              3378925,
              1720125
            ]
          ],
          [
            [
              3378950,
              1720975
            ],
            [
              3378950,
              1721000
            ]
          ],
          [
            [
              3378950,
              1721000
            ],
            [
              3378975,
              1721000
            ]
          ],
          [
            [
              3378975,
              1720075
            ],
            [
              3379000,
              1720075
            ]
          ],
          [
            [
              3378975,
              1720125
            ],
            [
              3378950,
              1720125
            ]
          ],
          [
            [
              3378975,
              1721000
            ],
            [
              3379000,
              1721000
            ]
          ],
          [
            [
              3379000,
              1720075
            ],
            [
              3379000,
              1720100
            ]
          ],
          [
            [
              3379000,
              1720100
            ],
            [
              3379000,
              1720125
            ]
          ],
          [
            [
              3379000,
              1720125
            ],
            [
              3378975,
              1720125
            ]
          ],
          [
            [
              3379000,
              1720125
            ],
            [
              3379025,
              1720125
            ]
          ],
          [
            [
              3379000,
              1720150
            ],
            [
              3379000,
              1720125
            ]
          ],
          [
            [
              3379000,
              1721000
            ],
            [
              3379025,
              1721000
            ]
          ],
          [
            [
              3379025,
              1720125
            ],
            [
              3379050,
              1720125
            ]
          ],
          [
            [
              3379025,
              1720150
            ],
            [
              3379000,
              1720150
            ]
          ],
          [
            [
              3379025,
              1720175
            ],
            [
              3379025,
              1720150
            ]
          ],
          [
            [
              3379025,
              1720975
            ],
            [
              3379050,
              1720975
            ]
          ],
          [
            [
              3379025,
              1721000
            ],
            [
              3379025,
              1720975
            ]
          ],
          [
            [
              3379050,
              1720125
            ],
            [
              3379050,
              1720150
            ]
          ],
          [
            [
              3379050,
              1720150
            ],
            [
              3379075,
              1720150
            ]
          ],
          [
            [
              3379050,
              1720175
            ],
            [
              3379025,
              1720175
            ]
          ],
          [
            [
              3379050,
              1720975
            ],
            [
              3379075,
              1720975
            ]
          ],
          [
            [
              3379075,
              1720150
            ],
            [
              3379075,
              1720175
            ]
          ],
          [
            [
              3379075,
              1720175
            ],
            [
              3379050,
              1720175
            ]
          ],
          [
            [
              3379075,
              1720175
            ],
            [
              3379100,
              1720175
            ]
          ],
          [
            [
              3379075,
              1720200
            ],
            [
              3379075,
              1720175
            ]
          ],
          [
            [
              3379075,
              1720950
            ],
            [
              3379100,
              1720950
            ]
          ],
          [
            [
              3379075,
              1720975
            ],
            [
              3379075,
              1720950
            ]
          ],
          [
            [
              3379100,
              1720175
            ],
            [
              3379125,
              1720175
            ]
          ],
          [
            [
              3379100,
              1720200
            ],
            [
              3379075,
              1720200
            ]
          ],
          [
            [
              3379100,
              1720950
            ],
            [
              3379125,
              1720950
            ]
          ],
          [
            [
              3379125,
              1720175
            ],
            [
              3379125,
              1720200
            ]
          ],
          [
            [
              3379125,
              1720200
            ],
            [
              3379100,
              1720200
            ]
          ],
          [
            [
              3379125,
              1720200
            ],
            [
              3379150,
              1720200
            ]
          ],
          [
            [
              3379125,
              1720225
            ],
            [
              3379125,
              1720200
            ]
          ],
          [
            [
              3379125,
              1720925
            ],
            [
              3379150,
              1720925
            ]
          ],
          [
            [
              3379125,
              1720950
            ],
            [
              3379125,
              1720925
            ]
          ],
          [
            [
              3379150,
              1720200
            ],
            [
              3379150,
              1720225
            ]
          ],
          [
            [
              3379150,
              1720225
            ],
            [
              3379125,
              1720225
            ]
          ],
          [
            [
              3379150,
              1720900
            ],
            [
              3379175,
              1720900
            ]
          ],
          [
            [
              3379150,
              1720925
            ],
            [
              3379150,
              1720900
            ]
          ],
          [
            [
              3379175,
              1720600
            ],
            [
              3379200,
              1720600
            ]
          ],
          [
            [
              3379175,
              1720625
            ],
            [
              3379175,
              1720600
            ]
          ],
          [
            [
              3379175,
              1720650
            ],
            [
              3379175,
              1720625
            ]
          ],
          [
            [
              3379175,
              1720875
            ],
            [
              3379200,
              1720875
            ]
          ],
          [
            [
              3379175,
              1720900
            ],
            [
              3379175,
              1720875
            ]
          ],
          [
            [
              3379200,
              1720350
            ],
            [
              3379225,
              1720350
            ]
          ],
          [
            [
              3379200,
              1720375
            ],
            [
              3379200,
              1720350
            ]
          ],
          [
            [
              3379200,
              1720575
            ],
            [
              3379225,
              1720575
            ]
          ],
          [
            [
              3379200,
              1720600
            ],
            [
              3379200,
              1720575
            ]
          ],
          [
            [
              3379200,
              1720625
            ],
            [
              3379200,
              1720650
            ]
          ],
          [
            [
              3379200,
              1720650
            ],
            [
              3379175,
              1720650
            ]
          ],
          [
            [
              3379200,
              1720850
            ],
            [
              3379225,
              1720850
            ]
          ],
          [
            [
              3379200,
              1720875
            ],
            [
              3379200,
              1720850
            ]
          ],
          [
            [
              3379225,
              1720350
            ],
            [
              3379225,
              1720375
            ]
          ],
          [
            [
              3379225,
              1720375
            ],
            [
              3379200,
              1720375
            ]
          ],
          [
            [
              3379225,
              1720550
            ],
            [
              3379250,
              1720550
            ]
          ],
          [
            [
              3379225,
              1720575
            ],
            [
              3379225,
              1720550
            ]
          ],
          [
            [
              3379225,
              1720625
            ],
            [
              3379200,
              1720625
            ]
          ],
          [
            [
              3379225,
              1720750
            ],
            [
              3379250,
              1720750
            ]
          ],
          [
            [
              3379225,
              1720775
            ],
            [
              3379225,
              1720750
            ]
          ],
          [
            [
              3379225,
              1720800
            ],
            [
              3379225,
              1720775
            ]
          ],
          [
            [
              3379225,
              1720825
            ],
            [
              3379225,
              1720800
            ]
          ],
          [
            [
              3379225,
              1720850
            ],
            [
              3379225,
              1720825
            ]
          ],
          [
            [
              3379250,
              1720425
            ],
            [
              3379275,
              1720425
            ]
          ],
          [
            [
              3379250,
              1720450
            ],
            [
              3379250,
              1720425
            ]
          ],
          [
            [
              3379250,
              1720525
            ],
            [
              3379275,
              1720525
            ]
          ],
          [
            [
              3379250,
              1720550
            ],
            [
              3379250,
              1720525
            ]
          ],
          [
            [
              3379250,
              1720625
            ],
            [
              3379225,
              1720625
            ]
          ],
          [
            [
              3379250,
              1720650
            ],
            [
              3379250,
              1720625
            ]
          ],
          [
            [
              3379250,
              1720675
            ],
            [
              3379275,
              1720675
            ]
          ],
          [
            [
              3379250,
              1720700
            ],
            [
              3379250,
              1720675
            ]
          ],
          [
            [
              3379250,
              1720725
            ],
            [
              3379250,
              1720700
            ]
          ],
          [
            [
              3379250,
              1720750
            ],
            [
              3379250,
              1720725
            ]
          ],
          [
            [
              3379275,
              1720425
            ],
            [
              3379275,
              1720450
            ]
          ],
          [
            [
              3379275,
              1720450
            ],
            [
              3379250,
              1720450
            ]
          ],
          [
            [
              3379275,
              1720500
            ],
            [
              3379300,
              1720500
            ]
          ],
          [
            [
              3379275,
              1720525
            ],
            [
              3379275,
              1720500
            ]
          ],
          [
            [
              3379275,
              1720650
            ],
            [
              3379250,
              1720650
            ]
          ],
          [
            [
              3379275,
              1720675
            ],
            [
              3379275,
              1720650
            ]
          ],
          [
            [
              3379300,
              1720500
            ],
            [
              3379300,
              1720525
            ]
          ],
          [
            [
              3379300,
              1720525
            ],
            [
              3379325,
              1720525
            ]
          ],
          [
            [
              3379325,
              1720525
            ],
            [
              3379325,
              1720550
            ]
          ],
          [
            [
              3379325,
              1720550
            ],
            [
              3379325,
              1720575
            ]
          ],
          [
            [
              3379325,
              1720575
            ],
            [
              3379325,
              1720600
            ]
          ],
          [
            [
              3379325,
              1720600
            ],
            [
              3379350,
              1720600
            ]
          ],
          [
            [
              3379350,
              1720600
            ],
            [
              3379350,
              1720625
            ]
          ],
          [
            [
              3379350,
              1720625
            ],
            [
              3379350,
              1720650
            ]
          ],
          [
            [
              3379350,
              1720650
            ],
            [
              3379375,
              1720650
            ]
          ],
          [
            [
              3379375,
              1720650
            ],
            [
              3379375,
              1720675
            ]
          ],
          [
            [
              3379375,
              1720675
            ],
            [
              3379400,
              1720675
            ]
          ],
          [
            [
              3379400,
              1720675
            ],
            [
              3379400,
              1720700
            ]
          ],
          [
            [
              3379400,
              1720700
            ],
            [
              3379400,
              1720725
            ]
          ],
          [
            [
              3379400,
              1720725
            ],
            [
              3379425,
              1720725
            ]
          ],
          [
            [
              3379425,
              1720725
            ],
            [
              3379425,
              1720750
            ]
          ],
          [
            [
              3379425,
              1720750
            ],
            [
              3379425,
              1720775
            ]
          ],
          [
            [
              3379425,
              1720775
            ],
            [
              3379450,
              1720775
            ]
          ],
          [
            [
              3379450,
              1720775
            ],
            [
              3379450,
              1720800
            ]
          ],
          [
            [
              3379450,
              1720800
            ],
            [
              3379475,
              1720800
            ]
          ],
          [
            [
              3379475,
              1720800
            ],
            [
              3379500,
              1720800
            ]
          ],
          [
            [
              3379500,
              1720800
            ],
            [
              3379525,
              1720800
            ]
          ],
          [
            [
              3379525,
              1720800
            ],
            [
              3379525,
              1720825
            ]
          ],
          [
            [
              3379525,
              1720825
            ],
            [
              3379550,
              1720825
            ]
          ],
          [
            [
              3379550,
              1720825
            ],
            [
              3379575,
              1720825
            ]
          ],
          [
            [
              3379575,
              1720825
            ],
            [
              3379575,
              1720850
            ]
          ],
          [
            [
              3379575,
              1720850
            ],
            [
              3379600,
              1720850
            ]
          ],
          [
            [
              3379600,
              1720850
            ],
            [
              3379625,
              1720850
            ]
          ],
          [
            [
              3379625,
              1720850
            ],
            [
              3379650,
              1720850
            ]
          ],
          [
            [
              3379650,
              1720850
            ],
            [
              3379675,
              1720850
            ]
          ],
          [
            [
              3379675,
              1720850
            ],
            [
              3379700,
              1720850
            ]
          ],
          [
            [
              3379700,
              1720850
            ],
            [
              3379725,
              1720850
            ]
          ],
          [
            [
              3379725,
              1720850
            ],
            [
              3379750,
              1720850
            ]
          ],
          [
            [
              3379750,
              1720850
            ],
            [
              3379775,
              1720850
            ]
          ],
          [
            [
              3379775,
              1720850
            ],
            [
              3379800,
              1720850
            ]
          ],
          [
            [
              3379800,
              1720850
            ],
            [
              3379825,
              1720850
            ]
          ],
          [
            [
              3379825,
              1720850
            ],
            [
              3379825,
              1720875
            ]
          ],
          [
            [
              3379825,
              1720875
            ],
            [
              3379850,
              1720875
            ]
          ],
          [
            [
              3379850,
              1720875
            ],
            [
              3379875,
              1720875
            ]
          ],
          [
            [
              3379875,
              1720875
            ],
            [
              3379900,
              1720875
            ]
          ],
          [
            [
              3379900,
              1720875
            ],
            [
              3379925,
              1720875
            ]
          ],
          [
            [
              3379925,
              1720875
            ],
            [
              3379925,
              1720900
            ]
          ],
          [
            [
              3379925,
              1720900
            ],
            [
              3379950,
              1720900
            ]
          ],
          [
            [
              3379950,
              1720900
            ],
            [
              3379975,
              1720900
            ]
          ],
          [
            [
              3379975,
              1720900
            ],
            [
              3379975,
              1720925
            ]
          ],
          [
            [
              3379975,
              1720925
            ],
            [
              3380000,
              1720925
            ]
          ],
          [
            [
              3380000,
              1720925
            ],
            [
              3380025,
              1720925
            ]
          ],
          [
            [
              3380025,
              1720925
            ],
            [
              3380025,
              1720950
            ]
          ],
          [
            [
              3380025,
              1720950
            ],
            [
              3380050,
              1720950
            ]
          ],
          [
            [
              3380050,
              1720950
            ],
            [
              3380075,
              1720950
            ]
          ],
          [
            [
              3380075,
              1720950
            ],
            [
              3380075,
              1720975
            ]
          ],
          [
            [
              3380075,
              1720975
            ],
            [
              3380100,
              1720975
            ]
          ],
          [
            [
              3380100,
              1720975
            ],
            [
              3380125,
              1720975
            ]
          ],
          [
            [
              3380125,
              1720975
            ],
            [
              3380125,
              1721000
            ]
          ],
          [
            [
              3380125,
              1721000
            ],
            [
              3380150,
              1721000
            ]
          ],
          [
            [
              3380150,
              1721000
            ],
            [
              3380175,
              1721000
            ]
          ],
          [
            [
              3380175,
              1721000
            ],
            [
              3380200,
              1721000
            ]
          ],
          [
            [
              3380200,
              1721000
            ],
            [
              3380225,
              1721000
            ]
          ],
          [
            [
              3380225,
              1721000
            ],
            [
              3380250,
              1721000
            ]
          ],
          [
            [
              3380250,
              1721000
            ],
            [
              3380275,
              1721000
            ]
          ],
          [
            [
              3380275,
              1721000
            ],
            [
              3380300,
              1721000
            ]
          ],
          [
            [
              3380300,
              1721000
            ],
            [
              3380325,
              1721000
            ]
          ],
          [
            [
              3380325,
              1721000
            ],
            [
              3380350,
              1721000
            ]
          ],
          [
            [
              3380350,
              1720975
            ],
            [
              3380375,
              1720975
            ]
          ],
          [
            [
              3380350,
              1721000
            ],
            [
              3380350,
              1720975
            ]
          ],
          [
            [
              3380375,
              1720900
            ],
            [
              3380400,
              1720900
            ]
          ],
          [
            [
              3380375,
              1720925
            ],
            [
              3380375,
              1720900
            ]
          ],
          [
            [
              3380375,
              1720950
            ],
            [
              3380375,
              1720925
            ]
          ],
          [
            [
              3380375,
              1720975
            ],
            [
              3380375,
              1720950
            ]
          ],
          [
            [
              3380400,
              1720875
            ],
            [
              3380425,
              1720875
            ]
          ],
          [
            [
              3380400,
              1720900
            ],
            [
              3380400,
              1720875
            ]
          ],
          [
            [
              3380425,
              1720875
            ],
            [
              3380450,
              1720875
            ]
          ],
          [
            [
              3380450,
              1720875
            ],
            [
              3380450,
              1720900
            ]
          ],
          [
            [
              3380450,
              1720900
            ],
            [
              3380475,
              1720900
            ]
          ],
          [
            [
              3380475,
              1720900
            ],
            [
              3380500,
              1720900
            ]
          ],
          [
            [
              3380500,
              1720900
            ],
            [
              3380500,
              1720925
            ]
          ],
          [
            [
              3380500,
              1720925
            ],
            [
              3380525,
              1720925
            ]
          ],
          [
            [
              3380525,
              1720925
            ],
            [
              3380550,
              1720925
            ]
          ],
          [
            [
              3380550,
              1720925
            ],
            [
              3380550,
              1720950
            ]
          ],
          [
            [
              3380550,
              1720950
            ],
            [
              3380575,
              1720950
            ]
          ],
          [
            [
              3380575,
              1720950
            ],
            [
              3380600,
              1720950
            ]
          ],
          [
            [
              3380600,
              1720950
            ],
            [
              3380600,
              1720975
            ]
          ],
          [
            [
              3380600,
              1720975
            ],
            [
              3380625,
              1720975
            ]
          ],
          [
            [
              3380625,
              1720975
            ],
            [
              3380625,
              1721000
            ]
          ],
          [
            [
              3380625,
              1721000
            ],
            [
              3380625,
              1721025
            ]
          ],
          [
            [
              3380625,
              1721025
            ],
            [
              3380650,
              1721025
            ]
          ],
          [
            [
              3380650,
              1721025
            ],
            [
              3380650,
              1721050
            ]
          ],
          [
            [
              3380650,
              1721050
            ],
            [
              3380675,
              1721050
            ]
          ],
          [
            [
              3380675,
              1721050
            ],
            [
              3380675,
              1721075
            ]
          ],
          [
            [
              3380675,
              1721075
            ],
            [
              3380675,
              1721100
            ]
          ],
          [
            [
              3380675,
              1721100
            ],
            [
              3380700,
              1721100
            ]
          ],
          [
            [
              3380700,
              1721100
            ],
            [
              3380700,
              1721125
            ]
          ],
          [
            [
              3380700,
              1721125
            ],
            [
              3380700,
              1721150
            ]
          ],
          [
            [
              3380700,
              1721150
            ],
            [
              3380725,
              1721150
            ]
          ],
          [
            [
              3380725,
              1721150
            ],
            [
              3380725,
              1721175
            ]
          ],
          [
            [
              3380725,
              1721175
            ],
            [
              3380725,
              1721200
            ]
          ],
          [
            [
              3380725,
              1721200
            ],
            [
              3380725,
              1721225
            ]
          ],
          [
            [
              3380725,
              1721225
            ],
            [
              3380725,
              1721250
            ]
          ],
          [
            [
              3380725,
              1721250
            ],
            [
              3380750,
              1721250
            ]
          ],
          [
            [
              3380750,
              1721250
            ],
            [
              3380750,
              1721275
            ]
          ],
          [
            [
              3380750,
              1721275
            ],
            [
              3380750,
              1721300
            ]
          ],
          [
            [
              3380750,
              1721300
            ],
            [
              3380750,
              1721325
            ]
          ],
          [
            [
              3380750,
              1721325
            ],
            [
              3380775,
              1721325
            ]
          ],
          [
            [
              3380775,
              1721325
            ],
            [
              3380800,
              1721325
            ]
          ],
          [
            [
              3380800,
              1721325
            ],
            [
              3380800,
              1721350
            ]
          ],
          [
            [
              3380800,
              1721350
            ],
            [
              3380825,
              1721350
            ]
          ],
          [
            [
              3380825,
              1721350
            ],
            [
              3380850,
              1721350
            ]
          ],
          [
            [
              3380850,
              1721350
            ],
            [
              3380850,
              1721375
            ]
          ],
          [
            [
              3380850,
              1721375
            ],
            [
              3380875,
              1721375
            ]
          ],
          [
            [
              3380875,
              1721375
            ],
            [
              3380900,
              1721375
            ]
          ],
          [
            [
              3380900,
              1721375
            ],
            [
              3380900,
              1721400
            ]
          ],
          [
            [
              3380900,
              1721400
            ],
            [
              3380925,
              1721400
            ]
          ],
          [
            [
              3380925,
              1721400
            ],
            [
              3380950,
              1721400
            ]
          ],
          [
            [
              3380950,
              1721400
            ],
            [
              3380950,
              1721425
            ]
          ],
          [
            [
              3380950,
              1721425
            ],
            [
              3380975,
              1721425
            ]
          ],
          [
            [
              3380975,
              1721425
            ],
            [
              3380975,
              1721450
            ]
          ],
          [
            [
              3380975,
              1721450
            ],
            [
              3380975,
              1721475
            ]
          ],
          [
            [
              3380975,
              1721475
            ],
            [
              3381000,
              1721475
            ]
          ],
          [
            [
              3381000,
              1721475
            ],
            [
              3381000,
              1721500
            ]
          ],
          [
            [
              3381000,
              1721500
            ],
            [
              3381025,
              1721500
            ]
          ],
          [
            [
              3381025,
              1721500
            ],
            [
              3381025,
              1721525
            ]
          ],
          [
            [
              3381025,
              1721525
            ],
            [
              3381050,
              1721525
            ]
          ],
          [
            [
              3381050,
              1721525
            ],
            [
              3381050,
              1721550
            ]
          ],
          [
            [
              3381050,
              1721550
            ],
            [
              3381075,
              1721550
            ]
          ],
          [
            [
              3381075,
              1721550
            ],
            [
              3381100,
              1721550
            ]
          ],
          [
            [
              3381100,
              1721550
            ],
            [
              3381100,
              1721575
            ]
          ],
          [
            [
              3381100,
              1721575
            ],
            [
              3381125,
              1721575
            ]
          ],
          [
            [
              3381125,
              1721575
            ],
            [
              3381125,
              1721600
            ]
          ],
          [
            [
              3381125,
              1721600
            ],
            [
              3381150,
              1721600
            ]
          ],
          [
            [
              3381150,
              1721600
            ],
            [
              3381150,
              1721625
            ]
          ],
          [
            [
              3381150,
              1721625
            ],
            [
              3381175,
              1721625
            ]
          ],
          [
            [
              3381175,
              1721625
            ],
            [
              3381200,
              1721625
            ]
          ],
          [
            [
              3381200,
              1721625
            ],
            [
              3381225,
              1721625
            ]
          ],
          [
            [
              3381225,
              1721625
            ],
            [
              3381250,
              1721625
            ]
          ],
          [
            [
              3381250,
              1721625
            ],
            [
              3381275,
              1721625
            ]
          ],
          [
            [
              3381275,
              1721625
            ],
            [
              3381300,
              1721625
            ]
          ],
          [
            [
              3381300,
              1721625
            ],
            [
              3381325,
              1721625
            ]
          ],
          [
            [
              3381325,
              1721625
            ],
            [
              3381350,
              1721625
            ]
          ],
          [
            [
              3381350,
              1721625
            ],
            [
              3381375,
              1721625
            ]
          ],
          [
            [
              3381375,
              1721625
            ],
            [
              3381400,
              1721625
            ]
          ],
          [
            [
              3381400,
              1721625
            ],
            [
              3381400,
              1721650
            ]
          ],
          [
            [
              3381400,
              1721650
            ],
            [
              3381400,
              1721675
            ]
          ],
          [
            [
              3381400,
              1721675
            ],
            [
              3381425,
              1721675
            ]
          ],
          [
            [
              3381425,
              1721675
            ],
            [
              3381425,
              1721700
            ]
          ],
          [
            [
              3381425,
              1721700
            ],
            [
              3381425,
              1721725
            ]
          ],
          [
            [
              3381425,
              1721725
            ],
            [
              3381450,
              1721725
            ]
          ],
          [
            [
              3381450,
              1721725
            ],
            [
              3381450,
              1721750
            ]
          ],
          [
            [
              3381450,
              1721750
            ],
            [
              3381475,
              1721750
            ]
          ],
          [
            [
              3381475,
              1721750
            ],
            [
              3381475,
              1721775
            ]
          ],
          [
            [
              3381475,
              1721775
            ],
            [
              3381500,
              1721775
            ]
          ],
          [
            [
              3381500,
              1721775
            ],
            [
              3381500,
              1721800
            ]
          ],
          [
            [
              3381500,
              1721800
            ],
            [
              3381500,
              1721825
            ]
          ],
          [
            [
              3381500,
              1721825
            ],
            [
              3381525,
              1721825
            ]
          ],
          [
            [
              3381525,
              1721825
            ],
            [
              3381525,
              1721850
            ]
          ],
          [
            [
              3381525,
              1721850
            ],
            [
              3381525,
              1721875
            ]
          ],
          [
            [
              3381525,
              1721875
            ],
            [
              3381550,
              1721875
            ]
          ],
          [
            [
              3381550,
              1721875
            ],
            [
              3381550,
              1721900
            ]
          ],
          [
            [
              3381550,
              1721900
            ],
            [
              3381550,
              1721925
            ]
          ],
          [
            [
              3381550,
              1721925
            ],
            [
              3381575,
              1721925
            ]
          ],
          [
            [
              3381575,
              1721925
            ],
            [
              3381575,
              1721950
            ]
          ],
          [
            [
              3381575,
              1721950
            ],
            [
              3381600,
              1721950
            ]
          ],
          [
            [
              3381600,
              1721950
            ],
            [
              3381600,
              1721975
            ]
          ],
          [
            [
              3381600,
              1721975
            ],
            [
              3381600,
              1722000
            ]
          ],
          [
            [
              3381600,
              1722000
            ],
            [
              3381625,
              1722000
            ]
          ],
          [
            [
              3381625,
              1722000
            ],
            [
              3381625,
              1722025
            ]
          ],
          [
            [
              3381625,
              1722025
            ],
            [
              3381650,
              1722025
            ]
          ],
          [
            [
              3381650,
              1722025
            ],
            [
              3381650,
              1722050
            ]
          ],
          [
            [
              3381650,
              1722050
            ],
            [
              3381650,
              1722075
            ]
          ],
          [
            [
              3381650,
              1722075
            ],
            [
              3381650,
              1722100
            ]
          ],
          [
            [
              3381650,
              1722100
            ],
            [
              3381650,
              1722125
            ]
          ],
          [
            [
              3381650,
              1722125
            ],
            [
              3381650,
              1722150
            ]
          ],
          [
            [
              3381650,
              1722150
            ],
            [
              3381650,
              1722175
            ]
          ],
          [
            [
              3381650,
              1722175
            ],
            [
              3381650,
              1722200
            ]
          ],
          [
            [
              3381650,
              1722200
            ],
            [
              3381650,
              1722225
            ]
          ],
          [
            [
              3381650,
              1722225
            ],
            [
              3381650,
              1722250
            ]
          ],
          [
            [
              3381650,
              1722250
            ],
            [
              3381675,
              1722250
            ]
          ],
          [
            [
              3381650,
              1722350
            ],
            [
              3381650,
              1722375
            ]
          ],
          [
            [
              3381650,
              1722375
            ],
            [
              3381650,
              1722400
            ]
          ],
          [
            [
              3381650,
              1722400
            ],
            [
              3381650,
              1722425
            ]
          ],
          [
            [
              3381650,
              1722425
            ],
            [
              3381675,
              1722425
            ]
          ],
          [
            [
              3381675,
              1722250
            ],
            [
              3381675,
              1722275
            ]
          ],
          [
            [
              3381675,
              1722275
            ],
            [
              3381675,
              1722300
            ]
          ],
          [
            [
              3381675,
              1722300
            ],
            [
              3381700,
              1722300
            ]
          ],
          [
            [
              3381675,
              1722325
            ],
            [
              3381675,
              1722350
            ]
          ],
          [
            [
              3381675,
              1722350
            ],
            [
              3381650,
              1722350
            ]
          ],
          [
            [
              3381675,
              1722425
            ],
            [
              3381700,
              1722425
            ]
          ],
          [
            [
              3381700,
              1722300
            ],
            [
              3381700,
              1722325
            ]
          ],
          [
            [
              3381700,
              1722325
            ],
            [
              3381675,
              1722325
            ]
          ],
          [
            [
              3381700,
              1722425
            ],
            [
              3381700,
              1722450
            ]
          ],
          [
            [
              3381700,
              1722450
            ],
            [
              3381725,
              1722450
            ]
          ],
          [
            [
              3381725,
              1722450
            ],
            [
              3381725,
              1722475
            ]
          ],
          [
            [
              3381725,
              1722475
            ],
            [
              3381750,
              1722475
            ]
          ],
          [
            [
              3381750,
              1722475
            ],
            [
              3381775,
              1722475
            ]
          ],
          [
            [
              3381750,
              1722550
            ],
            [
              3381750,
              1722575
            ]
          ],
          [
            [
              3381750,
              1722575
            ],
            [
              3381750,
              1722600
            ]
          ],
          [
            [
              3381750,
              1722600
            ],
            [
              3381750,
              1722625
            ]
          ],
          [
            [
              3381750,
              1722625
            ],
            [
              3381750,
              1722650
            ]
          ],
          [
            [
              3381750,
              1722650
            ],
            [
              3381775,
              1722650
            ]
          ],
          [
            [
              3381775,
              1722475
            ],
            [
              3381775,
              1722500
            ]
          ],
          [
            [
              3381775,
              1722500
            ],
            [
              3381800,
              1722500
            ]
          ],
          [
            [
              3381775,
              1722525
            ],
            [
              3381775,
              1722550
            ]
          ],
          [
            [
              3381775,
              1722550
            ],
            [
              3381750,
              1722550
            ]
          ],
          [
            [
              3381775,
              1722650
            ],
            [
              3381775,
              1722675
            ]
          ],
          [
            [
              3381775,
              1722675
            ],
            [
              3381775,
              1722700
            ]
          ],
          [
            [
              3381775,
              1722700
            ],
            [
              3381800,
              1722700
            ]
          ],
          [
            [
              3381800,
              1722500
            ],
            [
              3381800,
              1722525
            ]
          ],
          [
            [
              3381800,
              1722525
            ],
            [
              3381775,
              1722525
            ]
          ],
          [
            [
              3381800,
              1722700
            ],
            [
              3381800,
              1722725
            ]
          ],
          [
            [
              3381800,
              1722725
            ],
            [
              3381800,
              1722750
            ]
          ],
          [
            [
              3381800,
              1722750
            ],
            [
              3381825,
              1722750
            ]
          ],
          [
            [
              3381825,
              1722750
            ],
            [
              3381825,
              1722775
            ]
          ],
          [
            [
              3381825,
              1722775
            ],
            [
              3381825,
              1722800
            ]
          ],
          [
            [
              3381825,
              1722800
            ],
            [
              3381850,
              1722800
            ]
          ],
          [
            [
              3381850,
              1722800
            ],
            [
              3381850,
              1722825
            ]
          ],
          [
            [
              3381850,
              1722825
            ],
            [
              3381850,
              1722850
            ]
          ],
          [
            [
              3381850,
              1722850
            ],
            [
              3381875,
              1722850
            ]
          ],
          [
            [
              3381875,
              1722850
            ],
            [
              3381875,
              1722875
            ]
          ],
          [
            [
              3381875,
              1722875
            ],
            [
              3381900,
              1722875
            ]
          ],
          [
            [
              3381900,
              1722875
            ],
            [
              3381900,
              1722900
            ]
          ],
          [
            [
              3381900,
              1722900
            ],
            [
              3381900,
              1722925
            ]
          ],
          [
            [
              3381900,
              1722925
            ],
            [
              3381900,
              1722950
            ]
          ],
          [
            [
              3381900,
              1722950
            ],
            [
              3381900,
              1722975
            ]
          ],
          [
            [
              3381900,
              1722975
            ],
            [
              3381925,
              1722975
            ]
          ],
          [
            [
              3381925,
              1722975
            ],
            [
              3381925,
              1723000
            ]
          ],
          [
            [
              3381925,
              1723000
            ],
            [
              3381925,
              1723025
            ]
          ],
          [
            [
              3381925,
              1723025
            ],
            [
              3381950,
              1723025
            ]
          ],
          [
            [
              3381950,
              1723025
            ],
            [
              3381950,
              1723050
            ]
          ],
          [
            [
              3381950,
              1723050
            ],
            [
              3381975,
              1723050
            ]
          ],
          [
            [
              3381975,
              1723050
            ],
            [
              3381975,
              1723075
            ]
          ],
          [
            [
              3381975,
              1723075
            ],
            [
              3382000,
              1723075
            ]
          ],
          [
            [
              3382000,
              1723075
            ],
            [
              3382000,
              1723100
            ]
          ],
          [
            [
              3382000,
              1723100
            ],
            [
              3382025,
              1723100
            ]
          ],
          [
            [
              3382025,
              1723100
            ],
            [
              3382025,
              1723125
            ]
          ],
          [
            [
              3382025,
              1723125
            ],
            [
              3382050,
              1723125
            ]
          ],
          [
            [
              3382050,
              1723125
            ],
            [
              3382075,
              1723125
            ]
          ],
          [
            [
              3382075,
              1723125
            ],
            [
              3382075,
              1723150
            ]
          ],
          [
            [
              3382075,
              1723150
            ],
            [
              3382100,
              1723150
            ]
          ],
          [
            [
              3382100,
              1723150
            ],
            [
              3382100,
              1723175
            ]
          ],
          [
            [
              3382100,
              1723175
            ],
            [
              3382125,
              1723175
            ]
          ],
          [
            [
              3382125,
              1723175
            ],
            [
              3382150,
              1723175
            ]
          ],
          [
            [
              3382150,
              1723175
            ],
            [
              3382175,
              1723175
            ]
          ],
          [
            [
              3382175,
              1723175
            ],
            [
              3382200,
              1723175
            ]
          ],
          [
            [
              3382175,
              1724250
            ],
            [
              3382175,
              1724275
            ]
          ],
          [
            [
              3382175,
              1724275
            ],
            [
              3382175,
              1724300
            ]
          ],
          [
            [
              3382175,
              1724300
            ],
            [
              3382175,
              1724325
            ]
          ],
          [
            [
              3382175,
              1724325
            ],
            [
              3382175,
              1724350
            ]
          ],
          [
            [
              3382175,
              1724350
            ],
            [
              3382175,
              1724375
            ]
          ],
          [
            [
              3382175,
              1724375
            ],
            [
              3382175,
              1724400
            ]
          ],
          [
            [
              3382175,
              1724400
            ],
            [
              3382175,
              1724425
            ]
          ],
          [
            [
              3382175,
              1724425
            ],
            [
              3382175,
              1724450
            ]
          ],
          [
            [
              3382175,
              1724450
            ],
            [
              3382175,
              1724475
            ]
          ],
          [
            [
              3382175,
              1724475
            ],
            [
              3382175,
              1724500
            ]
          ],
          [
            [
              3382175,
              1724500
            ],
            [
              3382175,
              1724525
            ]
          ],
          [
            [
              3382175,
              1724525
            ],
            [
              3382175,
              1724550
            ]
          ],
          [
            [
              3382175,
              1724550
            ],
            [
              3382175,
              1724575
            ]
          ],
          [
            [
              3382175,
              1724575
            ],
            [
              3382175,
              1724600
            ]
          ],
          [
            [
              3382175,
              1724600
            ],
            [
              3382175,
              1724625
            ]
          ],
          [
            [
              3382175,
              1724625
            ],
            [
              3382175,
              1724650
            ]
          ],
          [
            [
              3382175,
              1724650
            ],
            [
              3382175,
              1724675
            ]
          ],
          [
            [
              3382175,
              1724675
            ],
            [
              3382175,
              1724700
            ]
          ],
          [
            [
              3382175,
              1724700
            ],
            [
              3382175,
              1724725
            ]
          ],
          [
            [
              3382175,
              1724725
            ],
            [
              3382175,
              1724750
            ]
          ],
          [
            [
              3382175,
              1724750
            ],
            [
              3382200,
              1724750
            ]
          ],
          [
            [
              3382200,
              1723175
            ],
            [
              3382225,
              1723175
            ]
          ],
          [
            [
              3382200,
              1724225
            ],
            [
              3382200,
              1724250
            ]
          ],
          [
            [
              3382200,
              1724250
            ],
            [
              3382175,
              1724250
            ]
          ],
          [
            [
              3382200,
              1724750
            ],
            [
              3382200,
              1724775
            ]
          ],
          [
            [
              3382200,
              1724775
            ],
            [
              3382200,
              1724800
            ]
          ],
          [
            [
              3382200,
              1724800
            ],
            [
              3382225,
              1724800
            ]
          ],
          [
            [
              3382225,
              1723175
            ],
            [
              3382225,
              1723200
            ]
          ],
          [
            [
              3382225,
              1723200
            ],
            [
              3382250,
              1723200
            ]
          ],
          [
            [
              3382225,
              1724175
            ],
            [
              3382225,
              1724200
            ]
          ],
          [
            [
              3382225,
              1724200
            ],
            [
              3382225,
              1724225
            ]
          ],
          [
            [
              3382225,
              1724225
            ],
            [
              3382200,
              1724225
            ]
          ],
          [
            [
              3382225,
              1724800
            ],
            [
              3382225,
              1724825
            ]
          ],
          [
            [
              3382225,
              1724825
            ],
            [
              3382225,
              1724850
            ]
          ],
          [
            [
              3382225,
              1724850
            ],
            [
              3382225,
              1724875
            ]
          ],
          [
            [
              3382225,
              1724875
            ],
            [
              3382225,
              1724900
            ]
          ],
          [
            [
              3382225,
              1724900
            ],
            [
              3382225,
              1724925
            ]
          ],
          [
            [
              3382225,
              1724925
            ],
            [
              3382225,
              1724950
            ]
          ],
          [
            [
              3382225,
              1724950
            ],
            [
              3382225,
              1724975
            ]
          ],
          [
            [
              3382225,
              1724975
            ],
            [
              3382225,
              1725000
            ]
          ],
          [
            [
              3382225,
              1725000
            ],
            [
              3382225,
              1725025
            ]
          ],
          [
            [
              3382225,
              1725025
            ],
            [
              3382225,
              1725050
            ]
          ],
          [
            [
              3382225,
              1725050
            ],
            [
              3382225,
              1725075
            ]
          ],
          [
            [
              3382225,
              1725075
            ],
            [
              3382225,
              1725100
            ]
          ],
          [
            [
              3382225,
              1725100
            ],
            [
              3382225,
              1725125
            ]
          ],
          [
            [
              3382225,
              1725125
            ],
            [
              3382225,
              1725150
            ]
          ],
          [
            [
              3382225,
              1725150
            ],
            [
              3382225,
              1725175
            ]
          ],
          [
            [
              3382225,
              1725175
            ],
            [
              3382225,
              1725200
            ]
          ],
          [
            [
              3382225,
              1725200
            ],
            [
              3382225,
              1725225
            ]
          ],
          [
            [
              3382225,
              1725225
            ],
            [
              3382225,
              1725250
            ]
          ],
          [
            [
              3382225,
              1725250
            ],
            [
              3382225,
              1725275
            ]
          ],
          [
            [
              3382225,
              1725275
            ],
            [
              3382225,
              1725300
            ]
          ],
          [
            [
              3382225,
              1725300
            ],
            [
              3382225,
              1725325
            ]
          ],
          [
            [
              3382225,
              1725325
            ],
            [
              3382250,
              1725325
            ]
          ],
          [
            [
              3382250,
              1723200
            ],
            [
              3382275,
              1723200
            ]
          ],
          [
            [
              3382250,
              1724125
            ],
            [
              3382250,
              1724150
            ]
          ],
          [
            [
              3382250,
              1724150
            ],
            [
              3382250,
              1724175
            ]
          ],
          [
            [
              3382250,
              1724175
            ],
            [
              3382225,
              1724175
            ]
          ],
          [
            [
              3382250,
              1725325
            ],
            [
              3382250,
              1725350
            ]
          ],
          [
            [
              3382250,
              1725350
            ],
            [
              3382250,
              1725375
            ]
          ],
          [
            [
              3382250,
              1725375
            ],
            [
              3382250,
              1725400
            ]
          ],
          [
            [
              3382250,
              1725400
            ],
            [
              3382275,
              1725400
            ]
          ],
          [
            [
              3382275,
              1723200
            ],
            [
              3382275,
              1723225
            ]
          ],
          [
            [
              3382275,
              1723225
            ],
            [
              3382300,
              1723225
            ]
          ],
          [
            [
              3382275,
              1724100
            ],
            [
              3382275,
              1724125
            ]
          ],
          [
            [
              3382275,
              1724125
            ],
            [
              3382250,
              1724125
            ]
          ],
          [
            [
              3382275,
              1725400
            ],
            [
              3382275,
              1725425
            ]
          ],
          [
            [
              3382275,
              1725425
            ],
            [
              3382275,
              1725450
            ]
          ],
          [
            [
              3382275,
              1725450
            ],
            [
              3382275,
              1725475
            ]
          ],
          [
            [
              3382275,
              1725475
            ],
            [
              3382275,
              1725500
            ]
          ],
          [
            [
              3382275,
              1725500
            ],
            [
              3382275,
              1725525
            ]
          ],
          [
            [
              3382275,
              1725525
            ],
            [
              3382275,
              1725550
            ]
          ],
          [
            [
              3382275,
              1725550
            ],
            [
              3382275,
              1725575
            ]
          ],
          [
            [
              3382275,
              1725575
            ],
            [
              3382275,
              1725600
            ]
          ],
          [
            [
              3382275,
              1725600
            ],
            [
              3382275,
              1725625
            ]
          ],
          [
            [
              3382275,
              1725625
            ],
            [
              3382275,
              1725650
            ]
          ],
          [
            [
              3382275,
              1725650
            ],
            [
              3382275,
              1725675
            ]
          ],
          [
            [
              3382275,
              1725675
            ],
            [
              3382275,
              1725700
            ]
          ],
          [
            [
              3382275,
              1725700
            ],
            [
              3382275,
              1725725
            ]
          ],
          [
            [
              3382275,
              1725725
            ],
            [
              3382300,
              1725725
            ]
          ],
          [
            [
              3382300,
              1723225
            ],
            [
              3382325,
              1723225
            ]
          ],
          [
            [
              3382300,
              1723950
            ],
            [
              3382300,
              1723975
            ]
          ],
          [
            [
              3382300,
              1723975
            ],
            [
              3382300,
              1724000
            ]
          ],
          [
            [
              3382300,
              1724000
            ],
            [
              3382300,
              1724025
            ]
          ],
          [
            [
              3382300,
              1724025
            ],
            [
              3382300,
              1724050
            ]
          ],
          [
            [
              3382300,
              1724050
            ],
            [
              3382300,
              1724075
            ]
          ],
          [
            [
              3382300,
              1724075
            ],
            [
              3382300,
              1724100
            ]
          ],
          [
            [
              3382300,
              1724100
            ],
            [
              3382275,
              1724100
            ]
          ],
          [
            [
              3382300,
              1725725
            ],
            [
              3382300,
              1725750
            ]
          ],
          [
            [
              3382300,
              1725750
            ],
            [
              3382300,
              1725775
            ]
          ],
          [
            [
              3382300,
              1725775
            ],
            [
              3382300,
              1725800
            ]
          ],
          [
            [
              3382300,
              1725800
            ],
            [
              3382300,
              1725825
            ]
          ],
          [
            [
              3382300,
              1725825
            ],
            [
              3382300,
              1725850
            ]
          ],
          [
            [
              3382300,
              1725850
            ],
            [
              3382300,
              1725875
            ]
          ],
          [
            [
              3382300,
              1725875
            ],
            [
              3382300,
              1725900
            ]
          ],
          [
            [
              3382300,
              1725900
            ],
            [
              3382300,
              1725925
            ]
          ],
          [
            [
              3382300,
              1725925
            ],
            [
              3382325,
              1725925
            ]
          ],
          [
            [
              3382325,
              1723225
            ],
            [
              3382350,
              1723225
            ]
          ],
          [
            [
              3382325,
              1723925
            ],
            [
              3382325,
              1723950
            ]
          ],
          [
            [
              3382325,
              1723950
            ],
            [
              3382300,
              1723950
            ]
          ],
          [
            [
              3382325,
              1725925
            ],
            [
              3382325,
              1725950
            ]
          ],
          [
            [
              3382325,
              1725950
            ],
            [
              3382325,
              1725975
            ]
          ],
          [
            [
              3382325,
              1725975
            ],
            [
              3382325,
              1726000
            ]
          ],
          [
            [
              3382325,
              1726000
            ],
            [
              3382325,
              1726025
            ]
          ],
          [
            [
              3382325,
              1726025
            ],
            [
              3382325,
              1726050
            ]
          ],
          [
            [
              3382325,
              1726050
            ],
            [
              3382325,
              1726075
            ]
          ],
          [
            [
              3382325,
              1726075
            ],
            [
              3382325,
              1726100
            ]
          ],
          [
            [
              3382325,
              1726100
            ],
            [
              3382325,
              1726125
            ]
          ],
          [
            [
              3382325,
              1726125
            ],
            [
              3382350,
              1726125
            ]
          ],
          [
            [
              3382350,
              1723225
            ],
            [
              3382375,
              1723225
            ]
          ],
          [
            [
              3382350,
              1723900
            ],
            [
              3382350,
              1723925
            ]
          ],
          [
            [
              3382350,
              1723925
            ],
            [
              3382325,
              1723925
            ]
          ],
          [
            [
              3382350,
              1726125
            ],
            [
              3382350,
              1726150
            ]
          ],
          [
            [
              3382350,
              1726150
            ],
            [
              3382350,
              1726175
            ]
          ],
          [
            [
              3382350,
              1726175
            ],
            [
              3382375,
              1726175
            ]
          ],
          [
            [
              3382375,
              1723225
            ],
            [
              3382375,
              1723250
            ]
          ],
          [
            [
              3382375,
              1723250
            ],
            [
              3382375,
              1723275
            ]
          ],
          [
            [
              3382375,
              1723275
            ],
            [
              3382375,
              1723300
            ]
          ],
          [
            [
              3382375,
              1723300
            ],
            [
              3382375,
              1723325
            ]
          ],
          [
            [
              3382375,
              1723325
            ],
            [
              3382400,
              1723325
            ]
          ],
          [
            [
              3382375,
              1723900
            ],
            [
              3382350,
              1723900
            ]
          ],
          [
            [
              3382375,
              1726175
            ],
            [
              3382375,
              1726200
            ]
          ],
          [
            [
              3382375,
              1726200
            ],
            [
              3382375,
              1726225
            ]
          ],
          [
            [
              3382375,
              1726225
            ],
            [
              3382375,
              1726250
            ]
          ],
          [
            [
              3382375,
              1726250
            ],
            [
              3382375,
              1726275
            ]
          ],
          [
            [
              3382375,
              1726275
            ],
            [
              3382400,
              1726275
            ]
          ],
          [
            [
              3382400,
              1723325
            ],
            [
              3382400,
              1723350
            ]
          ],
          [
            [
              3382400,
              1723350
            ],
            [
              3382400,
              1723375
            ]
          ],
          [
            [
              3382400,
              1723375
            ],
            [
              3382400,
              1723400
            ]
          ],
          [
            [
              3382400,
              1723400
            ],
            [
              3382400,
              1723425
            ]
          ],
          [
            [
              3382400,
              1723425
            ],
            [
              3382425,
              1723425
            ]
          ],
          [
            [
              3382400,
              1723875
            ],
            [
              3382400,
              1723900
            ]
          ],
          [
            [
              3382400,
              1723900
            ],
            [
              3382375,
              1723900
            ]
          ],
          [
            [
              3382400,
              1726275
            ],
            [
              3382400,
              1726300
            ]
          ],
          [
            [
              3382400,
              1726300
            ],
            [
              3382400,
              1726325
            ]
          ],
          [
            [
              3382400,
              1726325
            ],
            [
              3382400,
              1726350
            ]
          ],
          [
            [
              3382400,
              1726350
            ],
            [
              3382425,
              1726350
            ]
          ],
          [
            [
              3382425,
              1723425
            ],
            [
              3382425,
              1723450
            ]
          ],
          [
            [
              3382425,
              1723450
            ],
            [
              3382425,
              1723475
            ]
          ],
          [
            [
              3382425,
              1723475
            ],
            [
              3382425,
              1723500
            ]
          ],
          [
            [
              3382425,
              1723500
            ],
            [
              3382425,
              1723525
            ]
          ],
          [
            [
              3382425,
              1723525
            ],
            [
              3382425,
              1723550
            ]
          ],
          [
            [
              3382425,
              1723550
            ],
            [
              3382425,
              1723575
            ]
          ],
          [
            [
              3382425,
              1723575
            ],
            [
              3382450,
              1723575
            ]
          ],
          [
            [
              3382425,
              1723875
            ],
            [
              3382400,
              1723875
            ]
          ],
          [
            [
              3382425,
              1726350
            ],
            [
              3382425,
              1726375
            ]
          ],
          [
            [
              3382425,
              1726375
            ],
            [
              3382425,
              1726400
            ]
          ],
          [
            [
              3382425,
              1726400
            ],
            [
              3382450,
              1726400
            ]
          ],
          [
            [
              3382450,
              1723575
            ],
            [
              3382450,
              1723600
            ]
          ],
          [
            [
              3382450,
              1723600
            ],
            [
              3382450,
              1723625
            ]
          ],
          [
            [
              3382450,
              1723625
            ],
            [
              3382450,
              1723650
            ]
          ],
          [
            [
              3382450,
              1723650
            ],
            [
              3382475,
              1723650
            ]
          ],
          [
            [
              3382450,
              1723725
            ],
            [
              3382450,
              1723750
            ]
          ],
          [
            [
              3382450,
              1723750
            ],
            [
              3382450,
              1723775
            ]
          ],
          [
            [
              3382450,
              1723775
            ],
            [
              3382450,
              1723800
            ]
          ],
          [
            [
              3382450,
              1723800
            ],
            [
              3382450,
              1723825
            ]
          ],
          [
            [
              3382450,
              1723825
            ],
            [
              3382450,
              1723850
            ]
          ],
          [
            [
              3382450,
              1723850
            ],
            [
              3382450,
              1723875
            ]
          ],
          [
            [
              3382450,
              1723875
            ],
            [
              3382425,
              1723875
            ]
          ],
          [
            [
              3382450,
              1726400
            ],
            [
              3382450,
              1726425
            ]
          ],
          [
            [
              3382450,
              1726425
            ],
            [
              3382475,
              1726425
            ]
          ],
          [
            [
              3382475,
              1723650
            ],
            [
              3382475,
              1723675
            ]
          ],
          [
            [
              3382475,
              1723675
            ],
            [
              3382475,
              1723700
            ]
          ],
          [
            [
              3382475,
              1723700
            ],
            [
              3382475,
              1723725
            ]
          ],
          [
            [
              3382475,
              1723725
            ],
            [
              3382450,
              1723725
            ]
          ],
          [
            [
              3382475,
              1726425
            ],
            [
              3382475,
              1726450
            ]
          ],
          [
            [
              3382475,
              1726450
            ],
            [
              3382500,
              1726450
            ]
          ],
          [
            [
              3382500,
              1726450
            ],
            [
              3382500,
              1726475
            ]
          ],
          [
            [
              3382500,
              1726475
            ],
            [
              3382525,
              1726475
            ]
          ],
          [
            [
              3382525,
              1726475
            ],
            [
              3382525,
              1726500
            ]
          ],
          [
            [
              3382525,
              1726500
            ],
            [
              3382550,
              1726500
            ]
          ],
          [
            [
              3382550,
              1726500
            ],
            [
              3382575,
              1726500
            ]
          ],
          [
            [
              3382550,
              1726925
            ],
            [
              3382550,
              1726950
            ]
          ],
          [
            [
              3382550,
              1726950
            ],
            [
              3382550,
              1726975
            ]
          ],
          [
            [
              3382550,
              1726975
            ],
            [
              3382550,
              1727000
            ]
          ],
          [
            [
              3382550,
              1727000
            ],
            [
              3382550,
              1727025
            ]
          ],
          [
            [
              3382550,
              1727025
            ],
            [
              3382550,
              1727050
            ]
          ],
          [
            [
              3382550,
              1727050
            ],
            [
              3382550,
              1727075
            ]
          ],
          [
            [
              3382550,
              1727075
            ],
            [
              3382550,
              1727100
            ]
          ],
          [
            [
              3382550,
              1727100
            ],
            [
              3382550,
              1727125
            ]
          ],
          [
            [
              3382550,
              1727125
            ],
            [
              3382550,
              1727150
            ]
          ],
          [
            [
              3382550,
              1727150
            ],
            [
              3382550,
              1727175
            ]
          ],
          [
            [
              3382550,
              1727175
            ],
            [
              3382575,
              1727175
            ]
          ],
          [
            [
              3382575,
              1726500
            ],
            [
              3382575,
              1726525
            ]
          ],
          [
            [
              3382575,
              1726525
            ],
            [
              3382575,
              1726550
            ]
          ],
          [
            [
              3382575,
              1726550
            ],
            [
              3382575,
              1726575
            ]
          ],
          [
            [
              3382575,
              1726575
            ],
            [
              3382575,
              1726600
            ]
          ],
          [
            [
              3382575,
              1726600
            ],
            [
              3382575,
              1726625
            ]
          ],
          [
            [
              3382575,
              1726625
            ],
            [
              3382575,
              1726650
            ]
          ],
          [
            [
              3382575,
              1726650
            ],
            [
              3382575,
              1726675
            ]
          ],
          [
            [
              3382575,
              1726675
            ],
            [
              3382575,
              1726700
            ]
          ],
          [
            [
              3382575,
              1726700
            ],
            [
              3382575,
              1726725
            ]
          ],
          [
            [
              3382575,
              1726725
            ],
            [
              3382575,
              1726750
            ]
          ],
          [
            [
              3382575,
              1726750
            ],
            [
              3382575,
              1726775
            ]
          ],
          [
            [
              3382575,
              1726775
            ],
            [
              3382600,
              1726775
            ]
          ],
          [
            [
              3382575,
              1726850
            ],
            [
              3382575,
              1726875
            ]
          ],
          [
            [
              3382575,
              1726875
            ],
            [
              3382575,
              1726900
            ]
          ],
          [
            [
              3382575,
              1726900
            ],
            [
              3382575,
              1726925
            ]
          ],
          [
            [
              3382575,
              1726925
            ],
            [
              3382550,
              1726925
            ]
          ],
          [
            [
              3382575,
              1727175
            ],
            [
              3382575,
              1727200
            ]
          ],
          [
            [
              3382575,
              1727200
            ],
            [
              3382600,
              1727200
            ]
          ],
          [
            [
              3382600,
              1726775
            ],
            [
              3382600,
              1726800
            ]
          ],
          [
            [
              3382600,
              1726800
            ],
            [
              3382600,
              1726825
            ]
          ],
          [
            [
              3382600,
              1726825
            ],
            [
              3382600,
              1726850
            ]
          ],
          [
            [
              3382600,
              1726850
            ],
            [
              3382575,
              1726850
            ]
          ],
          [
            [
              3382600,
              1727200
            ],
            [
              3382600,
              1727225
            ]
          ],
          [
            [
              3382600,
              1727225
            ],
            [
              3382600,
              1727250
            ]
          ],
          [
            [
              3382600,
              1727250
            ],
            [
              3382600,
              1727275
            ]
          ],
          [
            [
              3382600,
              1727275
            ],
            [
              3382600,
              1727300
            ]
          ],
          [
            [
              3382600,
              1727300
            ],
            [
              3382600,
              1727325
            ]
          ],
          [
            [
              3382600,
              1727325
            ],
            [
              3382600,
              1727350
            ]
          ],
          [
            [
              3382600,
              1727350
            ],
            [
              3382600,
              1727375
            ]
          ],
          [
            [
              3382600,
              1727375
            ],
            [
              3382625,
              1727375
            ]
          ],
          [
            [
              3382625,
              1727375
            ],
            [
              3382625,
              1727400
            ]
          ],
          [
            [
              3382625,
              1727400
            ],
            [
              3382625,
              1727425
            ]
          ],
          [
            [
              3382625,
              1727425
            ],
            [
              3382625,
              1727450
            ]
          ],
          [
            [
              3382625,
              1727450
            ],
            [
              3382625,
              1727475
            ]
          ]
        ]
      }
    },
    {
      "type": "Feature",
      "id": "coverage-edge",
      "properties": {
        "settlementId": "es-torrevieja",
        "kind": "coverage-edge",
        "clippedByCoverage": true,
        "boundarySourceViewportIds": [
          "tv-epsg3035-25-w134932-s68669-c376-r430"
        ]
      },
      "geometry": {
        "type": "MultiLineString",
        "coordinates": [
          [
            [
              3373300,
              1716725
            ],
            [
              3373325,
              1716725
            ]
          ],
          [
            [
              3373300,
              1716750
            ],
            [
              3373300,
              1716725
            ]
          ],
          [
            [
              3373300,
              1716775
            ],
            [
              3373300,
              1716750
            ]
          ],
          [
            [
              3373300,
              1716800
            ],
            [
              3373300,
              1716775
            ]
          ],
          [
            [
              3373300,
              1716825
            ],
            [
              3373300,
              1716800
            ]
          ],
          [
            [
              3373300,
              1716850
            ],
            [
              3373300,
              1716825
            ]
          ],
          [
            [
              3373300,
              1716875
            ],
            [
              3373300,
              1716850
            ]
          ],
          [
            [
              3373300,
              1716900
            ],
            [
              3373300,
              1716875
            ]
          ],
          [
            [
              3373300,
              1716925
            ],
            [
              3373300,
              1716900
            ]
          ],
          [
            [
              3373300,
              1716950
            ],
            [
              3373300,
              1716925
            ]
          ],
          [
            [
              3373300,
              1716975
            ],
            [
              3373300,
              1716950
            ]
          ],
          [
            [
              3373300,
              1717000
            ],
            [
              3373300,
              1716975
            ]
          ],
          [
            [
              3373300,
              1717025
            ],
            [
              3373300,
              1717000
            ]
          ],
          [
            [
              3373300,
              1717050
            ],
            [
              3373300,
              1717025
            ]
          ],
          [
            [
              3373300,
              1717075
            ],
            [
              3373300,
              1717050
            ]
          ],
          [
            [
              3373300,
              1717100
            ],
            [
              3373300,
              1717075
            ]
          ],
          [
            [
              3373300,
              1717125
            ],
            [
              3373300,
              1717100
            ]
          ],
          [
            [
              3373300,
              1717150
            ],
            [
              3373300,
              1717125
            ]
          ],
          [
            [
              3373300,
              1717175
            ],
            [
              3373300,
              1717150
            ]
          ],
          [
            [
              3373300,
              1717200
            ],
            [
              3373300,
              1717175
            ]
          ],
          [
            [
              3373300,
              1717225
            ],
            [
              3373300,
              1717200
            ]
          ],
          [
            [
              3373300,
              1717250
            ],
            [
              3373300,
              1717225
            ]
          ],
          [
            [
              3373300,
              1717275
            ],
            [
              3373300,
              1717250
            ]
          ],
          [
            [
              3373300,
              1717300
            ],
            [
              3373300,
              1717275
            ]
          ],
          [
            [
              3373300,
              1717325
            ],
            [
              3373300,
              1717300
            ]
          ],
          [
            [
              3373300,
              1717350
            ],
            [
              3373300,
              1717325
            ]
          ],
          [
            [
              3373300,
              1717375
            ],
            [
              3373300,
              1717350
            ]
          ],
          [
            [
              3373300,
              1717400
            ],
            [
              3373300,
              1717375
            ]
          ],
          [
            [
              3373300,
              1717425
            ],
            [
              3373300,
              1717400
            ]
          ],
          [
            [
              3373300,
              1717450
            ],
            [
              3373300,
              1717425
            ]
          ],
          [
            [
              3373300,
              1717475
            ],
            [
              3373300,
              1717450
            ]
          ],
          [
            [
              3373300,
              1717500
            ],
            [
              3373300,
              1717475
            ]
          ],
          [
            [
              3373300,
              1717525
            ],
            [
              3373300,
              1717500
            ]
          ],
          [
            [
              3373300,
              1717550
            ],
            [
              3373300,
              1717525
            ]
          ],
          [
            [
              3373300,
              1717575
            ],
            [
              3373300,
              1717550
            ]
          ],
          [
            [
              3373300,
              1717600
            ],
            [
              3373300,
              1717575
            ]
          ],
          [
            [
              3373300,
              1717625
            ],
            [
              3373300,
              1717600
            ]
          ],
          [
            [
              3373300,
              1717650
            ],
            [
              3373300,
              1717625
            ]
          ],
          [
            [
              3373300,
              1717675
            ],
            [
              3373300,
              1717650
            ]
          ],
          [
            [
              3373300,
              1717700
            ],
            [
              3373300,
              1717675
            ]
          ],
          [
            [
              3373300,
              1717725
            ],
            [
              3373300,
              1717700
            ]
          ],
          [
            [
              3373300,
              1717750
            ],
            [
              3373300,
              1717725
            ]
          ],
          [
            [
              3373300,
              1717775
            ],
            [
              3373300,
              1717750
            ]
          ],
          [
            [
              3373300,
              1717800
            ],
            [
              3373300,
              1717775
            ]
          ],
          [
            [
              3373300,
              1717825
            ],
            [
              3373300,
              1717800
            ]
          ],
          [
            [
              3373300,
              1717850
            ],
            [
              3373300,
              1717825
            ]
          ],
          [
            [
              3373300,
              1717875
            ],
            [
              3373300,
              1717850
            ]
          ],
          [
            [
              3373300,
              1717900
            ],
            [
              3373300,
              1717875
            ]
          ],
          [
            [
              3373300,
              1717925
            ],
            [
              3373300,
              1717900
            ]
          ],
          [
            [
              3373300,
              1717950
            ],
            [
              3373300,
              1717925
            ]
          ],
          [
            [
              3373300,
              1717975
            ],
            [
              3373300,
              1717950
            ]
          ],
          [
            [
              3373300,
              1718000
            ],
            [
              3373300,
              1717975
            ]
          ],
          [
            [
              3373300,
              1718025
            ],
            [
              3373300,
              1718000
            ]
          ],
          [
            [
              3373300,
              1718050
            ],
            [
              3373300,
              1718025
            ]
          ],
          [
            [
              3373300,
              1718075
            ],
            [
              3373300,
              1718050
            ]
          ],
          [
            [
              3373300,
              1718100
            ],
            [
              3373300,
              1718075
            ]
          ],
          [
            [
              3373300,
              1718125
            ],
            [
              3373300,
              1718100
            ]
          ],
          [
            [
              3373300,
              1718150
            ],
            [
              3373300,
              1718125
            ]
          ],
          [
            [
              3373300,
              1718175
            ],
            [
              3373300,
              1718150
            ]
          ],
          [
            [
              3373300,
              1718200
            ],
            [
              3373300,
              1718175
            ]
          ],
          [
            [
              3373300,
              1718225
            ],
            [
              3373300,
              1718200
            ]
          ],
          [
            [
              3373300,
              1718250
            ],
            [
              3373300,
              1718225
            ]
          ],
          [
            [
              3373300,
              1718275
            ],
            [
              3373300,
              1718250
            ]
          ],
          [
            [
              3373300,
              1718300
            ],
            [
              3373300,
              1718275
            ]
          ],
          [
            [
              3373300,
              1718325
            ],
            [
              3373300,
              1718300
            ]
          ],
          [
            [
              3373300,
              1718350
            ],
            [
              3373300,
              1718325
            ]
          ],
          [
            [
              3373300,
              1718375
            ],
            [
              3373300,
              1718350
            ]
          ],
          [
            [
              3373300,
              1718400
            ],
            [
              3373300,
              1718375
            ]
          ],
          [
            [
              3373300,
              1718425
            ],
            [
              3373300,
              1718400
            ]
          ],
          [
            [
              3373300,
              1718450
            ],
            [
              3373300,
              1718425
            ]
          ],
          [
            [
              3373300,
              1718475
            ],
            [
              3373300,
              1718450
            ]
          ],
          [
            [
              3373300,
              1718500
            ],
            [
              3373300,
              1718475
            ]
          ],
          [
            [
              3373300,
              1718525
            ],
            [
              3373300,
              1718500
            ]
          ],
          [
            [
              3373300,
              1718550
            ],
            [
              3373300,
              1718525
            ]
          ],
          [
            [
              3373300,
              1718575
            ],
            [
              3373300,
              1718550
            ]
          ],
          [
            [
              3373300,
              1718600
            ],
            [
              3373300,
              1718575
            ]
          ],
          [
            [
              3373300,
              1718625
            ],
            [
              3373300,
              1718600
            ]
          ],
          [
            [
              3373300,
              1718650
            ],
            [
              3373300,
              1718625
            ]
          ],
          [
            [
              3373300,
              1718675
            ],
            [
              3373300,
              1718650
            ]
          ],
          [
            [
              3373300,
              1718700
            ],
            [
              3373300,
              1718675
            ]
          ],
          [
            [
              3373300,
              1718725
            ],
            [
              3373300,
              1718700
            ]
          ],
          [
            [
              3373300,
              1718750
            ],
            [
              3373300,
              1718725
            ]
          ],
          [
            [
              3373300,
              1718775
            ],
            [
              3373300,
              1718750
            ]
          ],
          [
            [
              3373300,
              1718800
            ],
            [
              3373300,
              1718775
            ]
          ],
          [
            [
              3373300,
              1718825
            ],
            [
              3373300,
              1718800
            ]
          ],
          [
            [
              3373300,
              1718850
            ],
            [
              3373300,
              1718825
            ]
          ],
          [
            [
              3373300,
              1718875
            ],
            [
              3373300,
              1718850
            ]
          ],
          [
            [
              3373300,
              1718900
            ],
            [
              3373300,
              1718875
            ]
          ],
          [
            [
              3373300,
              1718925
            ],
            [
              3373300,
              1718900
            ]
          ],
          [
            [
              3373300,
              1718950
            ],
            [
              3373300,
              1718925
            ]
          ],
          [
            [
              3373300,
              1718975
            ],
            [
              3373300,
              1718950
            ]
          ],
          [
            [
              3373300,
              1719000
            ],
            [
              3373300,
              1718975
            ]
          ],
          [
            [
              3373300,
              1719025
            ],
            [
              3373300,
              1719000
            ]
          ],
          [
            [
              3373300,
              1719050
            ],
            [
              3373300,
              1719025
            ]
          ],
          [
            [
              3373300,
              1719075
            ],
            [
              3373300,
              1719050
            ]
          ],
          [
            [
              3373300,
              1719100
            ],
            [
              3373300,
              1719075
            ]
          ],
          [
            [
              3373300,
              1719125
            ],
            [
              3373300,
              1719100
            ]
          ],
          [
            [
              3373300,
              1719150
            ],
            [
              3373300,
              1719125
            ]
          ],
          [
            [
              3373300,
              1719175
            ],
            [
              3373300,
              1719150
            ]
          ],
          [
            [
              3373300,
              1719200
            ],
            [
              3373300,
              1719175
            ]
          ],
          [
            [
              3373300,
              1719225
            ],
            [
              3373300,
              1719200
            ]
          ],
          [
            [
              3373300,
              1719250
            ],
            [
              3373300,
              1719225
            ]
          ],
          [
            [
              3373300,
              1719275
            ],
            [
              3373300,
              1719250
            ]
          ],
          [
            [
              3373300,
              1719300
            ],
            [
              3373300,
              1719275
            ]
          ],
          [
            [
              3373300,
              1719325
            ],
            [
              3373300,
              1719300
            ]
          ],
          [
            [
              3373300,
              1719350
            ],
            [
              3373300,
              1719325
            ]
          ],
          [
            [
              3373300,
              1719375
            ],
            [
              3373300,
              1719350
            ]
          ],
          [
            [
              3373300,
              1719400
            ],
            [
              3373300,
              1719375
            ]
          ],
          [
            [
              3373300,
              1719425
            ],
            [
              3373300,
              1719400
            ]
          ],
          [
            [
              3373300,
              1719450
            ],
            [
              3373300,
              1719425
            ]
          ],
          [
            [
              3373300,
              1719475
            ],
            [
              3373300,
              1719450
            ]
          ],
          [
            [
              3373300,
              1719500
            ],
            [
              3373300,
              1719475
            ]
          ],
          [
            [
              3373300,
              1719525
            ],
            [
              3373300,
              1719500
            ]
          ],
          [
            [
              3373300,
              1719550
            ],
            [
              3373300,
              1719525
            ]
          ],
          [
            [
              3373300,
              1719575
            ],
            [
              3373300,
              1719550
            ]
          ],
          [
            [
              3373300,
              1719600
            ],
            [
              3373300,
              1719575
            ]
          ],
          [
            [
              3373300,
              1719625
            ],
            [
              3373300,
              1719600
            ]
          ],
          [
            [
              3373300,
              1719650
            ],
            [
              3373300,
              1719625
            ]
          ],
          [
            [
              3373300,
              1719675
            ],
            [
              3373300,
              1719650
            ]
          ],
          [
            [
              3373300,
              1719700
            ],
            [
              3373300,
              1719675
            ]
          ],
          [
            [
              3373300,
              1719725
            ],
            [
              3373300,
              1719700
            ]
          ],
          [
            [
              3373300,
              1719750
            ],
            [
              3373300,
              1719725
            ]
          ],
          [
            [
              3373300,
              1719775
            ],
            [
              3373300,
              1719750
            ]
          ],
          [
            [
              3373300,
              1719800
            ],
            [
              3373300,
              1719775
            ]
          ],
          [
            [
              3373300,
              1719825
            ],
            [
              3373300,
              1719800
            ]
          ],
          [
            [
              3373300,
              1719850
            ],
            [
              3373300,
              1719825
            ]
          ],
          [
            [
              3373300,
              1719875
            ],
            [
              3373300,
              1719850
            ]
          ],
          [
            [
              3373300,
              1719900
            ],
            [
              3373300,
              1719875
            ]
          ],
          [
            [
              3373300,
              1719925
            ],
            [
              3373300,
              1719900
            ]
          ],
          [
            [
              3373300,
              1719950
            ],
            [
              3373300,
              1719925
            ]
          ],
          [
            [
              3373300,
              1719975
            ],
            [
              3373300,
              1719950
            ]
          ],
          [
            [
              3373300,
              1720000
            ],
            [
              3373300,
              1719975
            ]
          ],
          [
            [
              3373300,
              1720025
            ],
            [
              3373300,
              1720000
            ]
          ],
          [
            [
              3373300,
              1720050
            ],
            [
              3373300,
              1720025
            ]
          ],
          [
            [
              3373300,
              1720075
            ],
            [
              3373300,
              1720050
            ]
          ],
          [
            [
              3373300,
              1720100
            ],
            [
              3373300,
              1720075
            ]
          ],
          [
            [
              3373300,
              1720125
            ],
            [
              3373300,
              1720100
            ]
          ],
          [
            [
              3373300,
              1720150
            ],
            [
              3373300,
              1720125
            ]
          ],
          [
            [
              3373300,
              1720175
            ],
            [
              3373300,
              1720150
            ]
          ],
          [
            [
              3373300,
              1720200
            ],
            [
              3373300,
              1720175
            ]
          ],
          [
            [
              3373300,
              1720225
            ],
            [
              3373300,
              1720200
            ]
          ],
          [
            [
              3373300,
              1720250
            ],
            [
              3373300,
              1720225
            ]
          ],
          [
            [
              3373300,
              1720275
            ],
            [
              3373300,
              1720250
            ]
          ],
          [
            [
              3373300,
              1720300
            ],
            [
              3373300,
              1720275
            ]
          ],
          [
            [
              3373300,
              1720325
            ],
            [
              3373300,
              1720300
            ]
          ],
          [
            [
              3373300,
              1720350
            ],
            [
              3373300,
              1720325
            ]
          ],
          [
            [
              3373300,
              1720375
            ],
            [
              3373300,
              1720350
            ]
          ],
          [
            [
              3373300,
              1720400
            ],
            [
              3373300,
              1720375
            ]
          ],
          [
            [
              3373300,
              1720425
            ],
            [
              3373300,
              1720400
            ]
          ],
          [
            [
              3373300,
              1720450
            ],
            [
              3373300,
              1720425
            ]
          ],
          [
            [
              3373300,
              1720475
            ],
            [
              3373300,
              1720450
            ]
          ],
          [
            [
              3373300,
              1720500
            ],
            [
              3373300,
              1720475
            ]
          ],
          [
            [
              3373300,
              1720525
            ],
            [
              3373300,
              1720500
            ]
          ],
          [
            [
              3373300,
              1720550
            ],
            [
              3373300,
              1720525
            ]
          ],
          [
            [
              3373300,
              1720575
            ],
            [
              3373300,
              1720550
            ]
          ],
          [
            [
              3373300,
              1720600
            ],
            [
              3373300,
              1720575
            ]
          ],
          [
            [
              3373300,
              1720625
            ],
            [
              3373300,
              1720600
            ]
          ],
          [
            [
              3373300,
              1720650
            ],
            [
              3373300,
              1720625
            ]
          ],
          [
            [
              3373300,
              1720675
            ],
            [
              3373300,
              1720650
            ]
          ],
          [
            [
              3373300,
              1720700
            ],
            [
              3373300,
              1720675
            ]
          ],
          [
            [
              3373300,
              1720725
            ],
            [
              3373300,
              1720700
            ]
          ],
          [
            [
              3373300,
              1720750
            ],
            [
              3373300,
              1720725
            ]
          ],
          [
            [
              3373300,
              1720775
            ],
            [
              3373300,
              1720750
            ]
          ],
          [
            [
              3373300,
              1720800
            ],
            [
              3373300,
              1720775
            ]
          ],
          [
            [
              3373300,
              1720825
            ],
            [
              3373300,
              1720800
            ]
          ],
          [
            [
              3373300,
              1720850
            ],
            [
              3373300,
              1720825
            ]
          ],
          [
            [
              3373300,
              1720875
            ],
            [
              3373300,
              1720850
            ]
          ],
          [
            [
              3373300,
              1720900
            ],
            [
              3373300,
              1720875
            ]
          ],
          [
            [
              3373300,
              1720925
            ],
            [
              3373300,
              1720900
            ]
          ],
          [
            [
              3373300,
              1720950
            ],
            [
              3373300,
              1720925
            ]
          ],
          [
            [
              3373300,
              1720975
            ],
            [
              3373300,
              1720950
            ]
          ],
          [
            [
              3373300,
              1721000
            ],
            [
              3373300,
              1720975
            ]
          ],
          [
            [
              3373300,
              1721025
            ],
            [
              3373300,
              1721000
            ]
          ],
          [
            [
              3373300,
              1721050
            ],
            [
              3373300,
              1721025
            ]
          ],
          [
            [
              3373300,
              1721075
            ],
            [
              3373300,
              1721050
            ]
          ],
          [
            [
              3373300,
              1721100
            ],
            [
              3373300,
              1721075
            ]
          ],
          [
            [
              3373300,
              1721125
            ],
            [
              3373300,
              1721100
            ]
          ],
          [
            [
              3373300,
              1721150
            ],
            [
              3373300,
              1721125
            ]
          ],
          [
            [
              3373300,
              1721175
            ],
            [
              3373300,
              1721150
            ]
          ],
          [
            [
              3373300,
              1721200
            ],
            [
              3373300,
              1721175
            ]
          ],
          [
            [
              3373300,
              1721225
            ],
            [
              3373300,
              1721200
            ]
          ],
          [
            [
              3373300,
              1721250
            ],
            [
              3373300,
              1721225
            ]
          ],
          [
            [
              3373300,
              1721275
            ],
            [
              3373300,
              1721250
            ]
          ],
          [
            [
              3373300,
              1721300
            ],
            [
              3373300,
              1721275
            ]
          ],
          [
            [
              3373300,
              1721325
            ],
            [
              3373300,
              1721300
            ]
          ],
          [
            [
              3373300,
              1721350
            ],
            [
              3373300,
              1721325
            ]
          ],
          [
            [
              3373300,
              1721375
            ],
            [
              3373300,
              1721350
            ]
          ],
          [
            [
              3373300,
              1721400
            ],
            [
              3373300,
              1721375
            ]
          ],
          [
            [
              3373300,
              1721425
            ],
            [
              3373300,
              1721400
            ]
          ],
          [
            [
              3373300,
              1721450
            ],
            [
              3373300,
              1721425
            ]
          ],
          [
            [
              3373300,
              1721475
            ],
            [
              3373300,
              1721450
            ]
          ],
          [
            [
              3373300,
              1721500
            ],
            [
              3373300,
              1721475
            ]
          ],
          [
            [
              3373300,
              1721525
            ],
            [
              3373300,
              1721500
            ]
          ],
          [
            [
              3373300,
              1721550
            ],
            [
              3373300,
              1721525
            ]
          ],
          [
            [
              3373300,
              1721575
            ],
            [
              3373300,
              1721550
            ]
          ],
          [
            [
              3373300,
              1721600
            ],
            [
              3373300,
              1721575
            ]
          ],
          [
            [
              3373300,
              1721625
            ],
            [
              3373300,
              1721600
            ]
          ],
          [
            [
              3373300,
              1721650
            ],
            [
              3373300,
              1721625
            ]
          ],
          [
            [
              3373300,
              1721675
            ],
            [
              3373300,
              1721650
            ]
          ],
          [
            [
              3373300,
              1721700
            ],
            [
              3373300,
              1721675
            ]
          ],
          [
            [
              3373300,
              1721725
            ],
            [
              3373300,
              1721700
            ]
          ],
          [
            [
              3373300,
              1721750
            ],
            [
              3373300,
              1721725
            ]
          ],
          [
            [
              3373300,
              1721775
            ],
            [
              3373300,
              1721750
            ]
          ],
          [
            [
              3373300,
              1721800
            ],
            [
              3373300,
              1721775
            ]
          ],
          [
            [
              3373300,
              1721825
            ],
            [
              3373300,
              1721800
            ]
          ],
          [
            [
              3373300,
              1721850
            ],
            [
              3373300,
              1721825
            ]
          ],
          [
            [
              3373300,
              1721875
            ],
            [
              3373300,
              1721850
            ]
          ],
          [
            [
              3373300,
              1721900
            ],
            [
              3373300,
              1721875
            ]
          ],
          [
            [
              3373300,
              1721925
            ],
            [
              3373300,
              1721900
            ]
          ],
          [
            [
              3373300,
              1721950
            ],
            [
              3373300,
              1721925
            ]
          ],
          [
            [
              3373300,
              1721975
            ],
            [
              3373300,
              1721950
            ]
          ],
          [
            [
              3373300,
              1722000
            ],
            [
              3373300,
              1721975
            ]
          ],
          [
            [
              3373300,
              1722025
            ],
            [
              3373300,
              1722000
            ]
          ],
          [
            [
              3373300,
              1722050
            ],
            [
              3373300,
              1722025
            ]
          ],
          [
            [
              3373300,
              1722075
            ],
            [
              3373300,
              1722050
            ]
          ],
          [
            [
              3373300,
              1722100
            ],
            [
              3373300,
              1722075
            ]
          ],
          [
            [
              3373300,
              1722125
            ],
            [
              3373300,
              1722100
            ]
          ],
          [
            [
              3373300,
              1722150
            ],
            [
              3373300,
              1722125
            ]
          ],
          [
            [
              3373300,
              1722175
            ],
            [
              3373300,
              1722150
            ]
          ],
          [
            [
              3373300,
              1722200
            ],
            [
              3373300,
              1722175
            ]
          ],
          [
            [
              3373300,
              1722225
            ],
            [
              3373300,
              1722200
            ]
          ],
          [
            [
              3373300,
              1722250
            ],
            [
              3373300,
              1722225
            ]
          ],
          [
            [
              3373300,
              1722275
            ],
            [
              3373300,
              1722250
            ]
          ],
          [
            [
              3373300,
              1722300
            ],
            [
              3373300,
              1722275
            ]
          ],
          [
            [
              3373300,
              1722325
            ],
            [
              3373300,
              1722300
            ]
          ],
          [
            [
              3373300,
              1722350
            ],
            [
              3373300,
              1722325
            ]
          ],
          [
            [
              3373300,
              1722375
            ],
            [
              3373300,
              1722350
            ]
          ],
          [
            [
              3373300,
              1722400
            ],
            [
              3373300,
              1722375
            ]
          ],
          [
            [
              3373300,
              1722425
            ],
            [
              3373300,
              1722400
            ]
          ],
          [
            [
              3373300,
              1722450
            ],
            [
              3373300,
              1722425
            ]
          ],
          [
            [
              3373300,
              1722475
            ],
            [
              3373300,
              1722450
            ]
          ],
          [
            [
              3373300,
              1722500
            ],
            [
              3373300,
              1722475
            ]
          ],
          [
            [
              3373300,
              1722525
            ],
            [
              3373300,
              1722500
            ]
          ],
          [
            [
              3373300,
              1722550
            ],
            [
              3373300,
              1722525
            ]
          ],
          [
            [
              3373300,
              1722575
            ],
            [
              3373300,
              1722550
            ]
          ],
          [
            [
              3373300,
              1722600
            ],
            [
              3373300,
              1722575
            ]
          ],
          [
            [
              3373300,
              1722625
            ],
            [
              3373300,
              1722600
            ]
          ],
          [
            [
              3373300,
              1722650
            ],
            [
              3373300,
              1722625
            ]
          ],
          [
            [
              3373300,
              1722675
            ],
            [
              3373300,
              1722650
            ]
          ],
          [
            [
              3373300,
              1722700
            ],
            [
              3373300,
              1722675
            ]
          ],
          [
            [
              3373300,
              1722725
            ],
            [
              3373300,
              1722700
            ]
          ],
          [
            [
              3373300,
              1722750
            ],
            [
              3373300,
              1722725
            ]
          ],
          [
            [
              3373300,
              1722775
            ],
            [
              3373300,
              1722750
            ]
          ],
          [
            [
              3373300,
              1722800
            ],
            [
              3373300,
              1722775
            ]
          ],
          [
            [
              3373300,
              1722825
            ],
            [
              3373300,
              1722800
            ]
          ],
          [
            [
              3373300,
              1722850
            ],
            [
              3373300,
              1722825
            ]
          ],
          [
            [
              3373300,
              1722875
            ],
            [
              3373300,
              1722850
            ]
          ],
          [
            [
              3373300,
              1722900
            ],
            [
              3373300,
              1722875
            ]
          ],
          [
            [
              3373300,
              1722925
            ],
            [
              3373300,
              1722900
            ]
          ],
          [
            [
              3373300,
              1722950
            ],
            [
              3373300,
              1722925
            ]
          ],
          [
            [
              3373300,
              1722975
            ],
            [
              3373300,
              1722950
            ]
          ],
          [
            [
              3373300,
              1723000
            ],
            [
              3373300,
              1722975
            ]
          ],
          [
            [
              3373300,
              1723025
            ],
            [
              3373300,
              1723000
            ]
          ],
          [
            [
              3373300,
              1723050
            ],
            [
              3373300,
              1723025
            ]
          ],
          [
            [
              3373300,
              1723075
            ],
            [
              3373300,
              1723050
            ]
          ],
          [
            [
              3373300,
              1723100
            ],
            [
              3373300,
              1723075
            ]
          ],
          [
            [
              3373300,
              1723125
            ],
            [
              3373300,
              1723100
            ]
          ],
          [
            [
              3373300,
              1723150
            ],
            [
              3373300,
              1723125
            ]
          ],
          [
            [
              3373300,
              1723175
            ],
            [
              3373300,
              1723150
            ]
          ],
          [
            [
              3373300,
              1723200
            ],
            [
              3373300,
              1723175
            ]
          ],
          [
            [
              3373300,
              1723225
            ],
            [
              3373300,
              1723200
            ]
          ],
          [
            [
              3373300,
              1723250
            ],
            [
              3373300,
              1723225
            ]
          ],
          [
            [
              3373300,
              1723275
            ],
            [
              3373300,
              1723250
            ]
          ],
          [
            [
              3373300,
              1723300
            ],
            [
              3373300,
              1723275
            ]
          ],
          [
            [
              3373300,
              1723325
            ],
            [
              3373300,
              1723300
            ]
          ],
          [
            [
              3373300,
              1723350
            ],
            [
              3373300,
              1723325
            ]
          ],
          [
            [
              3373300,
              1723375
            ],
            [
              3373300,
              1723350
            ]
          ],
          [
            [
              3373300,
              1723400
            ],
            [
              3373300,
              1723375
            ]
          ],
          [
            [
              3373300,
              1723425
            ],
            [
              3373300,
              1723400
            ]
          ],
          [
            [
              3373300,
              1723450
            ],
            [
              3373300,
              1723425
            ]
          ],
          [
            [
              3373300,
              1723475
            ],
            [
              3373300,
              1723450
            ]
          ],
          [
            [
              3373300,
              1723500
            ],
            [
              3373300,
              1723475
            ]
          ],
          [
            [
              3373300,
              1723525
            ],
            [
              3373300,
              1723500
            ]
          ],
          [
            [
              3373300,
              1723550
            ],
            [
              3373300,
              1723525
            ]
          ],
          [
            [
              3373300,
              1723575
            ],
            [
              3373300,
              1723550
            ]
          ],
          [
            [
              3373300,
              1723600
            ],
            [
              3373300,
              1723575
            ]
          ],
          [
            [
              3373300,
              1723625
            ],
            [
              3373300,
              1723600
            ]
          ],
          [
            [
              3373300,
              1723650
            ],
            [
              3373300,
              1723625
            ]
          ],
          [
            [
              3373300,
              1723675
            ],
            [
              3373300,
              1723650
            ]
          ],
          [
            [
              3373300,
              1723700
            ],
            [
              3373300,
              1723675
            ]
          ],
          [
            [
              3373300,
              1723725
            ],
            [
              3373300,
              1723700
            ]
          ],
          [
            [
              3373300,
              1723750
            ],
            [
              3373300,
              1723725
            ]
          ],
          [
            [
              3373300,
              1723775
            ],
            [
              3373300,
              1723750
            ]
          ],
          [
            [
              3373300,
              1723800
            ],
            [
              3373300,
              1723775
            ]
          ],
          [
            [
              3373300,
              1723825
            ],
            [
              3373300,
              1723800
            ]
          ],
          [
            [
              3373300,
              1723850
            ],
            [
              3373300,
              1723825
            ]
          ],
          [
            [
              3373300,
              1723875
            ],
            [
              3373300,
              1723850
            ]
          ],
          [
            [
              3373300,
              1723900
            ],
            [
              3373300,
              1723875
            ]
          ],
          [
            [
              3373300,
              1723925
            ],
            [
              3373300,
              1723900
            ]
          ],
          [
            [
              3373300,
              1723950
            ],
            [
              3373300,
              1723925
            ]
          ],
          [
            [
              3373300,
              1723975
            ],
            [
              3373300,
              1723950
            ]
          ],
          [
            [
              3373300,
              1724000
            ],
            [
              3373300,
              1723975
            ]
          ],
          [
            [
              3373300,
              1724025
            ],
            [
              3373300,
              1724000
            ]
          ],
          [
            [
              3373300,
              1724050
            ],
            [
              3373300,
              1724025
            ]
          ],
          [
            [
              3373300,
              1724075
            ],
            [
              3373300,
              1724050
            ]
          ],
          [
            [
              3373300,
              1724100
            ],
            [
              3373300,
              1724075
            ]
          ],
          [
            [
              3373300,
              1724125
            ],
            [
              3373300,
              1724100
            ]
          ],
          [
            [
              3373300,
              1724150
            ],
            [
              3373300,
              1724125
            ]
          ],
          [
            [
              3373300,
              1724175
            ],
            [
              3373300,
              1724150
            ]
          ],
          [
            [
              3373300,
              1724200
            ],
            [
              3373300,
              1724175
            ]
          ],
          [
            [
              3373300,
              1724225
            ],
            [
              3373300,
              1724200
            ]
          ],
          [
            [
              3373300,
              1724250
            ],
            [
              3373300,
              1724225
            ]
          ],
          [
            [
              3373300,
              1724275
            ],
            [
              3373300,
              1724250
            ]
          ],
          [
            [
              3373300,
              1724300
            ],
            [
              3373300,
              1724275
            ]
          ],
          [
            [
              3373300,
              1724325
            ],
            [
              3373300,
              1724300
            ]
          ],
          [
            [
              3373300,
              1724350
            ],
            [
              3373300,
              1724325
            ]
          ],
          [
            [
              3373300,
              1724375
            ],
            [
              3373300,
              1724350
            ]
          ],
          [
            [
              3373300,
              1724400
            ],
            [
              3373300,
              1724375
            ]
          ],
          [
            [
              3373300,
              1724425
            ],
            [
              3373300,
              1724400
            ]
          ],
          [
            [
              3373300,
              1724450
            ],
            [
              3373300,
              1724425
            ]
          ],
          [
            [
              3373300,
              1724475
            ],
            [
              3373300,
              1724450
            ]
          ],
          [
            [
              3373300,
              1724500
            ],
            [
              3373300,
              1724475
            ]
          ],
          [
            [
              3373300,
              1724525
            ],
            [
              3373300,
              1724500
            ]
          ],
          [
            [
              3373300,
              1724550
            ],
            [
              3373300,
              1724525
            ]
          ],
          [
            [
              3373300,
              1724575
            ],
            [
              3373300,
              1724550
            ]
          ],
          [
            [
              3373300,
              1724600
            ],
            [
              3373300,
              1724575
            ]
          ],
          [
            [
              3373300,
              1724625
            ],
            [
              3373300,
              1724600
            ]
          ],
          [
            [
              3373300,
              1724650
            ],
            [
              3373300,
              1724625
            ]
          ],
          [
            [
              3373300,
              1724675
            ],
            [
              3373300,
              1724650
            ]
          ],
          [
            [
              3373300,
              1724700
            ],
            [
              3373300,
              1724675
            ]
          ],
          [
            [
              3373300,
              1724725
            ],
            [
              3373300,
              1724700
            ]
          ],
          [
            [
              3373300,
              1724750
            ],
            [
              3373300,
              1724725
            ]
          ],
          [
            [
              3373300,
              1724775
            ],
            [
              3373300,
              1724750
            ]
          ],
          [
            [
              3373300,
              1724800
            ],
            [
              3373300,
              1724775
            ]
          ],
          [
            [
              3373300,
              1724825
            ],
            [
              3373300,
              1724800
            ]
          ],
          [
            [
              3373300,
              1724850
            ],
            [
              3373300,
              1724825
            ]
          ],
          [
            [
              3373300,
              1724875
            ],
            [
              3373300,
              1724850
            ]
          ],
          [
            [
              3373300,
              1724900
            ],
            [
              3373300,
              1724875
            ]
          ],
          [
            [
              3373300,
              1724925
            ],
            [
              3373300,
              1724900
            ]
          ],
          [
            [
              3373300,
              1724950
            ],
            [
              3373300,
              1724925
            ]
          ],
          [
            [
              3373300,
              1724975
            ],
            [
              3373300,
              1724950
            ]
          ],
          [
            [
              3373300,
              1725000
            ],
            [
              3373300,
              1724975
            ]
          ],
          [
            [
              3373300,
              1725025
            ],
            [
              3373300,
              1725000
            ]
          ],
          [
            [
              3373300,
              1725050
            ],
            [
              3373300,
              1725025
            ]
          ],
          [
            [
              3373300,
              1725075
            ],
            [
              3373300,
              1725050
            ]
          ],
          [
            [
              3373300,
              1725100
            ],
            [
              3373300,
              1725075
            ]
          ],
          [
            [
              3373300,
              1725125
            ],
            [
              3373300,
              1725100
            ]
          ],
          [
            [
              3373300,
              1725150
            ],
            [
              3373300,
              1725125
            ]
          ],
          [
            [
              3373300,
              1725175
            ],
            [
              3373300,
              1725150
            ]
          ],
          [
            [
              3373300,
              1725200
            ],
            [
              3373300,
              1725175
            ]
          ],
          [
            [
              3373300,
              1725225
            ],
            [
              3373300,
              1725200
            ]
          ],
          [
            [
              3373300,
              1725250
            ],
            [
              3373300,
              1725225
            ]
          ],
          [
            [
              3373300,
              1725275
            ],
            [
              3373300,
              1725250
            ]
          ],
          [
            [
              3373300,
              1725300
            ],
            [
              3373300,
              1725275
            ]
          ],
          [
            [
              3373300,
              1725325
            ],
            [
              3373300,
              1725300
            ]
          ],
          [
            [
              3373300,
              1725350
            ],
            [
              3373300,
              1725325
            ]
          ],
          [
            [
              3373300,
              1725375
            ],
            [
              3373300,
              1725350
            ]
          ],
          [
            [
              3373300,
              1725400
            ],
            [
              3373300,
              1725375
            ]
          ],
          [
            [
              3373300,
              1725425
            ],
            [
              3373300,
              1725400
            ]
          ],
          [
            [
              3373300,
              1725450
            ],
            [
              3373300,
              1725425
            ]
          ],
          [
            [
              3373300,
              1725475
            ],
            [
              3373300,
              1725450
            ]
          ],
          [
            [
              3373300,
              1725500
            ],
            [
              3373300,
              1725475
            ]
          ],
          [
            [
              3373300,
              1725525
            ],
            [
              3373300,
              1725500
            ]
          ],
          [
            [
              3373300,
              1725550
            ],
            [
              3373300,
              1725525
            ]
          ],
          [
            [
              3373300,
              1725575
            ],
            [
              3373300,
              1725550
            ]
          ],
          [
            [
              3373300,
              1725600
            ],
            [
              3373300,
              1725575
            ]
          ],
          [
            [
              3373300,
              1725625
            ],
            [
              3373300,
              1725600
            ]
          ],
          [
            [
              3373300,
              1725650
            ],
            [
              3373300,
              1725625
            ]
          ],
          [
            [
              3373300,
              1725675
            ],
            [
              3373300,
              1725650
            ]
          ],
          [
            [
              3373300,
              1725700
            ],
            [
              3373300,
              1725675
            ]
          ],
          [
            [
              3373300,
              1725725
            ],
            [
              3373300,
              1725700
            ]
          ],
          [
            [
              3373300,
              1725750
            ],
            [
              3373300,
              1725725
            ]
          ],
          [
            [
              3373300,
              1725775
            ],
            [
              3373300,
              1725750
            ]
          ],
          [
            [
              3373300,
              1725800
            ],
            [
              3373300,
              1725775
            ]
          ],
          [
            [
              3373300,
              1725825
            ],
            [
              3373300,
              1725800
            ]
          ],
          [
            [
              3373300,
              1725850
            ],
            [
              3373300,
              1725825
            ]
          ],
          [
            [
              3373300,
              1725875
            ],
            [
              3373300,
              1725850
            ]
          ],
          [
            [
              3373300,
              1725900
            ],
            [
              3373300,
              1725875
            ]
          ],
          [
            [
              3373300,
              1725925
            ],
            [
              3373300,
              1725900
            ]
          ],
          [
            [
              3373300,
              1725950
            ],
            [
              3373300,
              1725925
            ]
          ],
          [
            [
              3373300,
              1725975
            ],
            [
              3373300,
              1725950
            ]
          ],
          [
            [
              3373300,
              1726000
            ],
            [
              3373300,
              1725975
            ]
          ],
          [
            [
              3373300,
              1726025
            ],
            [
              3373300,
              1726000
            ]
          ],
          [
            [
              3373300,
              1726050
            ],
            [
              3373300,
              1726025
            ]
          ],
          [
            [
              3373300,
              1726075
            ],
            [
              3373300,
              1726050
            ]
          ],
          [
            [
              3373300,
              1726100
            ],
            [
              3373300,
              1726075
            ]
          ],
          [
            [
              3373300,
              1726125
            ],
            [
              3373300,
              1726100
            ]
          ],
          [
            [
              3373300,
              1726150
            ],
            [
              3373300,
              1726125
            ]
          ],
          [
            [
              3373300,
              1726175
            ],
            [
              3373300,
              1726150
            ]
          ],
          [
            [
              3373300,
              1726200
            ],
            [
              3373300,
              1726175
            ]
          ],
          [
            [
              3373300,
              1726225
            ],
            [
              3373300,
              1726200
            ]
          ],
          [
            [
              3373300,
              1726250
            ],
            [
              3373300,
              1726225
            ]
          ],
          [
            [
              3373300,
              1726275
            ],
            [
              3373300,
              1726250
            ]
          ],
          [
            [
              3373300,
              1726300
            ],
            [
              3373300,
              1726275
            ]
          ],
          [
            [
              3373300,
              1726325
            ],
            [
              3373300,
              1726300
            ]
          ],
          [
            [
              3373300,
              1726350
            ],
            [
              3373300,
              1726325
            ]
          ],
          [
            [
              3373300,
              1726375
            ],
            [
              3373300,
              1726350
            ]
          ],
          [
            [
              3373300,
              1726400
            ],
            [
              3373300,
              1726375
            ]
          ],
          [
            [
              3373300,
              1726425
            ],
            [
              3373300,
              1726400
            ]
          ],
          [
            [
              3373300,
              1726450
            ],
            [
              3373300,
              1726425
            ]
          ],
          [
            [
              3373300,
              1726475
            ],
            [
              3373300,
              1726450
            ]
          ],
          [
            [
              3373300,
              1726500
            ],
            [
              3373300,
              1726475
            ]
          ],
          [
            [
              3373300,
              1726525
            ],
            [
              3373300,
              1726500
            ]
          ],
          [
            [
              3373300,
              1726550
            ],
            [
              3373300,
              1726525
            ]
          ],
          [
            [
              3373300,
              1726575
            ],
            [
              3373300,
              1726550
            ]
          ],
          [
            [
              3373300,
              1726600
            ],
            [
              3373300,
              1726575
            ]
          ],
          [
            [
              3373300,
              1726625
            ],
            [
              3373300,
              1726600
            ]
          ],
          [
            [
              3373300,
              1726650
            ],
            [
              3373300,
              1726625
            ]
          ],
          [
            [
              3373300,
              1726675
            ],
            [
              3373300,
              1726650
            ]
          ],
          [
            [
              3373300,
              1726700
            ],
            [
              3373300,
              1726675
            ]
          ],
          [
            [
              3373300,
              1726725
            ],
            [
              3373300,
              1726700
            ]
          ],
          [
            [
              3373300,
              1726750
            ],
            [
              3373300,
              1726725
            ]
          ],
          [
            [
              3373300,
              1726775
            ],
            [
              3373300,
              1726750
            ]
          ],
          [
            [
              3373300,
              1726800
            ],
            [
              3373300,
              1726775
            ]
          ],
          [
            [
              3373300,
              1726825
            ],
            [
              3373300,
              1726800
            ]
          ],
          [
            [
              3373300,
              1726850
            ],
            [
              3373300,
              1726825
            ]
          ],
          [
            [
              3373300,
              1726875
            ],
            [
              3373300,
              1726850
            ]
          ],
          [
            [
              3373300,
              1726900
            ],
            [
              3373300,
              1726875
            ]
          ],
          [
            [
              3373300,
              1726925
            ],
            [
              3373300,
              1726900
            ]
          ],
          [
            [
              3373300,
              1726950
            ],
            [
              3373300,
              1726925
            ]
          ],
          [
            [
              3373300,
              1726975
            ],
            [
              3373300,
              1726950
            ]
          ],
          [
            [
              3373300,
              1727000
            ],
            [
              3373300,
              1726975
            ]
          ],
          [
            [
              3373300,
              1727025
            ],
            [
              3373300,
              1727000
            ]
          ],
          [
            [
              3373300,
              1727050
            ],
            [
              3373300,
              1727025
            ]
          ],
          [
            [
              3373300,
              1727075
            ],
            [
              3373300,
              1727050
            ]
          ],
          [
            [
              3373300,
              1727100
            ],
            [
              3373300,
              1727075
            ]
          ],
          [
            [
              3373300,
              1727125
            ],
            [
              3373300,
              1727100
            ]
          ],
          [
            [
              3373300,
              1727150
            ],
            [
              3373300,
              1727125
            ]
          ],
          [
            [
              3373300,
              1727175
            ],
            [
              3373300,
              1727150
            ]
          ],
          [
            [
              3373300,
              1727200
            ],
            [
              3373300,
              1727175
            ]
          ],
          [
            [
              3373300,
              1727225
            ],
            [
              3373300,
              1727200
            ]
          ],
          [
            [
              3373300,
              1727250
            ],
            [
              3373300,
              1727225
            ]
          ],
          [
            [
              3373300,
              1727275
            ],
            [
              3373300,
              1727250
            ]
          ],
          [
            [
              3373300,
              1727300
            ],
            [
              3373300,
              1727275
            ]
          ],
          [
            [
              3373300,
              1727325
            ],
            [
              3373300,
              1727300
            ]
          ],
          [
            [
              3373300,
              1727350
            ],
            [
              3373300,
              1727325
            ]
          ],
          [
            [
              3373300,
              1727375
            ],
            [
              3373300,
              1727350
            ]
          ],
          [
            [
              3373300,
              1727400
            ],
            [
              3373300,
              1727375
            ]
          ],
          [
            [
              3373300,
              1727425
            ],
            [
              3373300,
              1727400
            ]
          ],
          [
            [
              3373300,
              1727450
            ],
            [
              3373300,
              1727425
            ]
          ],
          [
            [
              3373300,
              1727475
            ],
            [
              3373300,
              1727450
            ]
          ],
          [
            [
              3373325,
              1716725
            ],
            [
              3373350,
              1716725
            ]
          ],
          [
            [
              3373325,
              1727475
            ],
            [
              3373300,
              1727475
            ]
          ],
          [
            [
              3373350,
              1716725
            ],
            [
              3373375,
              1716725
            ]
          ],
          [
            [
              3373350,
              1727475
            ],
            [
              3373325,
              1727475
            ]
          ],
          [
            [
              3373375,
              1716725
            ],
            [
              3373400,
              1716725
            ]
          ],
          [
            [
              3373375,
              1727475
            ],
            [
              3373350,
              1727475
            ]
          ],
          [
            [
              3373400,
              1716725
            ],
            [
              3373425,
              1716725
            ]
          ],
          [
            [
              3373400,
              1727475
            ],
            [
              3373375,
              1727475
            ]
          ],
          [
            [
              3373425,
              1716725
            ],
            [
              3373450,
              1716725
            ]
          ],
          [
            [
              3373425,
              1727475
            ],
            [
              3373400,
              1727475
            ]
          ],
          [
            [
              3373450,
              1716725
            ],
            [
              3373475,
              1716725
            ]
          ],
          [
            [
              3373450,
              1727475
            ],
            [
              3373425,
              1727475
            ]
          ],
          [
            [
              3373475,
              1716725
            ],
            [
              3373500,
              1716725
            ]
          ],
          [
            [
              3373475,
              1727475
            ],
            [
              3373450,
              1727475
            ]
          ],
          [
            [
              3373500,
              1716725
            ],
            [
              3373525,
              1716725
            ]
          ],
          [
            [
              3373500,
              1727475
            ],
            [
              3373475,
              1727475
            ]
          ],
          [
            [
              3373525,
              1716725
            ],
            [
              3373550,
              1716725
            ]
          ],
          [
            [
              3373525,
              1727475
            ],
            [
              3373500,
              1727475
            ]
          ],
          [
            [
              3373550,
              1716725
            ],
            [
              3373575,
              1716725
            ]
          ],
          [
            [
              3373550,
              1727475
            ],
            [
              3373525,
              1727475
            ]
          ],
          [
            [
              3373575,
              1716725
            ],
            [
              3373600,
              1716725
            ]
          ],
          [
            [
              3373575,
              1727475
            ],
            [
              3373550,
              1727475
            ]
          ],
          [
            [
              3373600,
              1716725
            ],
            [
              3373625,
              1716725
            ]
          ],
          [
            [
              3373600,
              1727475
            ],
            [
              3373575,
              1727475
            ]
          ],
          [
            [
              3373625,
              1716725
            ],
            [
              3373650,
              1716725
            ]
          ],
          [
            [
              3373625,
              1727475
            ],
            [
              3373600,
              1727475
            ]
          ],
          [
            [
              3373650,
              1716725
            ],
            [
              3373675,
              1716725
            ]
          ],
          [
            [
              3373650,
              1727475
            ],
            [
              3373625,
              1727475
            ]
          ],
          [
            [
              3373675,
              1716725
            ],
            [
              3373700,
              1716725
            ]
          ],
          [
            [
              3373675,
              1727475
            ],
            [
              3373650,
              1727475
            ]
          ],
          [
            [
              3373700,
              1716725
            ],
            [
              3373725,
              1716725
            ]
          ],
          [
            [
              3373700,
              1727475
            ],
            [
              3373675,
              1727475
            ]
          ],
          [
            [
              3373725,
              1716725
            ],
            [
              3373750,
              1716725
            ]
          ],
          [
            [
              3373725,
              1727475
            ],
            [
              3373700,
              1727475
            ]
          ],
          [
            [
              3373750,
              1716725
            ],
            [
              3373775,
              1716725
            ]
          ],
          [
            [
              3373750,
              1727475
            ],
            [
              3373725,
              1727475
            ]
          ],
          [
            [
              3373775,
              1716725
            ],
            [
              3373800,
              1716725
            ]
          ],
          [
            [
              3373775,
              1727475
            ],
            [
              3373750,
              1727475
            ]
          ],
          [
            [
              3373800,
              1716725
            ],
            [
              3373825,
              1716725
            ]
          ],
          [
            [
              3373800,
              1727475
            ],
            [
              3373775,
              1727475
            ]
          ],
          [
            [
              3373825,
              1716725
            ],
            [
              3373850,
              1716725
            ]
          ],
          [
            [
              3373825,
              1727475
            ],
            [
              3373800,
              1727475
            ]
          ],
          [
            [
              3373850,
              1716725
            ],
            [
              3373875,
              1716725
            ]
          ],
          [
            [
              3373850,
              1727475
            ],
            [
              3373825,
              1727475
            ]
          ],
          [
            [
              3373875,
              1716725
            ],
            [
              3373900,
              1716725
            ]
          ],
          [
            [
              3373875,
              1727475
            ],
            [
              3373850,
              1727475
            ]
          ],
          [
            [
              3373900,
              1716725
            ],
            [
              3373925,
              1716725
            ]
          ],
          [
            [
              3373900,
              1727475
            ],
            [
              3373875,
              1727475
            ]
          ],
          [
            [
              3373925,
              1716725
            ],
            [
              3373950,
              1716725
            ]
          ],
          [
            [
              3373925,
              1727475
            ],
            [
              3373900,
              1727475
            ]
          ],
          [
            [
              3373950,
              1716725
            ],
            [
              3373975,
              1716725
            ]
          ],
          [
            [
              3373950,
              1727475
            ],
            [
              3373925,
              1727475
            ]
          ],
          [
            [
              3373975,
              1716725
            ],
            [
              3374000,
              1716725
            ]
          ],
          [
            [
              3373975,
              1727475
            ],
            [
              3373950,
              1727475
            ]
          ],
          [
            [
              3374000,
              1716725
            ],
            [
              3374025,
              1716725
            ]
          ],
          [
            [
              3374000,
              1727475
            ],
            [
              3373975,
              1727475
            ]
          ],
          [
            [
              3374025,
              1716725
            ],
            [
              3374050,
              1716725
            ]
          ],
          [
            [
              3374025,
              1727475
            ],
            [
              3374000,
              1727475
            ]
          ],
          [
            [
              3374050,
              1716725
            ],
            [
              3374075,
              1716725
            ]
          ],
          [
            [
              3374050,
              1727475
            ],
            [
              3374025,
              1727475
            ]
          ],
          [
            [
              3374075,
              1716725
            ],
            [
              3374100,
              1716725
            ]
          ],
          [
            [
              3374075,
              1727475
            ],
            [
              3374050,
              1727475
            ]
          ],
          [
            [
              3374100,
              1716725
            ],
            [
              3374125,
              1716725
            ]
          ],
          [
            [
              3374100,
              1727475
            ],
            [
              3374075,
              1727475
            ]
          ],
          [
            [
              3374125,
              1716725
            ],
            [
              3374150,
              1716725
            ]
          ],
          [
            [
              3374125,
              1727475
            ],
            [
              3374100,
              1727475
            ]
          ],
          [
            [
              3374150,
              1716725
            ],
            [
              3374175,
              1716725
            ]
          ],
          [
            [
              3374150,
              1727475
            ],
            [
              3374125,
              1727475
            ]
          ],
          [
            [
              3374175,
              1716725
            ],
            [
              3374200,
              1716725
            ]
          ],
          [
            [
              3374175,
              1727475
            ],
            [
              3374150,
              1727475
            ]
          ],
          [
            [
              3374200,
              1716725
            ],
            [
              3374225,
              1716725
            ]
          ],
          [
            [
              3374200,
              1727475
            ],
            [
              3374175,
              1727475
            ]
          ],
          [
            [
              3374225,
              1716725
            ],
            [
              3374250,
              1716725
            ]
          ],
          [
            [
              3374225,
              1727475
            ],
            [
              3374200,
              1727475
            ]
          ],
          [
            [
              3374250,
              1716725
            ],
            [
              3374275,
              1716725
            ]
          ],
          [
            [
              3374250,
              1727475
            ],
            [
              3374225,
              1727475
            ]
          ],
          [
            [
              3374275,
              1716725
            ],
            [
              3374300,
              1716725
            ]
          ],
          [
            [
              3374275,
              1727475
            ],
            [
              3374250,
              1727475
            ]
          ],
          [
            [
              3374300,
              1716725
            ],
            [
              3374325,
              1716725
            ]
          ],
          [
            [
              3374300,
              1727475
            ],
            [
              3374275,
              1727475
            ]
          ],
          [
            [
              3374325,
              1716725
            ],
            [
              3374350,
              1716725
            ]
          ],
          [
            [
              3374325,
              1727475
            ],
            [
              3374300,
              1727475
            ]
          ],
          [
            [
              3374350,
              1716725
            ],
            [
              3374375,
              1716725
            ]
          ],
          [
            [
              3374350,
              1727475
            ],
            [
              3374325,
              1727475
            ]
          ],
          [
            [
              3374375,
              1716725
            ],
            [
              3374400,
              1716725
            ]
          ],
          [
            [
              3374375,
              1727475
            ],
            [
              3374350,
              1727475
            ]
          ],
          [
            [
              3374400,
              1716725
            ],
            [
              3374425,
              1716725
            ]
          ],
          [
            [
              3374400,
              1727475
            ],
            [
              3374375,
              1727475
            ]
          ],
          [
            [
              3374425,
              1716725
            ],
            [
              3374450,
              1716725
            ]
          ],
          [
            [
              3374425,
              1727475
            ],
            [
              3374400,
              1727475
            ]
          ],
          [
            [
              3374450,
              1716725
            ],
            [
              3374475,
              1716725
            ]
          ],
          [
            [
              3374450,
              1727475
            ],
            [
              3374425,
              1727475
            ]
          ],
          [
            [
              3374475,
              1716725
            ],
            [
              3374500,
              1716725
            ]
          ],
          [
            [
              3374475,
              1727475
            ],
            [
              3374450,
              1727475
            ]
          ],
          [
            [
              3374500,
              1716725
            ],
            [
              3374525,
              1716725
            ]
          ],
          [
            [
              3374500,
              1727475
            ],
            [
              3374475,
              1727475
            ]
          ],
          [
            [
              3374525,
              1716725
            ],
            [
              3374550,
              1716725
            ]
          ],
          [
            [
              3374525,
              1727475
            ],
            [
              3374500,
              1727475
            ]
          ],
          [
            [
              3374550,
              1716725
            ],
            [
              3374575,
              1716725
            ]
          ],
          [
            [
              3374550,
              1727475
            ],
            [
              3374525,
              1727475
            ]
          ],
          [
            [
              3374575,
              1716725
            ],
            [
              3374600,
              1716725
            ]
          ],
          [
            [
              3374575,
              1727475
            ],
            [
              3374550,
              1727475
            ]
          ],
          [
            [
              3374600,
              1716725
            ],
            [
              3374625,
              1716725
            ]
          ],
          [
            [
              3374600,
              1727475
            ],
            [
              3374575,
              1727475
            ]
          ],
          [
            [
              3374625,
              1716725
            ],
            [
              3374650,
              1716725
            ]
          ],
          [
            [
              3374625,
              1727475
            ],
            [
              3374600,
              1727475
            ]
          ],
          [
            [
              3374650,
              1716725
            ],
            [
              3374675,
              1716725
            ]
          ],
          [
            [
              3374650,
              1727475
            ],
            [
              3374625,
              1727475
            ]
          ],
          [
            [
              3374675,
              1716725
            ],
            [
              3374700,
              1716725
            ]
          ],
          [
            [
              3374675,
              1727475
            ],
            [
              3374650,
              1727475
            ]
          ],
          [
            [
              3374700,
              1716725
            ],
            [
              3374725,
              1716725
            ]
          ],
          [
            [
              3374700,
              1727475
            ],
            [
              3374675,
              1727475
            ]
          ],
          [
            [
              3374725,
              1716725
            ],
            [
              3374750,
              1716725
            ]
          ],
          [
            [
              3374725,
              1727475
            ],
            [
              3374700,
              1727475
            ]
          ],
          [
            [
              3374750,
              1716725
            ],
            [
              3374775,
              1716725
            ]
          ],
          [
            [
              3374750,
              1727475
            ],
            [
              3374725,
              1727475
            ]
          ],
          [
            [
              3374775,
              1716725
            ],
            [
              3374800,
              1716725
            ]
          ],
          [
            [
              3374775,
              1727475
            ],
            [
              3374750,
              1727475
            ]
          ],
          [
            [
              3374800,
              1716725
            ],
            [
              3374825,
              1716725
            ]
          ],
          [
            [
              3374800,
              1727475
            ],
            [
              3374775,
              1727475
            ]
          ],
          [
            [
              3374825,
              1716725
            ],
            [
              3374850,
              1716725
            ]
          ],
          [
            [
              3374825,
              1727475
            ],
            [
              3374800,
              1727475
            ]
          ],
          [
            [
              3374850,
              1716725
            ],
            [
              3374875,
              1716725
            ]
          ],
          [
            [
              3374850,
              1727475
            ],
            [
              3374825,
              1727475
            ]
          ],
          [
            [
              3374875,
              1716725
            ],
            [
              3374900,
              1716725
            ]
          ],
          [
            [
              3374875,
              1727475
            ],
            [
              3374850,
              1727475
            ]
          ],
          [
            [
              3374900,
              1716725
            ],
            [
              3374925,
              1716725
            ]
          ],
          [
            [
              3374900,
              1727475
            ],
            [
              3374875,
              1727475
            ]
          ],
          [
            [
              3374925,
              1716725
            ],
            [
              3374950,
              1716725
            ]
          ],
          [
            [
              3374925,
              1727475
            ],
            [
              3374900,
              1727475
            ]
          ],
          [
            [
              3374950,
              1716725
            ],
            [
              3374975,
              1716725
            ]
          ],
          [
            [
              3374950,
              1727475
            ],
            [
              3374925,
              1727475
            ]
          ],
          [
            [
              3374975,
              1716725
            ],
            [
              3375000,
              1716725
            ]
          ],
          [
            [
              3374975,
              1727475
            ],
            [
              3374950,
              1727475
            ]
          ],
          [
            [
              3375000,
              1716725
            ],
            [
              3375025,
              1716725
            ]
          ],
          [
            [
              3375000,
              1727475
            ],
            [
              3374975,
              1727475
            ]
          ],
          [
            [
              3375025,
              1716725
            ],
            [
              3375050,
              1716725
            ]
          ],
          [
            [
              3375025,
              1727475
            ],
            [
              3375000,
              1727475
            ]
          ],
          [
            [
              3375050,
              1716725
            ],
            [
              3375075,
              1716725
            ]
          ],
          [
            [
              3375050,
              1727475
            ],
            [
              3375025,
              1727475
            ]
          ],
          [
            [
              3375075,
              1716725
            ],
            [
              3375100,
              1716725
            ]
          ],
          [
            [
              3375075,
              1727475
            ],
            [
              3375050,
              1727475
            ]
          ],
          [
            [
              3375100,
              1716725
            ],
            [
              3375125,
              1716725
            ]
          ],
          [
            [
              3375100,
              1727475
            ],
            [
              3375075,
              1727475
            ]
          ],
          [
            [
              3375125,
              1716725
            ],
            [
              3375150,
              1716725
            ]
          ],
          [
            [
              3375125,
              1727475
            ],
            [
              3375100,
              1727475
            ]
          ],
          [
            [
              3375150,
              1716725
            ],
            [
              3375175,
              1716725
            ]
          ],
          [
            [
              3375150,
              1727475
            ],
            [
              3375125,
              1727475
            ]
          ],
          [
            [
              3375175,
              1716725
            ],
            [
              3375200,
              1716725
            ]
          ],
          [
            [
              3375175,
              1727475
            ],
            [
              3375150,
              1727475
            ]
          ],
          [
            [
              3375200,
              1716725
            ],
            [
              3375225,
              1716725
            ]
          ],
          [
            [
              3375200,
              1727475
            ],
            [
              3375175,
              1727475
            ]
          ],
          [
            [
              3375225,
              1727475
            ],
            [
              3375200,
              1727475
            ]
          ],
          [
            [
              3375250,
              1727475
            ],
            [
              3375225,
              1727475
            ]
          ],
          [
            [
              3375275,
              1727475
            ],
            [
              3375250,
              1727475
            ]
          ],
          [
            [
              3375300,
              1727475
            ],
            [
              3375275,
              1727475
            ]
          ],
          [
            [
              3375325,
              1727475
            ],
            [
              3375300,
              1727475
            ]
          ],
          [
            [
              3375350,
              1727475
            ],
            [
              3375325,
              1727475
            ]
          ],
          [
            [
              3375375,
              1727475
            ],
            [
              3375350,
              1727475
            ]
          ],
          [
            [
              3375400,
              1727475
            ],
            [
              3375375,
              1727475
            ]
          ],
          [
            [
              3375425,
              1727475
            ],
            [
              3375400,
              1727475
            ]
          ],
          [
            [
              3375450,
              1727475
            ],
            [
              3375425,
              1727475
            ]
          ],
          [
            [
              3375475,
              1727475
            ],
            [
              3375450,
              1727475
            ]
          ],
          [
            [
              3375500,
              1727475
            ],
            [
              3375475,
              1727475
            ]
          ],
          [
            [
              3375525,
              1727475
            ],
            [
              3375500,
              1727475
            ]
          ],
          [
            [
              3375550,
              1727475
            ],
            [
              3375525,
              1727475
            ]
          ],
          [
            [
              3375575,
              1727475
            ],
            [
              3375550,
              1727475
            ]
          ],
          [
            [
              3375600,
              1727475
            ],
            [
              3375575,
              1727475
            ]
          ],
          [
            [
              3375625,
              1727475
            ],
            [
              3375600,
              1727475
            ]
          ],
          [
            [
              3375650,
              1727475
            ],
            [
              3375625,
              1727475
            ]
          ],
          [
            [
              3375675,
              1727475
            ],
            [
              3375650,
              1727475
            ]
          ],
          [
            [
              3375700,
              1727475
            ],
            [
              3375675,
              1727475
            ]
          ],
          [
            [
              3375725,
              1727475
            ],
            [
              3375700,
              1727475
            ]
          ],
          [
            [
              3375750,
              1727475
            ],
            [
              3375725,
              1727475
            ]
          ],
          [
            [
              3375775,
              1727475
            ],
            [
              3375750,
              1727475
            ]
          ],
          [
            [
              3375800,
              1727475
            ],
            [
              3375775,
              1727475
            ]
          ],
          [
            [
              3375825,
              1727475
            ],
            [
              3375800,
              1727475
            ]
          ],
          [
            [
              3375850,
              1727475
            ],
            [
              3375825,
              1727475
            ]
          ],
          [
            [
              3375875,
              1727475
            ],
            [
              3375850,
              1727475
            ]
          ],
          [
            [
              3375900,
              1727475
            ],
            [
              3375875,
              1727475
            ]
          ],
          [
            [
              3375925,
              1727475
            ],
            [
              3375900,
              1727475
            ]
          ],
          [
            [
              3375950,
              1727475
            ],
            [
              3375925,
              1727475
            ]
          ],
          [
            [
              3375975,
              1727475
            ],
            [
              3375950,
              1727475
            ]
          ],
          [
            [
              3376000,
              1727475
            ],
            [
              3375975,
              1727475
            ]
          ],
          [
            [
              3376025,
              1727475
            ],
            [
              3376000,
              1727475
            ]
          ],
          [
            [
              3376050,
              1727475
            ],
            [
              3376025,
              1727475
            ]
          ],
          [
            [
              3376075,
              1727475
            ],
            [
              3376050,
              1727475
            ]
          ],
          [
            [
              3376100,
              1727475
            ],
            [
              3376075,
              1727475
            ]
          ],
          [
            [
              3376125,
              1727475
            ],
            [
              3376100,
              1727475
            ]
          ],
          [
            [
              3376150,
              1727475
            ],
            [
              3376125,
              1727475
            ]
          ],
          [
            [
              3376175,
              1727475
            ],
            [
              3376150,
              1727475
            ]
          ],
          [
            [
              3376200,
              1727475
            ],
            [
              3376175,
              1727475
            ]
          ],
          [
            [
              3376225,
              1727475
            ],
            [
              3376200,
              1727475
            ]
          ],
          [
            [
              3376250,
              1727475
            ],
            [
              3376225,
              1727475
            ]
          ],
          [
            [
              3376275,
              1727475
            ],
            [
              3376250,
              1727475
            ]
          ],
          [
            [
              3376300,
              1727475
            ],
            [
              3376275,
              1727475
            ]
          ],
          [
            [
              3376325,
              1727475
            ],
            [
              3376300,
              1727475
            ]
          ],
          [
            [
              3376350,
              1727475
            ],
            [
              3376325,
              1727475
            ]
          ],
          [
            [
              3376375,
              1727475
            ],
            [
              3376350,
              1727475
            ]
          ],
          [
            [
              3376400,
              1727475
            ],
            [
              3376375,
              1727475
            ]
          ],
          [
            [
              3376425,
              1727475
            ],
            [
              3376400,
              1727475
            ]
          ],
          [
            [
              3376450,
              1727475
            ],
            [
              3376425,
              1727475
            ]
          ],
          [
            [
              3376475,
              1727475
            ],
            [
              3376450,
              1727475
            ]
          ],
          [
            [
              3376500,
              1727475
            ],
            [
              3376475,
              1727475
            ]
          ],
          [
            [
              3376525,
              1727475
            ],
            [
              3376500,
              1727475
            ]
          ],
          [
            [
              3376550,
              1727475
            ],
            [
              3376525,
              1727475
            ]
          ],
          [
            [
              3376575,
              1727475
            ],
            [
              3376550,
              1727475
            ]
          ],
          [
            [
              3376600,
              1727475
            ],
            [
              3376575,
              1727475
            ]
          ],
          [
            [
              3376625,
              1727475
            ],
            [
              3376600,
              1727475
            ]
          ],
          [
            [
              3376650,
              1727475
            ],
            [
              3376625,
              1727475
            ]
          ],
          [
            [
              3376675,
              1727475
            ],
            [
              3376650,
              1727475
            ]
          ],
          [
            [
              3376700,
              1727475
            ],
            [
              3376675,
              1727475
            ]
          ],
          [
            [
              3376725,
              1727475
            ],
            [
              3376700,
              1727475
            ]
          ],
          [
            [
              3376750,
              1727475
            ],
            [
              3376725,
              1727475
            ]
          ],
          [
            [
              3376775,
              1727475
            ],
            [
              3376750,
              1727475
            ]
          ],
          [
            [
              3376800,
              1727475
            ],
            [
              3376775,
              1727475
            ]
          ],
          [
            [
              3376825,
              1727475
            ],
            [
              3376800,
              1727475
            ]
          ],
          [
            [
              3376850,
              1727475
            ],
            [
              3376825,
              1727475
            ]
          ],
          [
            [
              3376875,
              1727475
            ],
            [
              3376850,
              1727475
            ]
          ],
          [
            [
              3376900,
              1727475
            ],
            [
              3376875,
              1727475
            ]
          ],
          [
            [
              3376925,
              1727475
            ],
            [
              3376900,
              1727475
            ]
          ],
          [
            [
              3376950,
              1727475
            ],
            [
              3376925,
              1727475
            ]
          ],
          [
            [
              3376975,
              1727475
            ],
            [
              3376950,
              1727475
            ]
          ],
          [
            [
              3377000,
              1727475
            ],
            [
              3376975,
              1727475
            ]
          ],
          [
            [
              3377025,
              1727475
            ],
            [
              3377000,
              1727475
            ]
          ],
          [
            [
              3377050,
              1727475
            ],
            [
              3377025,
              1727475
            ]
          ],
          [
            [
              3377075,
              1727475
            ],
            [
              3377050,
              1727475
            ]
          ],
          [
            [
              3377100,
              1727475
            ],
            [
              3377075,
              1727475
            ]
          ],
          [
            [
              3377125,
              1727475
            ],
            [
              3377100,
              1727475
            ]
          ],
          [
            [
              3377150,
              1727475
            ],
            [
              3377125,
              1727475
            ]
          ],
          [
            [
              3377175,
              1727475
            ],
            [
              3377150,
              1727475
            ]
          ],
          [
            [
              3377200,
              1727475
            ],
            [
              3377175,
              1727475
            ]
          ],
          [
            [
              3377225,
              1727475
            ],
            [
              3377200,
              1727475
            ]
          ],
          [
            [
              3377250,
              1727475
            ],
            [
              3377225,
              1727475
            ]
          ],
          [
            [
              3377275,
              1727475
            ],
            [
              3377250,
              1727475
            ]
          ],
          [
            [
              3377300,
              1727475
            ],
            [
              3377275,
              1727475
            ]
          ],
          [
            [
              3377325,
              1727475
            ],
            [
              3377300,
              1727475
            ]
          ],
          [
            [
              3377350,
              1727475
            ],
            [
              3377325,
              1727475
            ]
          ],
          [
            [
              3377375,
              1727475
            ],
            [
              3377350,
              1727475
            ]
          ],
          [
            [
              3377400,
              1727475
            ],
            [
              3377375,
              1727475
            ]
          ],
          [
            [
              3377425,
              1727475
            ],
            [
              3377400,
              1727475
            ]
          ],
          [
            [
              3377450,
              1727475
            ],
            [
              3377425,
              1727475
            ]
          ],
          [
            [
              3377475,
              1727475
            ],
            [
              3377450,
              1727475
            ]
          ],
          [
            [
              3377500,
              1727475
            ],
            [
              3377475,
              1727475
            ]
          ],
          [
            [
              3377525,
              1727475
            ],
            [
              3377500,
              1727475
            ]
          ],
          [
            [
              3377550,
              1727475
            ],
            [
              3377525,
              1727475
            ]
          ],
          [
            [
              3377575,
              1727475
            ],
            [
              3377550,
              1727475
            ]
          ],
          [
            [
              3377600,
              1727475
            ],
            [
              3377575,
              1727475
            ]
          ],
          [
            [
              3377625,
              1727475
            ],
            [
              3377600,
              1727475
            ]
          ],
          [
            [
              3377650,
              1727475
            ],
            [
              3377625,
              1727475
            ]
          ],
          [
            [
              3377675,
              1727475
            ],
            [
              3377650,
              1727475
            ]
          ],
          [
            [
              3377700,
              1727475
            ],
            [
              3377675,
              1727475
            ]
          ],
          [
            [
              3377725,
              1727475
            ],
            [
              3377700,
              1727475
            ]
          ],
          [
            [
              3377750,
              1727475
            ],
            [
              3377725,
              1727475
            ]
          ],
          [
            [
              3377775,
              1727475
            ],
            [
              3377750,
              1727475
            ]
          ],
          [
            [
              3377800,
              1727475
            ],
            [
              3377775,
              1727475
            ]
          ],
          [
            [
              3377825,
              1727475
            ],
            [
              3377800,
              1727475
            ]
          ],
          [
            [
              3377850,
              1727475
            ],
            [
              3377825,
              1727475
            ]
          ],
          [
            [
              3377875,
              1727475
            ],
            [
              3377850,
              1727475
            ]
          ],
          [
            [
              3377900,
              1727475
            ],
            [
              3377875,
              1727475
            ]
          ],
          [
            [
              3377925,
              1727475
            ],
            [
              3377900,
              1727475
            ]
          ],
          [
            [
              3377950,
              1727475
            ],
            [
              3377925,
              1727475
            ]
          ],
          [
            [
              3377975,
              1727475
            ],
            [
              3377950,
              1727475
            ]
          ],
          [
            [
              3378000,
              1727475
            ],
            [
              3377975,
              1727475
            ]
          ],
          [
            [
              3378025,
              1727475
            ],
            [
              3378000,
              1727475
            ]
          ],
          [
            [
              3378050,
              1727475
            ],
            [
              3378025,
              1727475
            ]
          ],
          [
            [
              3378075,
              1727475
            ],
            [
              3378050,
              1727475
            ]
          ],
          [
            [
              3378100,
              1727475
            ],
            [
              3378075,
              1727475
            ]
          ],
          [
            [
              3378125,
              1727475
            ],
            [
              3378100,
              1727475
            ]
          ],
          [
            [
              3378150,
              1727475
            ],
            [
              3378125,
              1727475
            ]
          ],
          [
            [
              3378175,
              1727475
            ],
            [
              3378150,
              1727475
            ]
          ],
          [
            [
              3378200,
              1727475
            ],
            [
              3378175,
              1727475
            ]
          ],
          [
            [
              3378225,
              1727475
            ],
            [
              3378200,
              1727475
            ]
          ],
          [
            [
              3378250,
              1727475
            ],
            [
              3378225,
              1727475
            ]
          ],
          [
            [
              3378275,
              1727475
            ],
            [
              3378250,
              1727475
            ]
          ],
          [
            [
              3378300,
              1727475
            ],
            [
              3378275,
              1727475
            ]
          ],
          [
            [
              3378325,
              1727475
            ],
            [
              3378300,
              1727475
            ]
          ],
          [
            [
              3378350,
              1727475
            ],
            [
              3378325,
              1727475
            ]
          ],
          [
            [
              3378375,
              1727475
            ],
            [
              3378350,
              1727475
            ]
          ],
          [
            [
              3378400,
              1727475
            ],
            [
              3378375,
              1727475
            ]
          ],
          [
            [
              3378425,
              1727475
            ],
            [
              3378400,
              1727475
            ]
          ],
          [
            [
              3378450,
              1727475
            ],
            [
              3378425,
              1727475
            ]
          ],
          [
            [
              3378475,
              1727475
            ],
            [
              3378450,
              1727475
            ]
          ],
          [
            [
              3378500,
              1727475
            ],
            [
              3378475,
              1727475
            ]
          ],
          [
            [
              3378525,
              1727475
            ],
            [
              3378500,
              1727475
            ]
          ],
          [
            [
              3378550,
              1727475
            ],
            [
              3378525,
              1727475
            ]
          ],
          [
            [
              3378575,
              1727475
            ],
            [
              3378550,
              1727475
            ]
          ],
          [
            [
              3378600,
              1727475
            ],
            [
              3378575,
              1727475
            ]
          ],
          [
            [
              3378625,
              1727475
            ],
            [
              3378600,
              1727475
            ]
          ],
          [
            [
              3378650,
              1727475
            ],
            [
              3378625,
              1727475
            ]
          ],
          [
            [
              3378675,
              1727475
            ],
            [
              3378650,
              1727475
            ]
          ],
          [
            [
              3378700,
              1727475
            ],
            [
              3378675,
              1727475
            ]
          ],
          [
            [
              3378725,
              1727475
            ],
            [
              3378700,
              1727475
            ]
          ],
          [
            [
              3378750,
              1727475
            ],
            [
              3378725,
              1727475
            ]
          ],
          [
            [
              3378775,
              1727475
            ],
            [
              3378750,
              1727475
            ]
          ],
          [
            [
              3378800,
              1727475
            ],
            [
              3378775,
              1727475
            ]
          ],
          [
            [
              3378825,
              1727475
            ],
            [
              3378800,
              1727475
            ]
          ],
          [
            [
              3378850,
              1727475
            ],
            [
              3378825,
              1727475
            ]
          ],
          [
            [
              3378875,
              1727475
            ],
            [
              3378850,
              1727475
            ]
          ],
          [
            [
              3378900,
              1727475
            ],
            [
              3378875,
              1727475
            ]
          ],
          [
            [
              3378925,
              1727475
            ],
            [
              3378900,
              1727475
            ]
          ],
          [
            [
              3378950,
              1727475
            ],
            [
              3378925,
              1727475
            ]
          ],
          [
            [
              3378975,
              1727475
            ],
            [
              3378950,
              1727475
            ]
          ],
          [
            [
              3379000,
              1727475
            ],
            [
              3378975,
              1727475
            ]
          ],
          [
            [
              3379025,
              1727475
            ],
            [
              3379000,
              1727475
            ]
          ],
          [
            [
              3379050,
              1727475
            ],
            [
              3379025,
              1727475
            ]
          ],
          [
            [
              3379075,
              1727475
            ],
            [
              3379050,
              1727475
            ]
          ],
          [
            [
              3379100,
              1727475
            ],
            [
              3379075,
              1727475
            ]
          ],
          [
            [
              3379125,
              1727475
            ],
            [
              3379100,
              1727475
            ]
          ],
          [
            [
              3379150,
              1727475
            ],
            [
              3379125,
              1727475
            ]
          ],
          [
            [
              3379175,
              1727475
            ],
            [
              3379150,
              1727475
            ]
          ],
          [
            [
              3379200,
              1727475
            ],
            [
              3379175,
              1727475
            ]
          ],
          [
            [
              3379225,
              1727475
            ],
            [
              3379200,
              1727475
            ]
          ],
          [
            [
              3379250,
              1727475
            ],
            [
              3379225,
              1727475
            ]
          ],
          [
            [
              3379275,
              1727475
            ],
            [
              3379250,
              1727475
            ]
          ],
          [
            [
              3379300,
              1727475
            ],
            [
              3379275,
              1727475
            ]
          ],
          [
            [
              3379325,
              1727475
            ],
            [
              3379300,
              1727475
            ]
          ],
          [
            [
              3379350,
              1727475
            ],
            [
              3379325,
              1727475
            ]
          ],
          [
            [
              3379375,
              1727475
            ],
            [
              3379350,
              1727475
            ]
          ],
          [
            [
              3379400,
              1727475
            ],
            [
              3379375,
              1727475
            ]
          ],
          [
            [
              3379425,
              1727475
            ],
            [
              3379400,
              1727475
            ]
          ],
          [
            [
              3379450,
              1727475
            ],
            [
              3379425,
              1727475
            ]
          ],
          [
            [
              3379475,
              1727475
            ],
            [
              3379450,
              1727475
            ]
          ],
          [
            [
              3379500,
              1727475
            ],
            [
              3379475,
              1727475
            ]
          ],
          [
            [
              3379525,
              1727475
            ],
            [
              3379500,
              1727475
            ]
          ],
          [
            [
              3379550,
              1727475
            ],
            [
              3379525,
              1727475
            ]
          ],
          [
            [
              3379575,
              1727475
            ],
            [
              3379550,
              1727475
            ]
          ],
          [
            [
              3379600,
              1727475
            ],
            [
              3379575,
              1727475
            ]
          ],
          [
            [
              3379625,
              1727475
            ],
            [
              3379600,
              1727475
            ]
          ],
          [
            [
              3379650,
              1727475
            ],
            [
              3379625,
              1727475
            ]
          ],
          [
            [
              3379675,
              1727475
            ],
            [
              3379650,
              1727475
            ]
          ],
          [
            [
              3379700,
              1727475
            ],
            [
              3379675,
              1727475
            ]
          ],
          [
            [
              3379725,
              1727475
            ],
            [
              3379700,
              1727475
            ]
          ],
          [
            [
              3379750,
              1727475
            ],
            [
              3379725,
              1727475
            ]
          ],
          [
            [
              3379775,
              1727475
            ],
            [
              3379750,
              1727475
            ]
          ],
          [
            [
              3379800,
              1727475
            ],
            [
              3379775,
              1727475
            ]
          ],
          [
            [
              3379825,
              1727475
            ],
            [
              3379800,
              1727475
            ]
          ],
          [
            [
              3379850,
              1727475
            ],
            [
              3379825,
              1727475
            ]
          ],
          [
            [
              3379875,
              1727475
            ],
            [
              3379850,
              1727475
            ]
          ],
          [
            [
              3379900,
              1727475
            ],
            [
              3379875,
              1727475
            ]
          ],
          [
            [
              3379925,
              1727475
            ],
            [
              3379900,
              1727475
            ]
          ],
          [
            [
              3379950,
              1727475
            ],
            [
              3379925,
              1727475
            ]
          ],
          [
            [
              3379975,
              1727475
            ],
            [
              3379950,
              1727475
            ]
          ],
          [
            [
              3380000,
              1727475
            ],
            [
              3379975,
              1727475
            ]
          ],
          [
            [
              3380025,
              1727475
            ],
            [
              3380000,
              1727475
            ]
          ],
          [
            [
              3380050,
              1727475
            ],
            [
              3380025,
              1727475
            ]
          ],
          [
            [
              3380075,
              1727475
            ],
            [
              3380050,
              1727475
            ]
          ],
          [
            [
              3380100,
              1727475
            ],
            [
              3380075,
              1727475
            ]
          ],
          [
            [
              3380125,
              1727475
            ],
            [
              3380100,
              1727475
            ]
          ],
          [
            [
              3380150,
              1727475
            ],
            [
              3380125,
              1727475
            ]
          ],
          [
            [
              3380175,
              1727475
            ],
            [
              3380150,
              1727475
            ]
          ],
          [
            [
              3380200,
              1727475
            ],
            [
              3380175,
              1727475
            ]
          ],
          [
            [
              3380225,
              1727475
            ],
            [
              3380200,
              1727475
            ]
          ],
          [
            [
              3380250,
              1727475
            ],
            [
              3380225,
              1727475
            ]
          ],
          [
            [
              3380275,
              1727475
            ],
            [
              3380250,
              1727475
            ]
          ],
          [
            [
              3380300,
              1727475
            ],
            [
              3380275,
              1727475
            ]
          ],
          [
            [
              3380325,
              1727475
            ],
            [
              3380300,
              1727475
            ]
          ],
          [
            [
              3380350,
              1727475
            ],
            [
              3380325,
              1727475
            ]
          ],
          [
            [
              3380375,
              1727475
            ],
            [
              3380350,
              1727475
            ]
          ],
          [
            [
              3380400,
              1727475
            ],
            [
              3380375,
              1727475
            ]
          ],
          [
            [
              3380425,
              1727475
            ],
            [
              3380400,
              1727475
            ]
          ],
          [
            [
              3380450,
              1727475
            ],
            [
              3380425,
              1727475
            ]
          ],
          [
            [
              3380475,
              1727475
            ],
            [
              3380450,
              1727475
            ]
          ],
          [
            [
              3380500,
              1727475
            ],
            [
              3380475,
              1727475
            ]
          ],
          [
            [
              3380525,
              1727475
            ],
            [
              3380500,
              1727475
            ]
          ],
          [
            [
              3380550,
              1727475
            ],
            [
              3380525,
              1727475
            ]
          ],
          [
            [
              3380575,
              1727475
            ],
            [
              3380550,
              1727475
            ]
          ],
          [
            [
              3380600,
              1727475
            ],
            [
              3380575,
              1727475
            ]
          ],
          [
            [
              3380625,
              1727475
            ],
            [
              3380600,
              1727475
            ]
          ],
          [
            [
              3380650,
              1727475
            ],
            [
              3380625,
              1727475
            ]
          ],
          [
            [
              3380675,
              1727475
            ],
            [
              3380650,
              1727475
            ]
          ],
          [
            [
              3380700,
              1727475
            ],
            [
              3380675,
              1727475
            ]
          ],
          [
            [
              3380725,
              1727475
            ],
            [
              3380700,
              1727475
            ]
          ],
          [
            [
              3380750,
              1727475
            ],
            [
              3380725,
              1727475
            ]
          ],
          [
            [
              3380775,
              1727475
            ],
            [
              3380750,
              1727475
            ]
          ],
          [
            [
              3380800,
              1727475
            ],
            [
              3380775,
              1727475
            ]
          ],
          [
            [
              3380825,
              1727475
            ],
            [
              3380800,
              1727475
            ]
          ],
          [
            [
              3380850,
              1727475
            ],
            [
              3380825,
              1727475
            ]
          ],
          [
            [
              3380875,
              1727475
            ],
            [
              3380850,
              1727475
            ]
          ],
          [
            [
              3380900,
              1727475
            ],
            [
              3380875,
              1727475
            ]
          ],
          [
            [
              3380925,
              1727475
            ],
            [
              3380900,
              1727475
            ]
          ],
          [
            [
              3380950,
              1727475
            ],
            [
              3380925,
              1727475
            ]
          ],
          [
            [
              3380975,
              1727475
            ],
            [
              3380950,
              1727475
            ]
          ],
          [
            [
              3381000,
              1727475
            ],
            [
              3380975,
              1727475
            ]
          ],
          [
            [
              3381025,
              1727475
            ],
            [
              3381000,
              1727475
            ]
          ],
          [
            [
              3381050,
              1727475
            ],
            [
              3381025,
              1727475
            ]
          ],
          [
            [
              3381075,
              1727475
            ],
            [
              3381050,
              1727475
            ]
          ],
          [
            [
              3381100,
              1727475
            ],
            [
              3381075,
              1727475
            ]
          ],
          [
            [
              3381125,
              1727475
            ],
            [
              3381100,
              1727475
            ]
          ],
          [
            [
              3381150,
              1727475
            ],
            [
              3381125,
              1727475
            ]
          ],
          [
            [
              3381175,
              1727475
            ],
            [
              3381150,
              1727475
            ]
          ],
          [
            [
              3381200,
              1727475
            ],
            [
              3381175,
              1727475
            ]
          ],
          [
            [
              3381225,
              1727475
            ],
            [
              3381200,
              1727475
            ]
          ],
          [
            [
              3381250,
              1727475
            ],
            [
              3381225,
              1727475
            ]
          ],
          [
            [
              3381275,
              1727475
            ],
            [
              3381250,
              1727475
            ]
          ],
          [
            [
              3381300,
              1727475
            ],
            [
              3381275,
              1727475
            ]
          ],
          [
            [
              3381325,
              1727475
            ],
            [
              3381300,
              1727475
            ]
          ],
          [
            [
              3381350,
              1727475
            ],
            [
              3381325,
              1727475
            ]
          ],
          [
            [
              3381375,
              1727475
            ],
            [
              3381350,
              1727475
            ]
          ],
          [
            [
              3381400,
              1727475
            ],
            [
              3381375,
              1727475
            ]
          ],
          [
            [
              3381425,
              1727475
            ],
            [
              3381400,
              1727475
            ]
          ],
          [
            [
              3381450,
              1727475
            ],
            [
              3381425,
              1727475
            ]
          ],
          [
            [
              3381475,
              1727475
            ],
            [
              3381450,
              1727475
            ]
          ],
          [
            [
              3381500,
              1727475
            ],
            [
              3381475,
              1727475
            ]
          ],
          [
            [
              3381525,
              1727475
            ],
            [
              3381500,
              1727475
            ]
          ],
          [
            [
              3381550,
              1727475
            ],
            [
              3381525,
              1727475
            ]
          ],
          [
            [
              3381575,
              1727475
            ],
            [
              3381550,
              1727475
            ]
          ],
          [
            [
              3381600,
              1727475
            ],
            [
              3381575,
              1727475
            ]
          ],
          [
            [
              3381625,
              1727475
            ],
            [
              3381600,
              1727475
            ]
          ],
          [
            [
              3381650,
              1727475
            ],
            [
              3381625,
              1727475
            ]
          ],
          [
            [
              3381675,
              1727475
            ],
            [
              3381650,
              1727475
            ]
          ],
          [
            [
              3381700,
              1727475
            ],
            [
              3381675,
              1727475
            ]
          ],
          [
            [
              3381725,
              1727475
            ],
            [
              3381700,
              1727475
            ]
          ],
          [
            [
              3381750,
              1727475
            ],
            [
              3381725,
              1727475
            ]
          ],
          [
            [
              3381775,
              1727475
            ],
            [
              3381750,
              1727475
            ]
          ],
          [
            [
              3381800,
              1727475
            ],
            [
              3381775,
              1727475
            ]
          ],
          [
            [
              3381825,
              1727475
            ],
            [
              3381800,
              1727475
            ]
          ],
          [
            [
              3381850,
              1727475
            ],
            [
              3381825,
              1727475
            ]
          ],
          [
            [
              3381875,
              1727475
            ],
            [
              3381850,
              1727475
            ]
          ],
          [
            [
              3381900,
              1727475
            ],
            [
              3381875,
              1727475
            ]
          ],
          [
            [
              3381925,
              1727475
            ],
            [
              3381900,
              1727475
            ]
          ],
          [
            [
              3381950,
              1727475
            ],
            [
              3381925,
              1727475
            ]
          ],
          [
            [
              3381975,
              1727475
            ],
            [
              3381950,
              1727475
            ]
          ],
          [
            [
              3382000,
              1727475
            ],
            [
              3381975,
              1727475
            ]
          ],
          [
            [
              3382025,
              1727475
            ],
            [
              3382000,
              1727475
            ]
          ],
          [
            [
              3382050,
              1727475
            ],
            [
              3382025,
              1727475
            ]
          ],
          [
            [
              3382075,
              1727475
            ],
            [
              3382050,
              1727475
            ]
          ],
          [
            [
              3382100,
              1727475
            ],
            [
              3382075,
              1727475
            ]
          ],
          [
            [
              3382125,
              1727475
            ],
            [
              3382100,
              1727475
            ]
          ],
          [
            [
              3382150,
              1727475
            ],
            [
              3382125,
              1727475
            ]
          ],
          [
            [
              3382175,
              1727475
            ],
            [
              3382150,
              1727475
            ]
          ],
          [
            [
              3382200,
              1727475
            ],
            [
              3382175,
              1727475
            ]
          ],
          [
            [
              3382225,
              1727475
            ],
            [
              3382200,
              1727475
            ]
          ],
          [
            [
              3382250,
              1727475
            ],
            [
              3382225,
              1727475
            ]
          ],
          [
            [
              3382275,
              1727475
            ],
            [
              3382250,
              1727475
            ]
          ],
          [
            [
              3382300,
              1727475
            ],
            [
              3382275,
              1727475
            ]
          ],
          [
            [
              3382325,
              1727475
            ],
            [
              3382300,
              1727475
            ]
          ],
          [
            [
              3382350,
              1727475
            ],
            [
              3382325,
              1727475
            ]
          ],
          [
            [
              3382375,
              1727475
            ],
            [
              3382350,
              1727475
            ]
          ],
          [
            [
              3382400,
              1727475
            ],
            [
              3382375,
              1727475
            ]
          ],
          [
            [
              3382425,
              1727475
            ],
            [
              3382400,
              1727475
            ]
          ],
          [
            [
              3382450,
              1727475
            ],
            [
              3382425,
              1727475
            ]
          ],
          [
            [
              3382475,
              1727475
            ],
            [
              3382450,
              1727475
            ]
          ],
          [
            [
              3382500,
              1727475
            ],
            [
              3382475,
              1727475
            ]
          ],
          [
            [
              3382525,
              1727475
            ],
            [
              3382500,
              1727475
            ]
          ],
          [
            [
              3382550,
              1727475
            ],
            [
              3382525,
              1727475
            ]
          ],
          [
            [
              3382575,
              1727475
            ],
            [
              3382550,
              1727475
            ]
          ],
          [
            [
              3382600,
              1727475
            ],
            [
              3382575,
              1727475
            ]
          ],
          [
            [
              3382625,
              1727475
            ],
            [
              3382600,
              1727475
            ]
          ]
        ]
      }
    }
  ]
}
