{
  "type": "FeatureCollection",
  "schemaVersion": "0.0.0",
  "settlementId": "es-alicante",
  "coordinateReferenceSystem": "EPSG:3035",
  "coordinateUnit": "m",
  "geoJsonProfile": "workbench-projected-v0",
  "sourceMaskSchemaVersion": "0.0.0",
  "sourceViewportIds": [
    "tv-epsg3035-25-w135555-s70041-c779-r580",
    "tv-epsg3035-25-w135555-s70078-c486-r366",
    "tv-epsg3035-25-w135892-s70323-c208-r201",
    "tv-epsg3035-25-w135930-s70270-c188-r240",
    "tv-epsg3035-25-w135966-s70317-c173-r152",
    "tv-epsg3035-25-w136007-s70342-c204-r221",
    "tv-epsg3035-25-w136018-s70313-c314-r237"
  ],
  "features": [
    {
      "type": "Feature",
      "id": "land-0",
      "properties": {
        "settlementId": "es-alicante",
        "kind": "land",
        "clippedByCoverage": true,
        "boundarySourceViewportIds": [
          "tv-epsg3035-25-w135555-s70041-c779-r580",
          "tv-epsg3035-25-w135555-s70078-c486-r366",
          "tv-epsg3035-25-w135892-s70323-c208-r201",
          "tv-epsg3035-25-w135930-s70270-c188-r240",
          "tv-epsg3035-25-w135966-s70317-c173-r152",
          "tv-epsg3035-25-w136007-s70342-c204-r221",
          "tv-epsg3035-25-w136018-s70313-c314-r237"
        ]
      },
      "geometry": {
        "type": "Polygon",
        "coordinates": [
          [
            [
              3388875,
              1751025
            ],
            [
              3388900,
              1751025
            ],
            [
              3388925,
              1751025
            ],
            [
              3388950,
              1751025
            ],
            [
              3388975,
              1751025
            ],
            [
              3389000,
              1751025
            ],
            [
              3389025,
              1751025
            ],
            [
              3389050,
              1751025
            ],
            [
              3389075,
              1751025
            ],
            [
              3389100,
              1751025
            ],
            [
              3389125,
              1751025
            ],
            [
              3389150,
              1751025
            ],
            [
              3389175,
              1751025
            ],
            [
              3389200,
              1751025
            ],
            [
              3389225,
              1751025
            ],
            [
              3389250,
              1751025
            ],
            [
              3389275,
              1751025
            ],
            [
              3389300,
              1751025
            ],
            [
              3389325,
              1751025
            ],
            [
              3389350,
              1751025
            ],
            [
              3389375,
              1751025
            ],
            [
              3389400,
              1751025
            ],
            [
              3389425,
              1751025
            ],
            [
              3389450,
              1751025
            ],
            [
              3389475,
              1751025
            ],
            [
              3389500,
              1751025
            ],
            [
              3389525,
              1751025
            ],
            [
              3389550,
              1751025
            ],
            [
              3389575,
              1751025
            ],
            [
              3389600,
              1751025
            ],
            [
              3389625,
              1751025
            ],
            [
              3389650,
              1751025
            ],
            [
              3389675,
              1751025
            ],
            [
              3389700,
              1751025
            ],
            [
              3389725,
              1751025
            ],
            [
              3389750,
              1751025
            ],
            [
              3389775,
              1751025
            ],
            [
              3389800,
              1751025
            ],
            [
              3389825,
              1751025
            ],
            [
              3389850,
              1751025
            ],
            [
              3389875,
              1751025
            ],
            [
              3389900,
              1751025
            ],
            [
              3389925,
              1751025
            ],
            [
              3389950,
              1751025
            ],
            [
              3389975,
              1751025
            ],
            [
              3390000,
              1751025
            ],
            [
              3390025,
              1751025
            ],
            [
              3390050,
              1751025
            ],
            [
              3390075,
              1751025
            ],
            [
              3390100,
              1751025
            ],
            [
              3390125,
              1751025
            ],
            [
              3390150,
              1751025
            ],
            [
              3390175,
              1751025
            ],
            [
              3390200,
              1751025
            ],
            [
              3390225,
              1751025
            ],
            [
              3390250,
              1751025
            ],
            [
              3390275,
              1751025
            ],
            [
              3390300,
              1751025
            ],
            [
              3390325,
              1751025
            ],
            [
              3390350,
              1751025
            ],
            [
              3390375,
              1751025
            ],
            [
              3390400,
              1751025
            ],
            [
              3390425,
              1751025
            ],
            [
              3390450,
              1751025
            ],
            [
              3390475,
              1751025
            ],
            [
              3390500,
              1751025
            ],
            [
              3390525,
              1751025
            ],
            [
              3390550,
              1751025
            ],
            [
              3390575,
              1751025
            ],
            [
              3390600,
              1751025
            ],
            [
              3390625,
              1751025
            ],
            [
              3390650,
              1751025
            ],
            [
              3390675,
              1751025
            ],
            [
              3390700,
              1751025
            ],
            [
              3390725,
              1751025
            ],
            [
              3390750,
              1751025
            ],
            [
              3390775,
              1751025
            ],
            [
              3390800,
              1751025
            ],
            [
              3390825,
              1751025
            ],
            [
              3390850,
              1751025
            ],
            [
              3390875,
              1751025
            ],
            [
              3390900,
              1751025
            ],
            [
              3390925,
              1751025
            ],
            [
              3390950,
              1751025
            ],
            [
              3390975,
              1751025
            ],
            [
              3391000,
              1751025
            ],
            [
              3391025,
              1751025
            ],
            [
              3391050,
              1751025
            ],
            [
              3391075,
              1751025
            ],
            [
              3391100,
              1751025
            ],
            [
              3391125,
              1751025
            ],
            [
              3391150,
              1751025
            ],
            [
              3391175,
              1751025
            ],
            [
              3391200,
              1751025
            ],
            [
              3391225,
              1751025
            ],
            [
              3391250,
              1751025
            ],
            [
              3391275,
              1751025
            ],
            [
              3391300,
              1751025
            ],
            [
              3391325,
              1751025
            ],
            [
              3391350,
              1751025
            ],
            [
              3391375,
              1751025
            ],
            [
              3391400,
              1751025
            ],
            [
              3391425,
              1751025
            ],
            [
              3391450,
              1751025
            ],
            [
              3391475,
              1751025
            ],
            [
              3391500,
              1751025
            ],
            [
              3391525,
              1751025
            ],
            [
              3391550,
              1751025
            ],
            [
              3391575,
              1751025
            ],
            [
              3391600,
              1751025
            ],
            [
              3391625,
              1751025
            ],
            [
              3391650,
              1751025
            ],
            [
              3391675,
              1751025
            ],
            [
              3391700,
              1751025
            ],
            [
              3391725,
              1751025
            ],
            [
              3391750,
              1751025
            ],
            [
              3391775,
              1751025
            ],
            [
              3391800,
              1751025
            ],
            [
              3391825,
              1751025
            ],
            [
              3391850,
              1751025
            ],
            [
              3391875,
              1751025
            ],
            [
              3391900,
              1751025
            ],
            [
              3391925,
              1751025
            ],
            [
              3391950,
              1751025
            ],
            [
              3391975,
              1751025
            ],
            [
              3392000,
              1751025
            ],
            [
              3392025,
              1751025
            ],
            [
              3392050,
              1751025
            ],
            [
              3392075,
              1751025
            ],
            [
              3392100,
              1751025
            ],
            [
              3392125,
              1751025
            ],
            [
              3392150,
              1751025
            ],
            [
              3392175,
              1751025
            ],
            [
              3392200,
              1751025
            ],
            [
              3392225,
              1751025
            ],
            [
              3392250,
              1751025
            ],
            [
              3392275,
              1751025
            ],
            [
              3392300,
              1751025
            ],
            [
              3392325,
              1751025
            ],
            [
              3392350,
              1751025
            ],
            [
              3392375,
              1751025
            ],
            [
              3392400,
              1751025
            ],
            [
              3392425,
              1751025
            ],
            [
              3392450,
              1751025
            ],
            [
              3392475,
              1751025
            ],
            [
              3392500,
              1751025
            ],
            [
              3392525,
              1751025
            ],
            [
              3392550,
              1751025
            ],
            [
              3392575,
              1751025
            ],
            [
              3392600,
              1751025
            ],
            [
              3392625,
              1751025
            ],
            [
              3392650,
              1751025
            ],
            [
              3392675,
              1751025
            ],
            [
              3392700,
              1751025
            ],
            [
              3392725,
              1751025
            ],
            [
              3392750,
              1751025
            ],
            [
              3392775,
              1751025
            ],
            [
              3392800,
              1751025
            ],
            [
              3392825,
              1751025
            ],
            [
              3392850,
              1751025
            ],
            [
              3392875,
              1751025
            ],
            [
              3392900,
              1751025
            ],
            [
              3392925,
              1751025
            ],
            [
              3392950,
              1751025
            ],
            [
              3392975,
              1751025
            ],
            [
              3393000,
              1751025
            ],
            [
              3393025,
              1751025
            ],
            [
              3393050,
              1751025
            ],
            [
              3393075,
              1751025
            ],
            [
              3393100,
              1751025
            ],
            [
              3393125,
              1751025
            ],
            [
              3393150,
              1751025
            ],
            [
              3393175,
              1751025
            ],
            [
              3393200,
              1751025
            ],
            [
              3393225,
              1751025
            ],
            [
              3393250,
              1751025
            ],
            [
              3393275,
              1751025
            ],
            [
              3393300,
              1751025
            ],
            [
              3393325,
              1751025
            ],
            [
              3393350,
              1751025
            ],
            [
              3393375,
              1751025
            ],
            [
              3393400,
              1751025
            ],
            [
              3393425,
              1751025
            ],
            [
              3393450,
              1751025
            ],
            [
              3393475,
              1751025
            ],
            [
              3393500,
              1751025
            ],
            [
              3393525,
              1751025
            ],
            [
              3393550,
              1751025
            ],
            [
              3393575,
              1751025
            ],
            [
              3393600,
              1751025
            ],
            [
              3393625,
              1751025
            ],
            [
              3393650,
              1751025
            ],
            [
              3393675,
              1751025
            ],
            [
              3393700,
              1751025
            ],
            [
              3393725,
              1751025
            ],
            [
              3393750,
              1751025
            ],
            [
              3393775,
              1751025
            ],
            [
              3393800,
              1751025
            ],
            [
              3393825,
              1751025
            ],
            [
              3393850,
              1751025
            ],
            [
              3393875,
              1751025
            ],
            [
              3393900,
              1751025
            ],
            [
              3393925,
              1751025
            ],
            [
              3393950,
              1751025
            ],
            [
              3393975,
              1751025
            ],
            [
              3394000,
              1751025
            ],
            [
              3394025,
              1751025
            ],
            [
              3394050,
              1751025
            ],
            [
              3394075,
              1751025
            ],
            [
              3394100,
              1751025
            ],
            [
              3394125,
              1751025
            ],
            [
              3394150,
              1751025
            ],
            [
              3394175,
              1751025
            ],
            [
              3394200,
              1751025
            ],
            [
              3394225,
              1751025
            ],
            [
              3394250,
              1751025
            ],
            [
              3394275,
              1751025
            ],
            [
              3394300,
              1751025
            ],
            [
              3394325,
              1751025
            ],
            [
              3394350,
              1751025
            ],
            [
              3394375,
              1751025
            ],
            [
              3394400,
              1751025
            ],
            [
              3394425,
              1751025
            ],
            [
              3394450,
              1751025
            ],
            [
              3394475,
              1751025
            ],
            [
              3394500,
              1751025
            ],
            [
              3394525,
              1751025
            ],
            [
              3394550,
              1751025
            ],
            [
              3394575,
              1751025
            ],
            [
              3394600,
              1751025
            ],
            [
              3394625,
              1751025
            ],
            [
              3394650,
              1751025
            ],
            [
              3394675,
              1751025
            ],
            [
              3394700,
              1751025
            ],
            [
              3394725,
              1751025
            ],
            [
              3394750,
              1751025
            ],
            [
              3394775,
              1751025
            ],
            [
              3394800,
              1751025
            ],
            [
              3394825,
              1751025
            ],
            [
              3394850,
              1751025
            ],
            [
              3394875,
              1751025
            ],
            [
              3394900,
              1751025
            ],
            [
              3394925,
              1751025
            ],
            [
              3394950,
              1751025
            ],
            [
              3394975,
              1751025
            ],
            [
              3395000,
              1751025
            ],
            [
              3395025,
              1751025
            ],
            [
              3395050,
              1751025
            ],
            [
              3395075,
              1751025
            ],
            [
              3395100,
              1751025
            ],
            [
              3395125,
              1751025
            ],
            [
              3395150,
              1751025
            ],
            [
              3395175,
              1751025
            ],
            [
              3395200,
              1751025
            ],
            [
              3395225,
              1751025
            ],
            [
              3395250,
              1751025
            ],
            [
              3395275,
              1751025
            ],
            [
              3395300,
              1751025
            ],
            [
              3395325,
              1751025
            ],
            [
              3395350,
              1751025
            ],
            [
              3395375,
              1751025
            ],
            [
              3395400,
              1751025
            ],
            [
              3395425,
              1751025
            ],
            [
              3395450,
              1751025
            ],
            [
              3395475,
              1751025
            ],
            [
              3395500,
              1751025
            ],
            [
              3395525,
              1751025
            ],
            [
              3395550,
              1751025
            ],
            [
              3395575,
              1751025
            ],
            [
              3395600,
              1751025
            ],
            [
              3395625,
              1751025
            ],
            [
              3395650,
              1751025
            ],
            [
              3395675,
              1751025
            ],
            [
              3395700,
              1751025
            ],
            [
              3395725,
              1751025
            ],
            [
              3395750,
              1751025
            ],
            [
              3395775,
              1751025
            ],
            [
              3395800,
              1751025
            ],
            [
              3395825,
              1751025
            ],
            [
              3395850,
              1751025
            ],
            [
              3395875,
              1751025
            ],
            [
              3395900,
              1751025
            ],
            [
              3395925,
              1751025
            ],
            [
              3395950,
              1751025
            ],
            [
              3395975,
              1751025
            ],
            [
              3396000,
              1751025
            ],
            [
              3396025,
              1751025
            ],
            [
              3396050,
              1751025
            ],
            [
              3396075,
              1751025
            ],
            [
              3396100,
              1751025
            ],
            [
              3396125,
              1751025
            ],
            [
              3396150,
              1751025
            ],
            [
              3396175,
              1751025
            ],
            [
              3396200,
              1751025
            ],
            [
              3396225,
              1751025
            ],
            [
              3396250,
              1751025
            ],
            [
              3396275,
              1751025
            ],
            [
              3396300,
              1751025
            ],
            [
              3396325,
              1751025
            ],
            [
              3396350,
              1751025
            ],
            [
              3396375,
              1751025
            ],
            [
              3396400,
              1751025
            ],
            [
              3396425,
              1751025
            ],
            [
              3396450,
              1751025
            ],
            [
              3396475,
              1751025
            ],
            [
              3396500,
              1751025
            ],
            [
              3396525,
              1751025
            ],
            [
              3396550,
              1751025
            ],
            [
              3396575,
              1751025
            ],
            [
              3396600,
              1751025
            ],
            [
              3396625,
              1751025
            ],
            [
              3396650,
              1751025
            ],
            [
              3396675,
              1751025
            ],
            [
              3396700,
              1751025
            ],
            [
              3396725,
              1751025
            ],
            [
              3396750,
              1751025
            ],
            [
              3396775,
              1751025
            ],
            [
              3396800,
              1751025
            ],
            [
              3396825,
              1751025
            ],
            [
              3396850,
              1751025
            ],
            [
              3396875,
              1751025
            ],
            [
              3396900,
              1751025
            ],
            [
              3396925,
              1751025
            ],
            [
              3396950,
              1751025
            ],
            [
              3396975,
              1751025
            ],
            [
              3397000,
              1751025
            ],
            [
              3397025,
              1751025
            ],
            [
              3397050,
              1751025
            ],
            [
              3397075,
              1751025
            ],
            [
              3397100,
              1751025
            ],
            [
              3397125,
              1751025
            ],
            [
              3397150,
              1751025
            ],
            [
              3397175,
              1751025
            ],
            [
              3397200,
              1751025
            ],
            [
              3397225,
              1751025
            ],
            [
              3397250,
              1751025
            ],
            [
              3397275,
              1751025
            ],
            [
              3397300,
              1751025
            ],
            [
              3397325,
              1751025
            ],
            [
              3397350,
              1751025
            ],
            [
              3397375,
              1751025
            ],
            [
              3397375,
              1751050
            ],
            [
              3397375,
              1751075
            ],
            [
              3397375,
              1751100
            ],
            [
              3397375,
              1751125
            ],
            [
              3397375,
              1751150
            ],
            [
              3397375,
              1751175
            ],
            [
              3397375,
              1751200
            ],
            [
              3397375,
              1751225
            ],
            [
              3397375,
              1751250
            ],
            [
              3397375,
              1751275
            ],
            [
              3397375,
              1751300
            ],
            [
              3397375,
              1751325
            ],
            [
              3397375,
              1751350
            ],
            [
              3397375,
              1751375
            ],
            [
              3397375,
              1751400
            ],
            [
              3397375,
              1751425
            ],
            [
              3397375,
              1751450
            ],
            [
              3397375,
              1751475
            ],
            [
              3397375,
              1751500
            ],
            [
              3397375,
              1751525
            ],
            [
              3397400,
              1751525
            ],
            [
              3397400,
              1751550
            ],
            [
              3397400,
              1751575
            ],
            [
              3397400,
              1751600
            ],
            [
              3397400,
              1751625
            ],
            [
              3397400,
              1751650
            ],
            [
              3397400,
              1751675
            ],
            [
              3397400,
              1751700
            ],
            [
              3397400,
              1751725
            ],
            [
              3397400,
              1751750
            ],
            [
              3397400,
              1751775
            ],
            [
              3397400,
              1751800
            ],
            [
              3397400,
              1751825
            ],
            [
              3397400,
              1751850
            ],
            [
              3397400,
              1751875
            ],
            [
              3397400,
              1751900
            ],
            [
              3397400,
              1751925
            ],
            [
              3397425,
              1751925
            ],
            [
              3397425,
              1751950
            ],
            [
              3397425,
              1751975
            ],
            [
              3397425,
              1752000
            ],
            [
              3397425,
              1752025
            ],
            [
              3397425,
              1752050
            ],
            [
              3397425,
              1752075
            ],
            [
              3397425,
              1752100
            ],
            [
              3397425,
              1752125
            ],
            [
              3397425,
              1752150
            ],
            [
              3397425,
              1752175
            ],
            [
              3397425,
              1752200
            ],
            [
              3397425,
              1752225
            ],
            [
              3397425,
              1752250
            ],
            [
              3397425,
              1752275
            ],
            [
              3397425,
              1752300
            ],
            [
              3397425,
              1752325
            ],
            [
              3397450,
              1752325
            ],
            [
              3397450,
              1752350
            ],
            [
              3397450,
              1752375
            ],
            [
              3397450,
              1752400
            ],
            [
              3397450,
              1752425
            ],
            [
              3397450,
              1752450
            ],
            [
              3397450,
              1752475
            ],
            [
              3397450,
              1752500
            ],
            [
              3397450,
              1752525
            ],
            [
              3397475,
              1752525
            ],
            [
              3397475,
              1752550
            ],
            [
              3397475,
              1752575
            ],
            [
              3397475,
              1752600
            ],
            [
              3397475,
              1752625
            ],
            [
              3397475,
              1752650
            ],
            [
              3397475,
              1752675
            ],
            [
              3397475,
              1752700
            ],
            [
              3397475,
              1752725
            ],
            [
              3397500,
              1752725
            ],
            [
              3397500,
              1752750
            ],
            [
              3397500,
              1752775
            ],
            [
              3397500,
              1752800
            ],
            [
              3397500,
              1752825
            ],
            [
              3397500,
              1752850
            ],
            [
              3397500,
              1752875
            ],
            [
              3397500,
              1752900
            ],
            [
              3397500,
              1752925
            ],
            [
              3397525,
              1752925
            ],
            [
              3397525,
              1752950
            ],
            [
              3397525,
              1752975
            ],
            [
              3397525,
              1753000
            ],
            [
              3397525,
              1753025
            ],
            [
              3397525,
              1753050
            ],
            [
              3397525,
              1753075
            ],
            [
              3397525,
              1753100
            ],
            [
              3397525,
              1753125
            ],
            [
              3397550,
              1753125
            ],
            [
              3397550,
              1753150
            ],
            [
              3397550,
              1753175
            ],
            [
              3397550,
              1753200
            ],
            [
              3397550,
              1753225
            ],
            [
              3397550,
              1753250
            ],
            [
              3397550,
              1753275
            ],
            [
              3397550,
              1753300
            ],
            [
              3397550,
              1753325
            ],
            [
              3397575,
              1753325
            ],
            [
              3397575,
              1753350
            ],
            [
              3397575,
              1753375
            ],
            [
              3397575,
              1753400
            ],
            [
              3397575,
              1753425
            ],
            [
              3397575,
              1753450
            ],
            [
              3397575,
              1753475
            ],
            [
              3397575,
              1753500
            ],
            [
              3397575,
              1753525
            ],
            [
              3397575,
              1753550
            ],
            [
              3397575,
              1753575
            ],
            [
              3397575,
              1753600
            ],
            [
              3397575,
              1753625
            ],
            [
              3397575,
              1753650
            ],
            [
              3397575,
              1753675
            ],
            [
              3397575,
              1753700
            ],
            [
              3397575,
              1753725
            ],
            [
              3397600,
              1753725
            ],
            [
              3397600,
              1753750
            ],
            [
              3397600,
              1753775
            ],
            [
              3397600,
              1753800
            ],
            [
              3397600,
              1753825
            ],
            [
              3397600,
              1753850
            ],
            [
              3397625,
              1753850
            ],
            [
              3397625,
              1753875
            ],
            [
              3397625,
              1753900
            ],
            [
              3397625,
              1753925
            ],
            [
              3397625,
              1753950
            ],
            [
              3397650,
              1753950
            ],
            [
              3397650,
              1753975
            ],
            [
              3397650,
              1754000
            ],
            [
              3397650,
              1754025
            ],
            [
              3397650,
              1754050
            ],
            [
              3397650,
              1754075
            ],
            [
              3397650,
              1754100
            ],
            [
              3397650,
              1754125
            ],
            [
              3397675,
              1754125
            ],
            [
              3397675,
              1754150
            ],
            [
              3397675,
              1754175
            ],
            [
              3397675,
              1754200
            ],
            [
              3397675,
              1754225
            ],
            [
              3397675,
              1754250
            ],
            [
              3397675,
              1754275
            ],
            [
              3397675,
              1754300
            ],
            [
              3397700,
              1754300
            ],
            [
              3397700,
              1754325
            ],
            [
              3397700,
              1754350
            ],
            [
              3397725,
              1754350
            ],
            [
              3397725,
              1754375
            ],
            [
              3397750,
              1754375
            ],
            [
              3397750,
              1754400
            ],
            [
              3397750,
              1754425
            ],
            [
              3397750,
              1754450
            ],
            [
              3397750,
              1754475
            ],
            [
              3397775,
              1754475
            ],
            [
              3397775,
              1754500
            ],
            [
              3397775,
              1754525
            ],
            [
              3397775,
              1754550
            ],
            [
              3397800,
              1754550
            ],
            [
              3397800,
              1754575
            ],
            [
              3397800,
              1754600
            ],
            [
              3397825,
              1754600
            ],
            [
              3397825,
              1754625
            ],
            [
              3397825,
              1754650
            ],
            [
              3397850,
              1754650
            ],
            [
              3397850,
              1754675
            ],
            [
              3397850,
              1754700
            ],
            [
              3397875,
              1754700
            ],
            [
              3397875,
              1754725
            ],
            [
              3397875,
              1754750
            ],
            [
              3397875,
              1754775
            ],
            [
              3397900,
              1754775
            ],
            [
              3397900,
              1754800
            ],
            [
              3397900,
              1754825
            ],
            [
              3397925,
              1754825
            ],
            [
              3397925,
              1754850
            ],
            [
              3397950,
              1754850
            ],
            [
              3397950,
              1754875
            ],
            [
              3397950,
              1754900
            ],
            [
              3397950,
              1754925
            ],
            [
              3397950,
              1754950
            ],
            [
              3397950,
              1754975
            ],
            [
              3397975,
              1754975
            ],
            [
              3397975,
              1755000
            ],
            [
              3397975,
              1755025
            ],
            [
              3398000,
              1755025
            ],
            [
              3398000,
              1755050
            ],
            [
              3398000,
              1755075
            ],
            [
              3398000,
              1755100
            ],
            [
              3398025,
              1755100
            ],
            [
              3398025,
              1755125
            ],
            [
              3398025,
              1755150
            ],
            [
              3398025,
              1755175
            ],
            [
              3398025,
              1755200
            ],
            [
              3398050,
              1755200
            ],
            [
              3398050,
              1755225
            ],
            [
              3398050,
              1755250
            ],
            [
              3398050,
              1755275
            ],
            [
              3398050,
              1755300
            ],
            [
              3398050,
              1755325
            ],
            [
              3398050,
              1755350
            ],
            [
              3398050,
              1755375
            ],
            [
              3398050,
              1755400
            ],
            [
              3398050,
              1755425
            ],
            [
              3398075,
              1755425
            ],
            [
              3398075,
              1755450
            ],
            [
              3398100,
              1755450
            ],
            [
              3398100,
              1755475
            ],
            [
              3398100,
              1755500
            ],
            [
              3398100,
              1755525
            ],
            [
              3398100,
              1755550
            ],
            [
              3398100,
              1755575
            ],
            [
              3398100,
              1755600
            ],
            [
              3398100,
              1755625
            ],
            [
              3398100,
              1755650
            ],
            [
              3398100,
              1755675
            ],
            [
              3398125,
              1755675
            ],
            [
              3398125,
              1755700
            ],
            [
              3398125,
              1755725
            ],
            [
              3398125,
              1755750
            ],
            [
              3398125,
              1755775
            ],
            [
              3398150,
              1755775
            ],
            [
              3398150,
              1755800
            ],
            [
              3398150,
              1755825
            ],
            [
              3398175,
              1755825
            ],
            [
              3398175,
              1755850
            ],
            [
              3398200,
              1755850
            ],
            [
              3398200,
              1755875
            ],
            [
              3398225,
              1755875
            ],
            [
              3398225,
              1755900
            ],
            [
              3398225,
              1755925
            ],
            [
              3398250,
              1755925
            ],
            [
              3398250,
              1755950
            ],
            [
              3398275,
              1755950
            ],
            [
              3398275,
              1755975
            ],
            [
              3398275,
              1756000
            ],
            [
              3398300,
              1756000
            ],
            [
              3398325,
              1756000
            ],
            [
              3398325,
              1756025
            ],
            [
              3398325,
              1756050
            ],
            [
              3398325,
              1756075
            ],
            [
              3398350,
              1756075
            ],
            [
              3398350,
              1756100
            ],
            [
              3398350,
              1756125
            ],
            [
              3398350,
              1756150
            ],
            [
              3398350,
              1756175
            ],
            [
              3398375,
              1756175
            ],
            [
              3398375,
              1756200
            ],
            [
              3398375,
              1756225
            ],
            [
              3398375,
              1756250
            ],
            [
              3398375,
              1756275
            ],
            [
              3398375,
              1756300
            ],
            [
              3398400,
              1756300
            ],
            [
              3398400,
              1756325
            ],
            [
              3398400,
              1756350
            ],
            [
              3398400,
              1756375
            ],
            [
              3398425,
              1756375
            ],
            [
              3398425,
              1756400
            ],
            [
              3398425,
              1756425
            ],
            [
              3398450,
              1756425
            ],
            [
              3398450,
              1756450
            ],
            [
              3398475,
              1756450
            ],
            [
              3398475,
              1756475
            ],
            [
              3398500,
              1756475
            ],
            [
              3398500,
              1756500
            ],
            [
              3398500,
              1756525
            ],
            [
              3398500,
              1756550
            ],
            [
              3398525,
              1756550
            ],
            [
              3398525,
              1756575
            ],
            [
              3398525,
              1756600
            ],
            [
              3398525,
              1756625
            ],
            [
              3398550,
              1756625
            ],
            [
              3398550,
              1756650
            ],
            [
              3398575,
              1756650
            ],
            [
              3398575,
              1756675
            ],
            [
              3398600,
              1756675
            ],
            [
              3398600,
              1756700
            ],
            [
              3398600,
              1756725
            ],
            [
              3398600,
              1756750
            ],
            [
              3398600,
              1756775
            ],
            [
              3398625,
              1756775
            ],
            [
              3398625,
              1756800
            ],
            [
              3398625,
              1756825
            ],
            [
              3398625,
              1756850
            ],
            [
              3398650,
              1756850
            ],
            [
              3398650,
              1756875
            ],
            [
              3398650,
              1756900
            ],
            [
              3398675,
              1756900
            ],
            [
              3398675,
              1756925
            ],
            [
              3398675,
              1756950
            ],
            [
              3398700,
              1756950
            ],
            [
              3398700,
              1756975
            ],
            [
              3398700,
              1757000
            ],
            [
              3398725,
              1757000
            ],
            [
              3398725,
              1757025
            ],
            [
              3398725,
              1757050
            ],
            [
              3398750,
              1757050
            ],
            [
              3398750,
              1757075
            ],
            [
              3398750,
              1757100
            ],
            [
              3398775,
              1757100
            ],
            [
              3398775,
              1757125
            ],
            [
              3398800,
              1757125
            ],
            [
              3398800,
              1757150
            ],
            [
              3398800,
              1757175
            ],
            [
              3398800,
              1757200
            ],
            [
              3398825,
              1757200
            ],
            [
              3398825,
              1757225
            ],
            [
              3398825,
              1757250
            ],
            [
              3398850,
              1757250
            ],
            [
              3398850,
              1757275
            ],
            [
              3398850,
              1757300
            ],
            [
              3398875,
              1757300
            ],
            [
              3398900,
              1757300
            ],
            [
              3398900,
              1757325
            ],
            [
              3398900,
              1757350
            ],
            [
              3398925,
              1757350
            ],
            [
              3398925,
              1757375
            ],
            [
              3398950,
              1757375
            ],
            [
              3398950,
              1757400
            ],
            [
              3398950,
              1757425
            ],
            [
              3398975,
              1757425
            ],
            [
              3398975,
              1757450
            ],
            [
              3398975,
              1757475
            ],
            [
              3399000,
              1757475
            ],
            [
              3399025,
              1757475
            ],
            [
              3399025,
              1757500
            ],
            [
              3399050,
              1757500
            ],
            [
              3399050,
              1757525
            ],
            [
              3399075,
              1757525
            ],
            [
              3399100,
              1757525
            ],
            [
              3399125,
              1757525
            ],
            [
              3399150,
              1757525
            ],
            [
              3399150,
              1757550
            ],
            [
              3399150,
              1757575
            ],
            [
              3399125,
              1757575
            ],
            [
              3399125,
              1757600
            ],
            [
              3399125,
              1757625
            ],
            [
              3399100,
              1757625
            ],
            [
              3399100,
              1757650
            ],
            [
              3399125,
              1757650
            ],
            [
              3399150,
              1757650
            ],
            [
              3399175,
              1757650
            ],
            [
              3399200,
              1757650
            ],
            [
              3399225,
              1757650
            ],
            [
              3399225,
              1757625
            ],
            [
              3399250,
              1757625
            ],
            [
              3399250,
              1757600
            ],
            [
              3399275,
              1757600
            ],
            [
              3399275,
              1757575
            ],
            [
              3399300,
              1757575
            ],
            [
              3399300,
              1757550
            ],
            [
              3399325,
              1757550
            ],
            [
              3399325,
              1757525
            ],
            [
              3399350,
              1757525
            ],
            [
              3399350,
              1757550
            ],
            [
              3399375,
              1757550
            ],
            [
              3399375,
              1757575
            ],
            [
              3399375,
              1757600
            ],
            [
              3399375,
              1757625
            ],
            [
              3399375,
              1757650
            ],
            [
              3399400,
              1757650
            ],
            [
              3399400,
              1757675
            ],
            [
              3399425,
              1757675
            ],
            [
              3399425,
              1757700
            ],
            [
              3399425,
              1757725
            ],
            [
              3399450,
              1757725
            ],
            [
              3399450,
              1757750
            ],
            [
              3399475,
              1757750
            ],
            [
              3399500,
              1757750
            ],
            [
              3399500,
              1757725
            ],
            [
              3399525,
              1757725
            ],
            [
              3399525,
              1757700
            ],
            [
              3399550,
              1757700
            ],
            [
              3399550,
              1757675
            ],
            [
              3399575,
              1757675
            ],
            [
              3399575,
              1757650
            ],
            [
              3399600,
              1757650
            ],
            [
              3399600,
              1757625
            ],
            [
              3399625,
              1757625
            ],
            [
              3399625,
              1757600
            ],
            [
              3399625,
              1757575
            ],
            [
              3399625,
              1757550
            ],
            [
              3399625,
              1757525
            ],
            [
              3399600,
              1757525
            ],
            [
              3399600,
              1757500
            ],
            [
              3399600,
              1757475
            ],
            [
              3399600,
              1757450
            ],
            [
              3399600,
              1757425
            ],
            [
              3399600,
              1757400
            ],
            [
              3399600,
              1757375
            ],
            [
              3399575,
              1757375
            ],
            [
              3399575,
              1757350
            ],
            [
              3399575,
              1757325
            ],
            [
              3399550,
              1757325
            ],
            [
              3399550,
              1757300
            ],
            [
              3399550,
              1757275
            ],
            [
              3399525,
              1757275
            ],
            [
              3399525,
              1757250
            ],
            [
              3399525,
              1757225
            ],
            [
              3399550,
              1757225
            ],
            [
              3399550,
              1757200
            ],
            [
              3399550,
              1757175
            ],
            [
              3399575,
              1757175
            ],
            [
              3399575,
              1757150
            ],
            [
              3399575,
              1757125
            ],
            [
              3399600,
              1757125
            ],
            [
              3399600,
              1757100
            ],
            [
              3399600,
              1757075
            ],
            [
              3399625,
              1757075
            ],
            [
              3399625,
              1757050
            ],
            [
              3399625,
              1757025
            ],
            [
              3399650,
              1757025
            ],
            [
              3399675,
              1757025
            ],
            [
              3399700,
              1757025
            ],
            [
              3399700,
              1757050
            ],
            [
              3399675,
              1757050
            ],
            [
              3399675,
              1757075
            ],
            [
              3399650,
              1757075
            ],
            [
              3399650,
              1757100
            ],
            [
              3399625,
              1757100
            ],
            [
              3399625,
              1757125
            ],
            [
              3399625,
              1757150
            ],
            [
              3399625,
              1757175
            ],
            [
              3399650,
              1757175
            ],
            [
              3399675,
              1757175
            ],
            [
              3399675,
              1757200
            ],
            [
              3399700,
              1757200
            ],
            [
              3399700,
              1757225
            ],
            [
              3399700,
              1757250
            ],
            [
              3399675,
              1757250
            ],
            [
              3399675,
              1757275
            ],
            [
              3399650,
              1757275
            ],
            [
              3399650,
              1757300
            ],
            [
              3399625,
              1757300
            ],
            [
              3399625,
              1757325
            ],
            [
              3399650,
              1757325
            ],
            [
              3399650,
              1757350
            ],
            [
              3399650,
              1757375
            ],
            [
              3399675,
              1757375
            ],
            [
              3399700,
              1757375
            ],
            [
              3399700,
              1757400
            ],
            [
              3399725,
              1757400
            ],
            [
              3399725,
              1757425
            ],
            [
              3399725,
              1757450
            ],
            [
              3399750,
              1757450
            ],
            [
              3399750,
              1757475
            ],
            [
              3399775,
              1757475
            ],
            [
              3399775,
              1757500
            ],
            [
              3399800,
              1757500
            ],
            [
              3399800,
              1757525
            ],
            [
              3399800,
              1757550
            ],
            [
              3399825,
              1757550
            ],
            [
              3399825,
              1757575
            ],
            [
              3399825,
              1757600
            ],
            [
              3399850,
              1757600
            ],
            [
              3399875,
              1757600
            ],
            [
              3399875,
              1757625
            ],
            [
              3399900,
              1757625
            ],
            [
              3399900,
              1757650
            ],
            [
              3399925,
              1757650
            ],
            [
              3399925,
              1757675
            ],
            [
              3399925,
              1757700
            ],
            [
              3399950,
              1757700
            ],
            [
              3399950,
              1757725
            ],
            [
              3399975,
              1757725
            ],
            [
              3399975,
              1757750
            ],
            [
              3400000,
              1757750
            ],
            [
              3400000,
              1757725
            ],
            [
              3400025,
              1757725
            ],
            [
              3400050,
              1757725
            ],
            [
              3400075,
              1757725
            ],
            [
              3400075,
              1757700
            ],
            [
              3400075,
              1757675
            ],
            [
              3400075,
              1757650
            ],
            [
              3400100,
              1757650
            ],
            [
              3400100,
              1757625
            ],
            [
              3400100,
              1757600
            ],
            [
              3400100,
              1757575
            ],
            [
              3400125,
              1757575
            ],
            [
              3400125,
              1757550
            ],
            [
              3400125,
              1757525
            ],
            [
              3400150,
              1757525
            ],
            [
              3400150,
              1757500
            ],
            [
              3400175,
              1757500
            ],
            [
              3400175,
              1757475
            ],
            [
              3400175,
              1757450
            ],
            [
              3400175,
              1757425
            ],
            [
              3400175,
              1757400
            ],
            [
              3400175,
              1757375
            ],
            [
              3400175,
              1757350
            ],
            [
              3400175,
              1757325
            ],
            [
              3400175,
              1757300
            ],
            [
              3400175,
              1757275
            ],
            [
              3400175,
              1757250
            ],
            [
              3400175,
              1757225
            ],
            [
              3400175,
              1757200
            ],
            [
              3400175,
              1757175
            ],
            [
              3400175,
              1757150
            ],
            [
              3400175,
              1757125
            ],
            [
              3400175,
              1757100
            ],
            [
              3400175,
              1757075
            ],
            [
              3400175,
              1757050
            ],
            [
              3400175,
              1757025
            ],
            [
              3400175,
              1757000
            ],
            [
              3400175,
              1756975
            ],
            [
              3400175,
              1756950
            ],
            [
              3400175,
              1756925
            ],
            [
              3400175,
              1756900
            ],
            [
              3400175,
              1756875
            ],
            [
              3400175,
              1756850
            ],
            [
              3400175,
              1756825
            ],
            [
              3400175,
              1756800
            ],
            [
              3400150,
              1756800
            ],
            [
              3400150,
              1756775
            ],
            [
              3400150,
              1756750
            ],
            [
              3400150,
              1756725
            ],
            [
              3400150,
              1756700
            ],
            [
              3400150,
              1756675
            ],
            [
              3400125,
              1756675
            ],
            [
              3400125,
              1756650
            ],
            [
              3400125,
              1756625
            ],
            [
              3400100,
              1756625
            ],
            [
              3400100,
              1756600
            ],
            [
              3400125,
              1756600
            ],
            [
              3400150,
              1756600
            ],
            [
              3400175,
              1756600
            ],
            [
              3400200,
              1756600
            ],
            [
              3400200,
              1756575
            ],
            [
              3400200,
              1756550
            ],
            [
              3400200,
              1756525
            ],
            [
              3400200,
              1756500
            ],
            [
              3400200,
              1756475
            ],
            [
              3400225,
              1756475
            ],
            [
              3400225,
              1756500
            ],
            [
              3400225,
              1756525
            ],
            [
              3400225,
              1756550
            ],
            [
              3400225,
              1756575
            ],
            [
              3400225,
              1756600
            ],
            [
              3400250,
              1756600
            ],
            [
              3400250,
              1756625
            ],
            [
              3400250,
              1756650
            ],
            [
              3400250,
              1756675
            ],
            [
              3400275,
              1756675
            ],
            [
              3400275,
              1756700
            ],
            [
              3400275,
              1756725
            ],
            [
              3400275,
              1756750
            ],
            [
              3400275,
              1756775
            ],
            [
              3400275,
              1756800
            ],
            [
              3400300,
              1756800
            ],
            [
              3400300,
              1756825
            ],
            [
              3400300,
              1756850
            ],
            [
              3400300,
              1756875
            ],
            [
              3400300,
              1756900
            ],
            [
              3400300,
              1756925
            ],
            [
              3400300,
              1756950
            ],
            [
              3400300,
              1756975
            ],
            [
              3400300,
              1757000
            ],
            [
              3400325,
              1757000
            ],
            [
              3400325,
              1757025
            ],
            [
              3400325,
              1757050
            ],
            [
              3400325,
              1757075
            ],
            [
              3400325,
              1757100
            ],
            [
              3400325,
              1757125
            ],
            [
              3400325,
              1757150
            ],
            [
              3400325,
              1757175
            ],
            [
              3400325,
              1757200
            ],
            [
              3400325,
              1757225
            ],
            [
              3400350,
              1757225
            ],
            [
              3400350,
              1757250
            ],
            [
              3400350,
              1757275
            ],
            [
              3400350,
              1757300
            ],
            [
              3400375,
              1757300
            ],
            [
              3400375,
              1757325
            ],
            [
              3400375,
              1757350
            ],
            [
              3400375,
              1757375
            ],
            [
              3400375,
              1757400
            ],
            [
              3400375,
              1757425
            ],
            [
              3400400,
              1757425
            ],
            [
              3400400,
              1757450
            ],
            [
              3400400,
              1757475
            ],
            [
              3400400,
              1757500
            ],
            [
              3400425,
              1757500
            ],
            [
              3400450,
              1757500
            ],
            [
              3400450,
              1757525
            ],
            [
              3400450,
              1757550
            ],
            [
              3400475,
              1757550
            ],
            [
              3400500,
              1757550
            ],
            [
              3400500,
              1757575
            ],
            [
              3400500,
              1757600
            ],
            [
              3400500,
              1757625
            ],
            [
              3400500,
              1757650
            ],
            [
              3400500,
              1757675
            ],
            [
              3400475,
              1757675
            ],
            [
              3400475,
              1757700
            ],
            [
              3400450,
              1757700
            ],
            [
              3400450,
              1757725
            ],
            [
              3400425,
              1757725
            ],
            [
              3400425,
              1757750
            ],
            [
              3400400,
              1757750
            ],
            [
              3400400,
              1757775
            ],
            [
              3400375,
              1757775
            ],
            [
              3400375,
              1757800
            ],
            [
              3400350,
              1757800
            ],
            [
              3400350,
              1757825
            ],
            [
              3400350,
              1757850
            ],
            [
              3400350,
              1757875
            ],
            [
              3400325,
              1757875
            ],
            [
              3400325,
              1757900
            ],
            [
              3400300,
              1757900
            ],
            [
              3400300,
              1757925
            ],
            [
              3400325,
              1757925
            ],
            [
              3400325,
              1757950
            ],
            [
              3400350,
              1757950
            ],
            [
              3400350,
              1757975
            ],
            [
              3400375,
              1757975
            ],
            [
              3400400,
              1757975
            ],
            [
              3400400,
              1758000
            ],
            [
              3400425,
              1758000
            ],
            [
              3400425,
              1757975
            ],
            [
              3400450,
              1757975
            ],
            [
              3400475,
              1757975
            ],
            [
              3400475,
              1757950
            ],
            [
              3400500,
              1757950
            ],
            [
              3400500,
              1757925
            ],
            [
              3400525,
              1757925
            ],
            [
              3400550,
              1757925
            ],
            [
              3400550,
              1757900
            ],
            [
              3400575,
              1757900
            ],
            [
              3400600,
              1757900
            ],
            [
              3400600,
              1757875
            ],
            [
              3400625,
              1757875
            ],
            [
              3400625,
              1757850
            ],
            [
              3400650,
              1757850
            ],
            [
              3400675,
              1757850
            ],
            [
              3400675,
              1757825
            ],
            [
              3400700,
              1757825
            ],
            [
              3400725,
              1757825
            ],
            [
              3400725,
              1757800
            ],
            [
              3400750,
              1757800
            ],
            [
              3400750,
              1757775
            ],
            [
              3400775,
              1757775
            ],
            [
              3400775,
              1757750
            ],
            [
              3400800,
              1757750
            ],
            [
              3400800,
              1757775
            ],
            [
              3400825,
              1757775
            ],
            [
              3400825,
              1757800
            ],
            [
              3400850,
              1757800
            ],
            [
              3400850,
              1757825
            ],
            [
              3400875,
              1757825
            ],
            [
              3400900,
              1757825
            ],
            [
              3400900,
              1757850
            ],
            [
              3400925,
              1757850
            ],
            [
              3400925,
              1757875
            ],
            [
              3400950,
              1757875
            ],
            [
              3400950,
              1757900
            ],
            [
              3400975,
              1757900
            ],
            [
              3401000,
              1757900
            ],
            [
              3401000,
              1757925
            ],
            [
              3401025,
              1757925
            ],
            [
              3401025,
              1757950
            ],
            [
              3401050,
              1757950
            ],
            [
              3401050,
              1757975
            ],
            [
              3401075,
              1757975
            ],
            [
              3401075,
              1758000
            ],
            [
              3401075,
              1758025
            ],
            [
              3401075,
              1758050
            ],
            [
              3401050,
              1758050
            ],
            [
              3401050,
              1758025
            ],
            [
              3401025,
              1758025
            ],
            [
              3401000,
              1758025
            ],
            [
              3401000,
              1758000
            ],
            [
              3400975,
              1758000
            ],
            [
              3400950,
              1758000
            ],
            [
              3400950,
              1757975
            ],
            [
              3400925,
              1757975
            ],
            [
              3400900,
              1757975
            ],
            [
              3400900,
              1757950
            ],
            [
              3400875,
              1757950
            ],
            [
              3400850,
              1757950
            ],
            [
              3400825,
              1757950
            ],
            [
              3400825,
              1757975
            ],
            [
              3400800,
              1757975
            ],
            [
              3400800,
              1758000
            ],
            [
              3400800,
              1758025
            ],
            [
              3400775,
              1758025
            ],
            [
              3400775,
              1758050
            ],
            [
              3400775,
              1758075
            ],
            [
              3400800,
              1758075
            ],
            [
              3400825,
              1758075
            ],
            [
              3400825,
              1758100
            ],
            [
              3400850,
              1758100
            ],
            [
              3400875,
              1758100
            ],
            [
              3400875,
              1758125
            ],
            [
              3400900,
              1758125
            ],
            [
              3400925,
              1758125
            ],
            [
              3400950,
              1758125
            ],
            [
              3400975,
              1758125
            ],
            [
              3400975,
              1758150
            ],
            [
              3401000,
              1758150
            ],
            [
              3401025,
              1758150
            ],
            [
              3401050,
              1758150
            ],
            [
              3401075,
              1758150
            ],
            [
              3401100,
              1758150
            ],
            [
              3401100,
              1758175
            ],
            [
              3401125,
              1758175
            ],
            [
              3401150,
              1758175
            ],
            [
              3401150,
              1758150
            ],
            [
              3401175,
              1758150
            ],
            [
              3401175,
              1758125
            ],
            [
              3401200,
              1758125
            ],
            [
              3401200,
              1758100
            ],
            [
              3401225,
              1758100
            ],
            [
              3401250,
              1758100
            ],
            [
              3401275,
              1758100
            ],
            [
              3401275,
              1758125
            ],
            [
              3401275,
              1758150
            ],
            [
              3401275,
              1758175
            ],
            [
              3401275,
              1758200
            ],
            [
              3401300,
              1758200
            ],
            [
              3401325,
              1758200
            ],
            [
              3401325,
              1758225
            ],
            [
              3401350,
              1758225
            ],
            [
              3401375,
              1758225
            ],
            [
              3401375,
              1758250
            ],
            [
              3401400,
              1758250
            ],
            [
              3401425,
              1758250
            ],
            [
              3401425,
              1758275
            ],
            [
              3401425,
              1758300
            ],
            [
              3401400,
              1758300
            ],
            [
              3401400,
              1758325
            ],
            [
              3401375,
              1758325
            ],
            [
              3401350,
              1758325
            ],
            [
              3401325,
              1758325
            ],
            [
              3401325,
              1758300
            ],
            [
              3401300,
              1758300
            ],
            [
              3401275,
              1758300
            ],
            [
              3401250,
              1758300
            ],
            [
              3401250,
              1758275
            ],
            [
              3401225,
              1758275
            ],
            [
              3401200,
              1758275
            ],
            [
              3401175,
              1758275
            ],
            [
              3401175,
              1758300
            ],
            [
              3401175,
              1758325
            ],
            [
              3401150,
              1758325
            ],
            [
              3401150,
              1758350
            ],
            [
              3401150,
              1758375
            ],
            [
              3401125,
              1758375
            ],
            [
              3401125,
              1758400
            ],
            [
              3401125,
              1758425
            ],
            [
              3401100,
              1758425
            ],
            [
              3401100,
              1758450
            ],
            [
              3401100,
              1758475
            ],
            [
              3401100,
              1758500
            ],
            [
              3401125,
              1758500
            ],
            [
              3401125,
              1758525
            ],
            [
              3401150,
              1758525
            ],
            [
              3401150,
              1758550
            ],
            [
              3401175,
              1758550
            ],
            [
              3401175,
              1758575
            ],
            [
              3401200,
              1758575
            ],
            [
              3401200,
              1758600
            ],
            [
              3401225,
              1758600
            ],
            [
              3401225,
              1758625
            ],
            [
              3401225,
              1758650
            ],
            [
              3401250,
              1758650
            ],
            [
              3401250,
              1758675
            ],
            [
              3401275,
              1758675
            ],
            [
              3401275,
              1758700
            ],
            [
              3401300,
              1758700
            ],
            [
              3401300,
              1758725
            ],
            [
              3401325,
              1758725
            ],
            [
              3401325,
              1758750
            ],
            [
              3401350,
              1758750
            ],
            [
              3401375,
              1758750
            ],
            [
              3401375,
              1758775
            ],
            [
              3401400,
              1758775
            ],
            [
              3401425,
              1758775
            ],
            [
              3401425,
              1758800
            ],
            [
              3401450,
              1758800
            ],
            [
              3401475,
              1758800
            ],
            [
              3401500,
              1758800
            ],
            [
              3401500,
              1758825
            ],
            [
              3401525,
              1758825
            ],
            [
              3401550,
              1758825
            ],
            [
              3401575,
              1758825
            ],
            [
              3401575,
              1758850
            ],
            [
              3401600,
              1758850
            ],
            [
              3401625,
              1758850
            ],
            [
              3401650,
              1758850
            ],
            [
              3401675,
              1758850
            ],
            [
              3401700,
              1758850
            ],
            [
              3401700,
              1758875
            ],
            [
              3401725,
              1758875
            ],
            [
              3401750,
              1758875
            ],
            [
              3401775,
              1758875
            ],
            [
              3401775,
              1758850
            ],
            [
              3401775,
              1758825
            ],
            [
              3401775,
              1758800
            ],
            [
              3401775,
              1758775
            ],
            [
              3401775,
              1758750
            ],
            [
              3401775,
              1758725
            ],
            [
              3401775,
              1758700
            ],
            [
              3401775,
              1758675
            ],
            [
              3401775,
              1758650
            ],
            [
              3401775,
              1758625
            ],
            [
              3401775,
              1758600
            ],
            [
              3401775,
              1758575
            ],
            [
              3401775,
              1758550
            ],
            [
              3401775,
              1758525
            ],
            [
              3401775,
              1758500
            ],
            [
              3401750,
              1758500
            ],
            [
              3401750,
              1758475
            ],
            [
              3401725,
              1758475
            ],
            [
              3401700,
              1758475
            ],
            [
              3401700,
              1758450
            ],
            [
              3401675,
              1758450
            ],
            [
              3401675,
              1758425
            ],
            [
              3401650,
              1758425
            ],
            [
              3401625,
              1758425
            ],
            [
              3401625,
              1758400
            ],
            [
              3401600,
              1758400
            ],
            [
              3401600,
              1758375
            ],
            [
              3401600,
              1758350
            ],
            [
              3401625,
              1758350
            ],
            [
              3401625,
              1758325
            ],
            [
              3401650,
              1758325
            ],
            [
              3401650,
              1758350
            ],
            [
              3401650,
              1758375
            ],
            [
              3401675,
              1758375
            ],
            [
              3401700,
              1758375
            ],
            [
              3401700,
              1758400
            ],
            [
              3401725,
              1758400
            ],
            [
              3401725,
              1758425
            ],
            [
              3401750,
              1758425
            ],
            [
              3401775,
              1758425
            ],
            [
              3401800,
              1758425
            ],
            [
              3401825,
              1758425
            ],
            [
              3401825,
              1758400
            ],
            [
              3401825,
              1758375
            ],
            [
              3401825,
              1758350
            ],
            [
              3401825,
              1758325
            ],
            [
              3401850,
              1758325
            ],
            [
              3401850,
              1758300
            ],
            [
              3401850,
              1758275
            ],
            [
              3401875,
              1758275
            ],
            [
              3401875,
              1758300
            ],
            [
              3401875,
              1758325
            ],
            [
              3401875,
              1758350
            ],
            [
              3401875,
              1758375
            ],
            [
              3401875,
              1758400
            ],
            [
              3401875,
              1758425
            ],
            [
              3401875,
              1758450
            ],
            [
              3401875,
              1758475
            ],
            [
              3401875,
              1758500
            ],
            [
              3401875,
              1758525
            ],
            [
              3401875,
              1758550
            ],
            [
              3401875,
              1758575
            ],
            [
              3401875,
              1758600
            ],
            [
              3401900,
              1758600
            ],
            [
              3401900,
              1758625
            ],
            [
              3401900,
              1758650
            ],
            [
              3401925,
              1758650
            ],
            [
              3401925,
              1758675
            ],
            [
              3401925,
              1758700
            ],
            [
              3401925,
              1758725
            ],
            [
              3401925,
              1758750
            ],
            [
              3401925,
              1758775
            ],
            [
              3401925,
              1758800
            ],
            [
              3401925,
              1758825
            ],
            [
              3401925,
              1758850
            ],
            [
              3401925,
              1758875
            ],
            [
              3401950,
              1758875
            ],
            [
              3401950,
              1758900
            ],
            [
              3401975,
              1758900
            ],
            [
              3401975,
              1758925
            ],
            [
              3401975,
              1758950
            ],
            [
              3402000,
              1758950
            ],
            [
              3402000,
              1758975
            ],
            [
              3402025,
              1758975
            ],
            [
              3402025,
              1759000
            ],
            [
              3402050,
              1759000
            ],
            [
              3402050,
              1759025
            ],
            [
              3402075,
              1759025
            ],
            [
              3402075,
              1759050
            ],
            [
              3402100,
              1759050
            ],
            [
              3402100,
              1759075
            ],
            [
              3402125,
              1759075
            ],
            [
              3402150,
              1759075
            ],
            [
              3402150,
              1759100
            ],
            [
              3402175,
              1759100
            ],
            [
              3402175,
              1759125
            ],
            [
              3402200,
              1759125
            ],
            [
              3402200,
              1759150
            ],
            [
              3402225,
              1759150
            ],
            [
              3402225,
              1759175
            ],
            [
              3402250,
              1759175
            ],
            [
              3402250,
              1759200
            ],
            [
              3402275,
              1759200
            ],
            [
              3402300,
              1759200
            ],
            [
              3402300,
              1759225
            ],
            [
              3402325,
              1759225
            ],
            [
              3402350,
              1759225
            ],
            [
              3402375,
              1759225
            ],
            [
              3402400,
              1759225
            ],
            [
              3402400,
              1759250
            ],
            [
              3402425,
              1759250
            ],
            [
              3402425,
              1759275
            ],
            [
              3402450,
              1759275
            ],
            [
              3402450,
              1759300
            ],
            [
              3402475,
              1759300
            ],
            [
              3402475,
              1759325
            ],
            [
              3402500,
              1759325
            ],
            [
              3402525,
              1759325
            ],
            [
              3402550,
              1759325
            ],
            [
              3402550,
              1759350
            ],
            [
              3402575,
              1759350
            ],
            [
              3402600,
              1759350
            ],
            [
              3402625,
              1759350
            ],
            [
              3402650,
              1759350
            ],
            [
              3402675,
              1759350
            ],
            [
              3402675,
              1759375
            ],
            [
              3402700,
              1759375
            ],
            [
              3402725,
              1759375
            ],
            [
              3402725,
              1759400
            ],
            [
              3402725,
              1759425
            ],
            [
              3402750,
              1759425
            ],
            [
              3402750,
              1759450
            ],
            [
              3402775,
              1759450
            ],
            [
              3402800,
              1759450
            ],
            [
              3402800,
              1759475
            ],
            [
              3402825,
              1759475
            ],
            [
              3402850,
              1759475
            ],
            [
              3402850,
              1759500
            ],
            [
              3402875,
              1759500
            ],
            [
              3402900,
              1759500
            ],
            [
              3402900,
              1759525
            ],
            [
              3402925,
              1759525
            ],
            [
              3402950,
              1759525
            ],
            [
              3402975,
              1759525
            ],
            [
              3403000,
              1759525
            ],
            [
              3403000,
              1759500
            ],
            [
              3403025,
              1759500
            ],
            [
              3403050,
              1759500
            ],
            [
              3403075,
              1759500
            ],
            [
              3403100,
              1759500
            ],
            [
              3403100,
              1759525
            ],
            [
              3403125,
              1759525
            ],
            [
              3403125,
              1759550
            ],
            [
              3403125,
              1759575
            ],
            [
              3403150,
              1759575
            ],
            [
              3403150,
              1759600
            ],
            [
              3403150,
              1759625
            ],
            [
              3403175,
              1759625
            ],
            [
              3403175,
              1759650
            ],
            [
              3403200,
              1759650
            ],
            [
              3403200,
              1759675
            ],
            [
              3403200,
              1759700
            ],
            [
              3403225,
              1759700
            ],
            [
              3403225,
              1759725
            ],
            [
              3403250,
              1759725
            ],
            [
              3403275,
              1759725
            ],
            [
              3403275,
              1759750
            ],
            [
              3403300,
              1759750
            ],
            [
              3403300,
              1759775
            ],
            [
              3403325,
              1759775
            ],
            [
              3403325,
              1759800
            ],
            [
              3403350,
              1759800
            ],
            [
              3403375,
              1759800
            ],
            [
              3403375,
              1759825
            ],
            [
              3403400,
              1759825
            ],
            [
              3403425,
              1759825
            ],
            [
              3403425,
              1759850
            ],
            [
              3403450,
              1759850
            ],
            [
              3403475,
              1759850
            ],
            [
              3403475,
              1759875
            ],
            [
              3403500,
              1759875
            ],
            [
              3403525,
              1759875
            ],
            [
              3403525,
              1759900
            ],
            [
              3403550,
              1759900
            ],
            [
              3403575,
              1759900
            ],
            [
              3403600,
              1759900
            ],
            [
              3403600,
              1759875
            ],
            [
              3403625,
              1759875
            ],
            [
              3403650,
              1759875
            ],
            [
              3403675,
              1759875
            ],
            [
              3403700,
              1759875
            ],
            [
              3403700,
              1759900
            ],
            [
              3403725,
              1759900
            ],
            [
              3403750,
              1759900
            ],
            [
              3403750,
              1759925
            ],
            [
              3403775,
              1759925
            ],
            [
              3403800,
              1759925
            ],
            [
              3403800,
              1759950
            ],
            [
              3403825,
              1759950
            ],
            [
              3403825,
              1759975
            ],
            [
              3403850,
              1759975
            ],
            [
              3403875,
              1759975
            ],
            [
              3403875,
              1760000
            ],
            [
              3403900,
              1760000
            ],
            [
              3403925,
              1760000
            ],
            [
              3403950,
              1760000
            ],
            [
              3403950,
              1760025
            ],
            [
              3403975,
              1760025
            ],
            [
              3404000,
              1760025
            ],
            [
              3404025,
              1760025
            ],
            [
              3404025,
              1760050
            ],
            [
              3404050,
              1760050
            ],
            [
              3404075,
              1760050
            ],
            [
              3404100,
              1760050
            ],
            [
              3404100,
              1760075
            ],
            [
              3404125,
              1760075
            ],
            [
              3404150,
              1760075
            ],
            [
              3404150,
              1760100
            ],
            [
              3404175,
              1760100
            ],
            [
              3404200,
              1760100
            ],
            [
              3404225,
              1760100
            ],
            [
              3404225,
              1760125
            ],
            [
              3404250,
              1760125
            ],
            [
              3404275,
              1760125
            ],
            [
              3404300,
              1760125
            ],
            [
              3404300,
              1760150
            ],
            [
              3404325,
              1760150
            ],
            [
              3404350,
              1760150
            ],
            [
              3404375,
              1760150
            ],
            [
              3404375,
              1760175
            ],
            [
              3404400,
              1760175
            ],
            [
              3404425,
              1760175
            ],
            [
              3404450,
              1760175
            ],
            [
              3404450,
              1760200
            ],
            [
              3404475,
              1760200
            ],
            [
              3404500,
              1760200
            ],
            [
              3404500,
              1760225
            ],
            [
              3404525,
              1760225
            ],
            [
              3404525,
              1760250
            ],
            [
              3404550,
              1760250
            ],
            [
              3404550,
              1760275
            ],
            [
              3404575,
              1760275
            ],
            [
              3404575,
              1760300
            ],
            [
              3404600,
              1760300
            ],
            [
              3404625,
              1760300
            ],
            [
              3404625,
              1760325
            ],
            [
              3404650,
              1760325
            ],
            [
              3404675,
              1760325
            ],
            [
              3404675,
              1760350
            ],
            [
              3404700,
              1760350
            ],
            [
              3404700,
              1760375
            ],
            [
              3404700,
              1760400
            ],
            [
              3404725,
              1760400
            ],
            [
              3404750,
              1760400
            ],
            [
              3404775,
              1760400
            ],
            [
              3404800,
              1760400
            ],
            [
              3404825,
              1760400
            ],
            [
              3404825,
              1760425
            ],
            [
              3404850,
              1760425
            ],
            [
              3404875,
              1760425
            ],
            [
              3404875,
              1760450
            ],
            [
              3404900,
              1760450
            ],
            [
              3404900,
              1760475
            ],
            [
              3404925,
              1760475
            ],
            [
              3404950,
              1760475
            ],
            [
              3404950,
              1760500
            ],
            [
              3404975,
              1760500
            ],
            [
              3404975,
              1760525
            ],
            [
              3405000,
              1760525
            ],
            [
              3405025,
              1760525
            ],
            [
              3405025,
              1760550
            ],
            [
              3405050,
              1760550
            ],
            [
              3405075,
              1760550
            ],
            [
              3405100,
              1760550
            ],
            [
              3405125,
              1760550
            ],
            [
              3405150,
              1760550
            ],
            [
              3405175,
              1760550
            ],
            [
              3405200,
              1760550
            ],
            [
              3405225,
              1760550
            ],
            [
              3405250,
              1760550
            ],
            [
              3405275,
              1760550
            ],
            [
              3405300,
              1760550
            ],
            [
              3405325,
              1760550
            ],
            [
              3405325,
              1760525
            ],
            [
              3405325,
              1760500
            ],
            [
              3405350,
              1760500
            ],
            [
              3405350,
              1760475
            ],
            [
              3405350,
              1760450
            ],
            [
              3405375,
              1760450
            ],
            [
              3405375,
              1760425
            ],
            [
              3405400,
              1760425
            ],
            [
              3405425,
              1760425
            ],
            [
              3405425,
              1760400
            ],
            [
              3405450,
              1760400
            ],
            [
              3405450,
              1760375
            ],
            [
              3405475,
              1760375
            ],
            [
              3405500,
              1760375
            ],
            [
              3405500,
              1760350
            ],
            [
              3405500,
              1760325
            ],
            [
              3405500,
              1760300
            ],
            [
              3405475,
              1760300
            ],
            [
              3405450,
              1760300
            ],
            [
              3405425,
              1760300
            ],
            [
              3405425,
              1760275
            ],
            [
              3405450,
              1760275
            ],
            [
              3405475,
              1760275
            ],
            [
              3405475,
              1760250
            ],
            [
              3405500,
              1760250
            ],
            [
              3405525,
              1760250
            ],
            [
              3405550,
              1760250
            ],
            [
              3405575,
              1760250
            ],
            [
              3405600,
              1760250
            ],
            [
              3405600,
              1760225
            ],
            [
              3405625,
              1760225
            ],
            [
              3405625,
              1760250
            ],
            [
              3405625,
              1760275
            ],
            [
              3405650,
              1760275
            ],
            [
              3405650,
              1760300
            ],
            [
              3405675,
              1760300
            ],
            [
              3405700,
              1760300
            ],
            [
              3405700,
              1760275
            ],
            [
              3405725,
              1760275
            ],
            [
              3405750,
              1760275
            ],
            [
              3405750,
              1760250
            ],
            [
              3405775,
              1760250
            ],
            [
              3405775,
              1760225
            ],
            [
              3405800,
              1760225
            ],
            [
              3405800,
              1760200
            ],
            [
              3405825,
              1760200
            ],
            [
              3405850,
              1760200
            ],
            [
              3405850,
              1760175
            ],
            [
              3405875,
              1760175
            ],
            [
              3405900,
              1760175
            ],
            [
              3405900,
              1760150
            ],
            [
              3405925,
              1760150
            ],
            [
              3405925,
              1760125
            ],
            [
              3405925,
              1760100
            ],
            [
              3405950,
              1760100
            ],
            [
              3405950,
              1760075
            ],
            [
              3405975,
              1760075
            ],
            [
              3405975,
              1760050
            ],
            [
              3405950,
              1760050
            ],
            [
              3405950,
              1760025
            ],
            [
              3405950,
              1760000
            ],
            [
              3405925,
              1760000
            ],
            [
              3405925,
              1759975
            ],
            [
              3405925,
              1759950
            ],
            [
              3405925,
              1759925
            ],
            [
              3405925,
              1759900
            ],
            [
              3405925,
              1759875
            ],
            [
              3405925,
              1759850
            ],
            [
              3405925,
              1759825
            ],
            [
              3405925,
              1759800
            ],
            [
              3405925,
              1759775
            ],
            [
              3405950,
              1759775
            ],
            [
              3405950,
              1759750
            ],
            [
              3405950,
              1759725
            ],
            [
              3405950,
              1759700
            ],
            [
              3405950,
              1759675
            ],
            [
              3405950,
              1759650
            ],
            [
              3405950,
              1759625
            ],
            [
              3405950,
              1759600
            ],
            [
              3405975,
              1759600
            ],
            [
              3406000,
              1759600
            ],
            [
              3406000,
              1759575
            ],
            [
              3406025,
              1759575
            ],
            [
              3406050,
              1759575
            ],
            [
              3406075,
              1759575
            ],
            [
              3406100,
              1759575
            ],
            [
              3406125,
              1759575
            ],
            [
              3406125,
              1759550
            ],
            [
              3406150,
              1759550
            ],
            [
              3406150,
              1759525
            ],
            [
              3406175,
              1759525
            ],
            [
              3406175,
              1759500
            ],
            [
              3406200,
              1759500
            ],
            [
              3406225,
              1759500
            ],
            [
              3406225,
              1759475
            ],
            [
              3406250,
              1759475
            ],
            [
              3406275,
              1759475
            ],
            [
              3406275,
              1759450
            ],
            [
              3406300,
              1759450
            ],
            [
              3406325,
              1759450
            ],
            [
              3406350,
              1759450
            ],
            [
              3406375,
              1759450
            ],
            [
              3406400,
              1759450
            ],
            [
              3406400,
              1759425
            ],
            [
              3406425,
              1759425
            ],
            [
              3406450,
              1759425
            ],
            [
              3406475,
              1759425
            ],
            [
              3406500,
              1759425
            ],
            [
              3406525,
              1759425
            ],
            [
              3406550,
              1759425
            ],
            [
              3406575,
              1759425
            ],
            [
              3406575,
              1759400
            ],
            [
              3406600,
              1759400
            ],
            [
              3406600,
              1759375
            ],
            [
              3406625,
              1759375
            ],
            [
              3406625,
              1759350
            ],
            [
              3406625,
              1759325
            ],
            [
              3406650,
              1759325
            ],
            [
              3406650,
              1759300
            ],
            [
              3406675,
              1759300
            ],
            [
              3406675,
              1759275
            ],
            [
              3406700,
              1759275
            ],
            [
              3406725,
              1759275
            ],
            [
              3406750,
              1759275
            ],
            [
              3406775,
              1759275
            ],
            [
              3406800,
              1759275
            ],
            [
              3406825,
              1759275
            ],
            [
              3406850,
              1759275
            ],
            [
              3406850,
              1759250
            ],
            [
              3406875,
              1759250
            ],
            [
              3406900,
              1759250
            ],
            [
              3406925,
              1759250
            ],
            [
              3406925,
              1759225
            ],
            [
              3406950,
              1759225
            ],
            [
              3406975,
              1759225
            ],
            [
              3407000,
              1759225
            ],
            [
              3407025,
              1759225
            ],
            [
              3407025,
              1759200
            ],
            [
              3407050,
              1759200
            ],
            [
              3407075,
              1759200
            ],
            [
              3407100,
              1759200
            ],
            [
              3407125,
              1759200
            ],
            [
              3407150,
              1759200
            ],
            [
              3407150,
              1759175
            ],
            [
              3407175,
              1759175
            ],
            [
              3407200,
              1759175
            ],
            [
              3407200,
              1759150
            ],
            [
              3407225,
              1759150
            ],
            [
              3407225,
              1759125
            ],
            [
              3407250,
              1759125
            ],
            [
              3407275,
              1759125
            ],
            [
              3407300,
              1759125
            ],
            [
              3407325,
              1759125
            ],
            [
              3407350,
              1759125
            ],
            [
              3407375,
              1759125
            ],
            [
              3407375,
              1759100
            ],
            [
              3407400,
              1759100
            ],
            [
              3407425,
              1759100
            ],
            [
              3407425,
              1759075
            ],
            [
              3407450,
              1759075
            ],
            [
              3407475,
              1759075
            ],
            [
              3407475,
              1759050
            ],
            [
              3407500,
              1759050
            ],
            [
              3407500,
              1759075
            ],
            [
              3407525,
              1759075
            ],
            [
              3407550,
              1759075
            ],
            [
              3407575,
              1759075
            ],
            [
              3407575,
              1759100
            ],
            [
              3407600,
              1759100
            ],
            [
              3407625,
              1759100
            ],
            [
              3407650,
              1759100
            ],
            [
              3407650,
              1759075
            ],
            [
              3407675,
              1759075
            ],
            [
              3407700,
              1759075
            ],
            [
              3407700,
              1759050
            ],
            [
              3407725,
              1759050
            ],
            [
              3407725,
              1759025
            ],
            [
              3407725,
              1759000
            ],
            [
              3407725,
              1758975
            ],
            [
              3407750,
              1758975
            ],
            [
              3407775,
              1758975
            ],
            [
              3407775,
              1758950
            ],
            [
              3407800,
              1758950
            ],
            [
              3407825,
              1758950
            ],
            [
              3407850,
              1758950
            ],
            [
              3407850,
              1758975
            ],
            [
              3407875,
              1758975
            ],
            [
              3407900,
              1758975
            ],
            [
              3407900,
              1759000
            ],
            [
              3407925,
              1759000
            ],
            [
              3407950,
              1759000
            ],
            [
              3407975,
              1759000
            ],
            [
              3407975,
              1758975
            ],
            [
              3408000,
              1758975
            ],
            [
              3408025,
              1758975
            ],
            [
              3408025,
              1758950
            ],
            [
              3408050,
              1758950
            ],
            [
              3408075,
              1758950
            ],
            [
              3408100,
              1758950
            ],
            [
              3408125,
              1758950
            ],
            [
              3408150,
              1758950
            ],
            [
              3408175,
              1758950
            ],
            [
              3408200,
              1758950
            ],
            [
              3408225,
              1758950
            ],
            [
              3408250,
              1758950
            ],
            [
              3408275,
              1758950
            ],
            [
              3408275,
              1758925
            ],
            [
              3408300,
              1758925
            ],
            [
              3408325,
              1758925
            ],
            [
              3408325,
              1758900
            ],
            [
              3408350,
              1758900
            ],
            [
              3408350,
              1758925
            ],
            [
              3408350,
              1758950
            ],
            [
              3408350,
              1758975
            ],
            [
              3408350,
              1759000
            ],
            [
              3408350,
              1759025
            ],
            [
              3408350,
              1759050
            ],
            [
              3408350,
              1759075
            ],
            [
              3408350,
              1759100
            ],
            [
              3408350,
              1759125
            ],
            [
              3408350,
              1759150
            ],
            [
              3408350,
              1759175
            ],
            [
              3408350,
              1759200
            ],
            [
              3408350,
              1759225
            ],
            [
              3408350,
              1759250
            ],
            [
              3408350,
              1759275
            ],
            [
              3408350,
              1759300
            ],
            [
              3408350,
              1759325
            ],
            [
              3408325,
              1759325
            ],
            [
              3408325,
              1759350
            ],
            [
              3408300,
              1759350
            ],
            [
              3408300,
              1759375
            ],
            [
              3408275,
              1759375
            ],
            [
              3408275,
              1759400
            ],
            [
              3408250,
              1759400
            ],
            [
              3408250,
              1759425
            ],
            [
              3408225,
              1759425
            ],
            [
              3408225,
              1759450
            ],
            [
              3408200,
              1759450
            ],
            [
              3408200,
              1759475
            ],
            [
              3408200,
              1759500
            ],
            [
              3408175,
              1759500
            ],
            [
              3408175,
              1759525
            ],
            [
              3408175,
              1759550
            ],
            [
              3408175,
              1759575
            ],
            [
              3408175,
              1759600
            ],
            [
              3408175,
              1759625
            ],
            [
              3408175,
              1759650
            ],
            [
              3408175,
              1759675
            ],
            [
              3408175,
              1759700
            ],
            [
              3408175,
              1759725
            ],
            [
              3408175,
              1759750
            ],
            [
              3408175,
              1759775
            ],
            [
              3408175,
              1759800
            ],
            [
              3408175,
              1759825
            ],
            [
              3408175,
              1759850
            ],
            [
              3408175,
              1759875
            ],
            [
              3408175,
              1759900
            ],
            [
              3408175,
              1759925
            ],
            [
              3408175,
              1759950
            ],
            [
              3408175,
              1759975
            ],
            [
              3408175,
              1760000
            ],
            [
              3408175,
              1760025
            ],
            [
              3408175,
              1760050
            ],
            [
              3408200,
              1760050
            ],
            [
              3408200,
              1760075
            ],
            [
              3408200,
              1760100
            ],
            [
              3408200,
              1760125
            ],
            [
              3408200,
              1760150
            ],
            [
              3408200,
              1760175
            ],
            [
              3408200,
              1760200
            ],
            [
              3408200,
              1760225
            ],
            [
              3408200,
              1760250
            ],
            [
              3408200,
              1760275
            ],
            [
              3408200,
              1760300
            ],
            [
              3408200,
              1760325
            ],
            [
              3408225,
              1760325
            ],
            [
              3408225,
              1760350
            ],
            [
              3408225,
              1760375
            ],
            [
              3408225,
              1760400
            ],
            [
              3408225,
              1760425
            ],
            [
              3408225,
              1760450
            ],
            [
              3408225,
              1760475
            ],
            [
              3408225,
              1760500
            ],
            [
              3408250,
              1760500
            ],
            [
              3408250,
              1760525
            ],
            [
              3408250,
              1760550
            ],
            [
              3408250,
              1760575
            ],
            [
              3408250,
              1760600
            ],
            [
              3408250,
              1760625
            ],
            [
              3408275,
              1760625
            ],
            [
              3408275,
              1760650
            ],
            [
              3408275,
              1760675
            ],
            [
              3408275,
              1760700
            ],
            [
              3408275,
              1760725
            ],
            [
              3408275,
              1760750
            ],
            [
              3408275,
              1760775
            ],
            [
              3408275,
              1760800
            ],
            [
              3408300,
              1760800
            ],
            [
              3408300,
              1760825
            ],
            [
              3408300,
              1760850
            ],
            [
              3408300,
              1760875
            ],
            [
              3408325,
              1760875
            ],
            [
              3408325,
              1760900
            ],
            [
              3408325,
              1760925
            ],
            [
              3408325,
              1760950
            ],
            [
              3408325,
              1760975
            ],
            [
              3408325,
              1761000
            ],
            [
              3408325,
              1761025
            ],
            [
              3408350,
              1761025
            ],
            [
              3408350,
              1761050
            ],
            [
              3408350,
              1761075
            ],
            [
              3408350,
              1761100
            ],
            [
              3408350,
              1761125
            ],
            [
              3408350,
              1761150
            ],
            [
              3408350,
              1761175
            ],
            [
              3408350,
              1761200
            ],
            [
              3408350,
              1761225
            ],
            [
              3408350,
              1761250
            ],
            [
              3408350,
              1761275
            ],
            [
              3408350,
              1761300
            ],
            [
              3408350,
              1761325
            ],
            [
              3408350,
              1761350
            ],
            [
              3408350,
              1761375
            ],
            [
              3408350,
              1761400
            ],
            [
              3408350,
              1761425
            ],
            [
              3408350,
              1761450
            ],
            [
              3408350,
              1761475
            ],
            [
              3408350,
              1761500
            ],
            [
              3408350,
              1761525
            ],
            [
              3408350,
              1761550
            ],
            [
              3408350,
              1761575
            ],
            [
              3408350,
              1761600
            ],
            [
              3408350,
              1761625
            ],
            [
              3408350,
              1761650
            ],
            [
              3408350,
              1761675
            ],
            [
              3408350,
              1761700
            ],
            [
              3408350,
              1761725
            ],
            [
              3408350,
              1761750
            ],
            [
              3408350,
              1761775
            ],
            [
              3408350,
              1761800
            ],
            [
              3408350,
              1761825
            ],
            [
              3408350,
              1761850
            ],
            [
              3408350,
              1761875
            ],
            [
              3408350,
              1761900
            ],
            [
              3408350,
              1761925
            ],
            [
              3408350,
              1761950
            ],
            [
              3408350,
              1761975
            ],
            [
              3408350,
              1762000
            ],
            [
              3408350,
              1762025
            ],
            [
              3408350,
              1762050
            ],
            [
              3408350,
              1762075
            ],
            [
              3408350,
              1762100
            ],
            [
              3408350,
              1762125
            ],
            [
              3408350,
              1762150
            ],
            [
              3408350,
              1762175
            ],
            [
              3408350,
              1762200
            ],
            [
              3408350,
              1762225
            ],
            [
              3408350,
              1762250
            ],
            [
              3408350,
              1762275
            ],
            [
              3408350,
              1762300
            ],
            [
              3408350,
              1762325
            ],
            [
              3408350,
              1762350
            ],
            [
              3408350,
              1762375
            ],
            [
              3408350,
              1762400
            ],
            [
              3408350,
              1762425
            ],
            [
              3408350,
              1762450
            ],
            [
              3408350,
              1762475
            ],
            [
              3408350,
              1762500
            ],
            [
              3408350,
              1762525
            ],
            [
              3408350,
              1762550
            ],
            [
              3408350,
              1762575
            ],
            [
              3408350,
              1762600
            ],
            [
              3408350,
              1762625
            ],
            [
              3408350,
              1762650
            ],
            [
              3408350,
              1762675
            ],
            [
              3408350,
              1762700
            ],
            [
              3408350,
              1762725
            ],
            [
              3408350,
              1762750
            ],
            [
              3408350,
              1762775
            ],
            [
              3408350,
              1762800
            ],
            [
              3408350,
              1762825
            ],
            [
              3408350,
              1762850
            ],
            [
              3408350,
              1762875
            ],
            [
              3408350,
              1762900
            ],
            [
              3408350,
              1762925
            ],
            [
              3408350,
              1762950
            ],
            [
              3408350,
              1762975
            ],
            [
              3408350,
              1763000
            ],
            [
              3408350,
              1763025
            ],
            [
              3408350,
              1763050
            ],
            [
              3408350,
              1763075
            ],
            [
              3408350,
              1763100
            ],
            [
              3408350,
              1763125
            ],
            [
              3408350,
              1763150
            ],
            [
              3408350,
              1763175
            ],
            [
              3408350,
              1763200
            ],
            [
              3408350,
              1763225
            ],
            [
              3408350,
              1763250
            ],
            [
              3408350,
              1763275
            ],
            [
              3408350,
              1763300
            ],
            [
              3408350,
              1763325
            ],
            [
              3408350,
              1763350
            ],
            [
              3408350,
              1763375
            ],
            [
              3408350,
              1763400
            ],
            [
              3408350,
              1763425
            ],
            [
              3408350,
              1763450
            ],
            [
              3408350,
              1763475
            ],
            [
              3408350,
              1763500
            ],
            [
              3408350,
              1763525
            ],
            [
              3408350,
              1763550
            ],
            [
              3408350,
              1763575
            ],
            [
              3408350,
              1763600
            ],
            [
              3408350,
              1763625
            ],
            [
              3408350,
              1763650
            ],
            [
              3408350,
              1763675
            ],
            [
              3408350,
              1763700
            ],
            [
              3408350,
              1763725
            ],
            [
              3408350,
              1763750
            ],
            [
              3408350,
              1763775
            ],
            [
              3408350,
              1763800
            ],
            [
              3408350,
              1763825
            ],
            [
              3408350,
              1763850
            ],
            [
              3408350,
              1763875
            ],
            [
              3408350,
              1763900
            ],
            [
              3408350,
              1763925
            ],
            [
              3408350,
              1763950
            ],
            [
              3408350,
              1763975
            ],
            [
              3408350,
              1764000
            ],
            [
              3408350,
              1764025
            ],
            [
              3408350,
              1764050
            ],
            [
              3408350,
              1764075
            ],
            [
              3408350,
              1764100
            ],
            [
              3408350,
              1764125
            ],
            [
              3408350,
              1764150
            ],
            [
              3408350,
              1764175
            ],
            [
              3408350,
              1764200
            ],
            [
              3408350,
              1764225
            ],
            [
              3408350,
              1764250
            ],
            [
              3408350,
              1764275
            ],
            [
              3408350,
              1764300
            ],
            [
              3408350,
              1764325
            ],
            [
              3408350,
              1764350
            ],
            [
              3408350,
              1764375
            ],
            [
              3408350,
              1764400
            ],
            [
              3408350,
              1764425
            ],
            [
              3408350,
              1764450
            ],
            [
              3408350,
              1764475
            ],
            [
              3408350,
              1764500
            ],
            [
              3408350,
              1764525
            ],
            [
              3408350,
              1764550
            ],
            [
              3408350,
              1764575
            ],
            [
              3408350,
              1764600
            ],
            [
              3408350,
              1764625
            ],
            [
              3408350,
              1764650
            ],
            [
              3408350,
              1764675
            ],
            [
              3408350,
              1764700
            ],
            [
              3408350,
              1764725
            ],
            [
              3408350,
              1764750
            ],
            [
              3408350,
              1764775
            ],
            [
              3408350,
              1764800
            ],
            [
              3408350,
              1764825
            ],
            [
              3408350,
              1764850
            ],
            [
              3408350,
              1764875
            ],
            [
              3408350,
              1764900
            ],
            [
              3408350,
              1764925
            ],
            [
              3408350,
              1764950
            ],
            [
              3408350,
              1764975
            ],
            [
              3408350,
              1765000
            ],
            [
              3408350,
              1765025
            ],
            [
              3408350,
              1765050
            ],
            [
              3408350,
              1765075
            ],
            [
              3408350,
              1765100
            ],
            [
              3408350,
              1765125
            ],
            [
              3408350,
              1765150
            ],
            [
              3408350,
              1765175
            ],
            [
              3408350,
              1765200
            ],
            [
              3408350,
              1765225
            ],
            [
              3408350,
              1765250
            ],
            [
              3408350,
              1765275
            ],
            [
              3408350,
              1765300
            ],
            [
              3408350,
              1765325
            ],
            [
              3408350,
              1765350
            ],
            [
              3408350,
              1765375
            ],
            [
              3408350,
              1765400
            ],
            [
              3408350,
              1765425
            ],
            [
              3408350,
              1765450
            ],
            [
              3408350,
              1765475
            ],
            [
              3408350,
              1765500
            ],
            [
              3408350,
              1765525
            ],
            [
              3408325,
              1765525
            ],
            [
              3408300,
              1765525
            ],
            [
              3408275,
              1765525
            ],
            [
              3408250,
              1765525
            ],
            [
              3408225,
              1765525
            ],
            [
              3408200,
              1765525
            ],
            [
              3408175,
              1765525
            ],
            [
              3408150,
              1765525
            ],
            [
              3408125,
              1765525
            ],
            [
              3408100,
              1765525
            ],
            [
              3408075,
              1765525
            ],
            [
              3408050,
              1765525
            ],
            [
              3408025,
              1765525
            ],
            [
              3408000,
              1765525
            ],
            [
              3407975,
              1765525
            ],
            [
              3407950,
              1765525
            ],
            [
              3407925,
              1765525
            ],
            [
              3407900,
              1765525
            ],
            [
              3407875,
              1765525
            ],
            [
              3407850,
              1765525
            ],
            [
              3407825,
              1765525
            ],
            [
              3407800,
              1765525
            ],
            [
              3407775,
              1765525
            ],
            [
              3407750,
              1765525
            ],
            [
              3407725,
              1765525
            ],
            [
              3407700,
              1765525
            ],
            [
              3407675,
              1765525
            ],
            [
              3407650,
              1765525
            ],
            [
              3407625,
              1765525
            ],
            [
              3407600,
              1765525
            ],
            [
              3407575,
              1765525
            ],
            [
              3407550,
              1765525
            ],
            [
              3407525,
              1765525
            ],
            [
              3407500,
              1765525
            ],
            [
              3407475,
              1765525
            ],
            [
              3407450,
              1765525
            ],
            [
              3407425,
              1765525
            ],
            [
              3407400,
              1765525
            ],
            [
              3407375,
              1765525
            ],
            [
              3407350,
              1765525
            ],
            [
              3407325,
              1765525
            ],
            [
              3407300,
              1765525
            ],
            [
              3407275,
              1765525
            ],
            [
              3407250,
              1765525
            ],
            [
              3407225,
              1765525
            ],
            [
              3407200,
              1765525
            ],
            [
              3407175,
              1765525
            ],
            [
              3407150,
              1765525
            ],
            [
              3407125,
              1765525
            ],
            [
              3407100,
              1765525
            ],
            [
              3407075,
              1765525
            ],
            [
              3407050,
              1765525
            ],
            [
              3407025,
              1765525
            ],
            [
              3407000,
              1765525
            ],
            [
              3406975,
              1765525
            ],
            [
              3406950,
              1765525
            ],
            [
              3406925,
              1765525
            ],
            [
              3406900,
              1765525
            ],
            [
              3406875,
              1765525
            ],
            [
              3406850,
              1765525
            ],
            [
              3406825,
              1765525
            ],
            [
              3406800,
              1765525
            ],
            [
              3406775,
              1765525
            ],
            [
              3406750,
              1765525
            ],
            [
              3406725,
              1765525
            ],
            [
              3406700,
              1765525
            ],
            [
              3406675,
              1765525
            ],
            [
              3406650,
              1765525
            ],
            [
              3406625,
              1765525
            ],
            [
              3406600,
              1765525
            ],
            [
              3406575,
              1765525
            ],
            [
              3406550,
              1765525
            ],
            [
              3406525,
              1765525
            ],
            [
              3406500,
              1765525
            ],
            [
              3406475,
              1765525
            ],
            [
              3406450,
              1765525
            ],
            [
              3406425,
              1765525
            ],
            [
              3406400,
              1765525
            ],
            [
              3406375,
              1765525
            ],
            [
              3406350,
              1765525
            ],
            [
              3406325,
              1765525
            ],
            [
              3406300,
              1765525
            ],
            [
              3406275,
              1765525
            ],
            [
              3406250,
              1765525
            ],
            [
              3406225,
              1765525
            ],
            [
              3406200,
              1765525
            ],
            [
              3406175,
              1765525
            ],
            [
              3406150,
              1765525
            ],
            [
              3406125,
              1765525
            ],
            [
              3406100,
              1765525
            ],
            [
              3406075,
              1765525
            ],
            [
              3406050,
              1765525
            ],
            [
              3406025,
              1765525
            ],
            [
              3406000,
              1765525
            ],
            [
              3405975,
              1765525
            ],
            [
              3405950,
              1765525
            ],
            [
              3405925,
              1765525
            ],
            [
              3405900,
              1765525
            ],
            [
              3405875,
              1765525
            ],
            [
              3405850,
              1765525
            ],
            [
              3405825,
              1765525
            ],
            [
              3405800,
              1765525
            ],
            [
              3405775,
              1765525
            ],
            [
              3405750,
              1765525
            ],
            [
              3405725,
              1765525
            ],
            [
              3405700,
              1765525
            ],
            [
              3405675,
              1765525
            ],
            [
              3405650,
              1765525
            ],
            [
              3405625,
              1765525
            ],
            [
              3405600,
              1765525
            ],
            [
              3405575,
              1765525
            ],
            [
              3405550,
              1765525
            ],
            [
              3405525,
              1765525
            ],
            [
              3405500,
              1765525
            ],
            [
              3405475,
              1765525
            ],
            [
              3405450,
              1765525
            ],
            [
              3405425,
              1765525
            ],
            [
              3405400,
              1765525
            ],
            [
              3405375,
              1765525
            ],
            [
              3405350,
              1765525
            ],
            [
              3405325,
              1765525
            ],
            [
              3405300,
              1765525
            ],
            [
              3405275,
              1765525
            ],
            [
              3405250,
              1765525
            ],
            [
              3405225,
              1765525
            ],
            [
              3405200,
              1765525
            ],
            [
              3405175,
              1765525
            ],
            [
              3405150,
              1765525
            ],
            [
              3405125,
              1765525
            ],
            [
              3405100,
              1765525
            ],
            [
              3405075,
              1765525
            ],
            [
              3405050,
              1765525
            ],
            [
              3405025,
              1765525
            ],
            [
              3405000,
              1765525
            ],
            [
              3404975,
              1765525
            ],
            [
              3404950,
              1765525
            ],
            [
              3404925,
              1765525
            ],
            [
              3404900,
              1765525
            ],
            [
              3404875,
              1765525
            ],
            [
              3404850,
              1765525
            ],
            [
              3404825,
              1765525
            ],
            [
              3404800,
              1765525
            ],
            [
              3404775,
              1765525
            ],
            [
              3404750,
              1765525
            ],
            [
              3404725,
              1765525
            ],
            [
              3404700,
              1765525
            ],
            [
              3404675,
              1765525
            ],
            [
              3404650,
              1765525
            ],
            [
              3404625,
              1765525
            ],
            [
              3404600,
              1765525
            ],
            [
              3404575,
              1765525
            ],
            [
              3404550,
              1765525
            ],
            [
              3404525,
              1765525
            ],
            [
              3404500,
              1765525
            ],
            [
              3404475,
              1765525
            ],
            [
              3404450,
              1765525
            ],
            [
              3404425,
              1765525
            ],
            [
              3404400,
              1765525
            ],
            [
              3404375,
              1765525
            ],
            [
              3404350,
              1765525
            ],
            [
              3404325,
              1765525
            ],
            [
              3404300,
              1765525
            ],
            [
              3404275,
              1765525
            ],
            [
              3404250,
              1765525
            ],
            [
              3404225,
              1765525
            ],
            [
              3404200,
              1765525
            ],
            [
              3404175,
              1765525
            ],
            [
              3404150,
              1765525
            ],
            [
              3404125,
              1765525
            ],
            [
              3404100,
              1765525
            ],
            [
              3404075,
              1765525
            ],
            [
              3404050,
              1765525
            ],
            [
              3404025,
              1765525
            ],
            [
              3404000,
              1765525
            ],
            [
              3403975,
              1765525
            ],
            [
              3403950,
              1765525
            ],
            [
              3403925,
              1765525
            ],
            [
              3403900,
              1765525
            ],
            [
              3403875,
              1765525
            ],
            [
              3403850,
              1765525
            ],
            [
              3403825,
              1765525
            ],
            [
              3403800,
              1765525
            ],
            [
              3403775,
              1765525
            ],
            [
              3403750,
              1765525
            ],
            [
              3403725,
              1765525
            ],
            [
              3403700,
              1765525
            ],
            [
              3403675,
              1765525
            ],
            [
              3403650,
              1765525
            ],
            [
              3403625,
              1765525
            ],
            [
              3403600,
              1765525
            ],
            [
              3403575,
              1765525
            ],
            [
              3403550,
              1765525
            ],
            [
              3403525,
              1765525
            ],
            [
              3403500,
              1765525
            ],
            [
              3403475,
              1765525
            ],
            [
              3403450,
              1765525
            ],
            [
              3403425,
              1765525
            ],
            [
              3403400,
              1765525
            ],
            [
              3403375,
              1765525
            ],
            [
              3403350,
              1765525
            ],
            [
              3403325,
              1765525
            ],
            [
              3403300,
              1765525
            ],
            [
              3403275,
              1765525
            ],
            [
              3403250,
              1765525
            ],
            [
              3403225,
              1765525
            ],
            [
              3403200,
              1765525
            ],
            [
              3403175,
              1765525
            ],
            [
              3403150,
              1765525
            ],
            [
              3403125,
              1765525
            ],
            [
              3403100,
              1765525
            ],
            [
              3403075,
              1765525
            ],
            [
              3403050,
              1765525
            ],
            [
              3403025,
              1765525
            ],
            [
              3403000,
              1765525
            ],
            [
              3402975,
              1765525
            ],
            [
              3402950,
              1765525
            ],
            [
              3402925,
              1765525
            ],
            [
              3402900,
              1765525
            ],
            [
              3402875,
              1765525
            ],
            [
              3402850,
              1765525
            ],
            [
              3402825,
              1765525
            ],
            [
              3402800,
              1765525
            ],
            [
              3402775,
              1765525
            ],
            [
              3402750,
              1765525
            ],
            [
              3402725,
              1765525
            ],
            [
              3402700,
              1765525
            ],
            [
              3402675,
              1765525
            ],
            [
              3402650,
              1765525
            ],
            [
              3402625,
              1765525
            ],
            [
              3402600,
              1765525
            ],
            [
              3402575,
              1765525
            ],
            [
              3402550,
              1765525
            ],
            [
              3402525,
              1765525
            ],
            [
              3402500,
              1765525
            ],
            [
              3402475,
              1765525
            ],
            [
              3402450,
              1765525
            ],
            [
              3402425,
              1765525
            ],
            [
              3402400,
              1765525
            ],
            [
              3402375,
              1765525
            ],
            [
              3402350,
              1765525
            ],
            [
              3402325,
              1765525
            ],
            [
              3402300,
              1765525
            ],
            [
              3402275,
              1765525
            ],
            [
              3402250,
              1765525
            ],
            [
              3402225,
              1765525
            ],
            [
              3402200,
              1765525
            ],
            [
              3402175,
              1765525
            ],
            [
              3402150,
              1765525
            ],
            [
              3402125,
              1765525
            ],
            [
              3402100,
              1765525
            ],
            [
              3402075,
              1765525
            ],
            [
              3402050,
              1765525
            ],
            [
              3402025,
              1765525
            ],
            [
              3402000,
              1765525
            ],
            [
              3401975,
              1765525
            ],
            [
              3401950,
              1765525
            ],
            [
              3401925,
              1765525
            ],
            [
              3401900,
              1765525
            ],
            [
              3401875,
              1765525
            ],
            [
              3401850,
              1765525
            ],
            [
              3401825,
              1765525
            ],
            [
              3401800,
              1765525
            ],
            [
              3401775,
              1765525
            ],
            [
              3401750,
              1765525
            ],
            [
              3401725,
              1765525
            ],
            [
              3401700,
              1765525
            ],
            [
              3401675,
              1765525
            ],
            [
              3401650,
              1765525
            ],
            [
              3401625,
              1765525
            ],
            [
              3401600,
              1765525
            ],
            [
              3401575,
              1765525
            ],
            [
              3401550,
              1765525
            ],
            [
              3401525,
              1765525
            ],
            [
              3401500,
              1765525
            ],
            [
              3401475,
              1765525
            ],
            [
              3401450,
              1765525
            ],
            [
              3401425,
              1765525
            ],
            [
              3401400,
              1765525
            ],
            [
              3401375,
              1765525
            ],
            [
              3401350,
              1765525
            ],
            [
              3401325,
              1765525
            ],
            [
              3401300,
              1765525
            ],
            [
              3401275,
              1765525
            ],
            [
              3401250,
              1765525
            ],
            [
              3401225,
              1765525
            ],
            [
              3401200,
              1765525
            ],
            [
              3401175,
              1765525
            ],
            [
              3401150,
              1765525
            ],
            [
              3401125,
              1765525
            ],
            [
              3401100,
              1765525
            ],
            [
              3401075,
              1765525
            ],
            [
              3401050,
              1765525
            ],
            [
              3401025,
              1765525
            ],
            [
              3401000,
              1765525
            ],
            [
              3400975,
              1765525
            ],
            [
              3400950,
              1765525
            ],
            [
              3400925,
              1765525
            ],
            [
              3400900,
              1765525
            ],
            [
              3400875,
              1765525
            ],
            [
              3400850,
              1765525
            ],
            [
              3400825,
              1765525
            ],
            [
              3400800,
              1765525
            ],
            [
              3400775,
              1765525
            ],
            [
              3400750,
              1765525
            ],
            [
              3400725,
              1765525
            ],
            [
              3400700,
              1765525
            ],
            [
              3400675,
              1765525
            ],
            [
              3400650,
              1765525
            ],
            [
              3400625,
              1765525
            ],
            [
              3400600,
              1765525
            ],
            [
              3400575,
              1765525
            ],
            [
              3400550,
              1765525
            ],
            [
              3400525,
              1765525
            ],
            [
              3400500,
              1765525
            ],
            [
              3400475,
              1765525
            ],
            [
              3400450,
              1765525
            ],
            [
              3400425,
              1765525
            ],
            [
              3400400,
              1765525
            ],
            [
              3400375,
              1765525
            ],
            [
              3400350,
              1765525
            ],
            [
              3400325,
              1765525
            ],
            [
              3400300,
              1765525
            ],
            [
              3400275,
              1765525
            ],
            [
              3400250,
              1765525
            ],
            [
              3400225,
              1765525
            ],
            [
              3400200,
              1765525
            ],
            [
              3400175,
              1765525
            ],
            [
              3400150,
              1765525
            ],
            [
              3400125,
              1765525
            ],
            [
              3400100,
              1765525
            ],
            [
              3400075,
              1765525
            ],
            [
              3400050,
              1765525
            ],
            [
              3400025,
              1765525
            ],
            [
              3400000,
              1765525
            ],
            [
              3399975,
              1765525
            ],
            [
              3399950,
              1765525
            ],
            [
              3399925,
              1765525
            ],
            [
              3399900,
              1765525
            ],
            [
              3399875,
              1765525
            ],
            [
              3399850,
              1765525
            ],
            [
              3399825,
              1765525
            ],
            [
              3399800,
              1765525
            ],
            [
              3399775,
              1765525
            ],
            [
              3399750,
              1765525
            ],
            [
              3399725,
              1765525
            ],
            [
              3399700,
              1765525
            ],
            [
              3399675,
              1765525
            ],
            [
              3399650,
              1765525
            ],
            [
              3399625,
              1765525
            ],
            [
              3399600,
              1765525
            ],
            [
              3399575,
              1765525
            ],
            [
              3399550,
              1765525
            ],
            [
              3399525,
              1765525
            ],
            [
              3399500,
              1765525
            ],
            [
              3399475,
              1765525
            ],
            [
              3399450,
              1765525
            ],
            [
              3399425,
              1765525
            ],
            [
              3399400,
              1765525
            ],
            [
              3399375,
              1765525
            ],
            [
              3399350,
              1765525
            ],
            [
              3399325,
              1765525
            ],
            [
              3399300,
              1765525
            ],
            [
              3399275,
              1765525
            ],
            [
              3399250,
              1765525
            ],
            [
              3399225,
              1765525
            ],
            [
              3399200,
              1765525
            ],
            [
              3399175,
              1765525
            ],
            [
              3399150,
              1765525
            ],
            [
              3399125,
              1765525
            ],
            [
              3399100,
              1765525
            ],
            [
              3399075,
              1765525
            ],
            [
              3399050,
              1765525
            ],
            [
              3399025,
              1765525
            ],
            [
              3399000,
              1765525
            ],
            [
              3398975,
              1765525
            ],
            [
              3398950,
              1765525
            ],
            [
              3398925,
              1765525
            ],
            [
              3398900,
              1765525
            ],
            [
              3398875,
              1765525
            ],
            [
              3398850,
              1765525
            ],
            [
              3398825,
              1765525
            ],
            [
              3398800,
              1765525
            ],
            [
              3398775,
              1765525
            ],
            [
              3398750,
              1765525
            ],
            [
              3398725,
              1765525
            ],
            [
              3398700,
              1765525
            ],
            [
              3398675,
              1765525
            ],
            [
              3398650,
              1765525
            ],
            [
              3398625,
              1765525
            ],
            [
              3398600,
              1765525
            ],
            [
              3398575,
              1765525
            ],
            [
              3398550,
              1765525
            ],
            [
              3398525,
              1765525
            ],
            [
              3398500,
              1765525
            ],
            [
              3398475,
              1765525
            ],
            [
              3398450,
              1765525
            ],
            [
              3398425,
              1765525
            ],
            [
              3398400,
              1765525
            ],
            [
              3398375,
              1765525
            ],
            [
              3398350,
              1765525
            ],
            [
              3398325,
              1765525
            ],
            [
              3398300,
              1765525
            ],
            [
              3398275,
              1765525
            ],
            [
              3398250,
              1765525
            ],
            [
              3398225,
              1765525
            ],
            [
              3398200,
              1765525
            ],
            [
              3398175,
              1765525
            ],
            [
              3398150,
              1765525
            ],
            [
              3398125,
              1765525
            ],
            [
              3398100,
              1765525
            ],
            [
              3398075,
              1765525
            ],
            [
              3398050,
              1765525
            ],
            [
              3398025,
              1765525
            ],
            [
              3398000,
              1765525
            ],
            [
              3397975,
              1765525
            ],
            [
              3397950,
              1765525
            ],
            [
              3397925,
              1765525
            ],
            [
              3397900,
              1765525
            ],
            [
              3397875,
              1765525
            ],
            [
              3397850,
              1765525
            ],
            [
              3397825,
              1765525
            ],
            [
              3397800,
              1765525
            ],
            [
              3397775,
              1765525
            ],
            [
              3397750,
              1765525
            ],
            [
              3397725,
              1765525
            ],
            [
              3397700,
              1765525
            ],
            [
              3397675,
              1765525
            ],
            [
              3397650,
              1765525
            ],
            [
              3397625,
              1765525
            ],
            [
              3397600,
              1765525
            ],
            [
              3397575,
              1765525
            ],
            [
              3397550,
              1765525
            ],
            [
              3397525,
              1765525
            ],
            [
              3397500,
              1765525
            ],
            [
              3397475,
              1765525
            ],
            [
              3397450,
              1765525
            ],
            [
              3397425,
              1765525
            ],
            [
              3397400,
              1765525
            ],
            [
              3397375,
              1765525
            ],
            [
              3397350,
              1765525
            ],
            [
              3397325,
              1765525
            ],
            [
              3397300,
              1765525
            ],
            [
              3397275,
              1765525
            ],
            [
              3397250,
              1765525
            ],
            [
              3397225,
              1765525
            ],
            [
              3397200,
              1765525
            ],
            [
              3397175,
              1765525
            ],
            [
              3397150,
              1765525
            ],
            [
              3397125,
              1765525
            ],
            [
              3397100,
              1765525
            ],
            [
              3397075,
              1765525
            ],
            [
              3397050,
              1765525
            ],
            [
              3397025,
              1765525
            ],
            [
              3397000,
              1765525
            ],
            [
              3396975,
              1765525
            ],
            [
              3396950,
              1765525
            ],
            [
              3396925,
              1765525
            ],
            [
              3396900,
              1765525
            ],
            [
              3396875,
              1765525
            ],
            [
              3396850,
              1765525
            ],
            [
              3396825,
              1765525
            ],
            [
              3396800,
              1765525
            ],
            [
              3396775,
              1765525
            ],
            [
              3396750,
              1765525
            ],
            [
              3396725,
              1765525
            ],
            [
              3396700,
              1765525
            ],
            [
              3396675,
              1765525
            ],
            [
              3396650,
              1765525
            ],
            [
              3396625,
              1765525
            ],
            [
              3396600,
              1765525
            ],
            [
              3396575,
              1765525
            ],
            [
              3396550,
              1765525
            ],
            [
              3396525,
              1765525
            ],
            [
              3396500,
              1765525
            ],
            [
              3396475,
              1765525
            ],
            [
              3396450,
              1765525
            ],
            [
              3396425,
              1765525
            ],
            [
              3396400,
              1765525
            ],
            [
              3396375,
              1765525
            ],
            [
              3396350,
              1765525
            ],
            [
              3396325,
              1765525
            ],
            [
              3396300,
              1765525
            ],
            [
              3396275,
              1765525
            ],
            [
              3396250,
              1765525
            ],
            [
              3396225,
              1765525
            ],
            [
              3396200,
              1765525
            ],
            [
              3396175,
              1765525
            ],
            [
              3396150,
              1765525
            ],
            [
              3396125,
              1765525
            ],
            [
              3396100,
              1765525
            ],
            [
              3396075,
              1765525
            ],
            [
              3396050,
              1765525
            ],
            [
              3396025,
              1765525
            ],
            [
              3396000,
              1765525
            ],
            [
              3395975,
              1765525
            ],
            [
              3395950,
              1765525
            ],
            [
              3395925,
              1765525
            ],
            [
              3395900,
              1765525
            ],
            [
              3395875,
              1765525
            ],
            [
              3395850,
              1765525
            ],
            [
              3395825,
              1765525
            ],
            [
              3395800,
              1765525
            ],
            [
              3395775,
              1765525
            ],
            [
              3395750,
              1765525
            ],
            [
              3395725,
              1765525
            ],
            [
              3395700,
              1765525
            ],
            [
              3395675,
              1765525
            ],
            [
              3395650,
              1765525
            ],
            [
              3395625,
              1765525
            ],
            [
              3395600,
              1765525
            ],
            [
              3395575,
              1765525
            ],
            [
              3395550,
              1765525
            ],
            [
              3395525,
              1765525
            ],
            [
              3395500,
              1765525
            ],
            [
              3395475,
              1765525
            ],
            [
              3395450,
              1765525
            ],
            [
              3395425,
              1765525
            ],
            [
              3395400,
              1765525
            ],
            [
              3395375,
              1765525
            ],
            [
              3395350,
              1765525
            ],
            [
              3395325,
              1765525
            ],
            [
              3395300,
              1765525
            ],
            [
              3395275,
              1765525
            ],
            [
              3395250,
              1765525
            ],
            [
              3395225,
              1765525
            ],
            [
              3395200,
              1765525
            ],
            [
              3395175,
              1765525
            ],
            [
              3395150,
              1765525
            ],
            [
              3395125,
              1765525
            ],
            [
              3395100,
              1765525
            ],
            [
              3395075,
              1765525
            ],
            [
              3395050,
              1765525
            ],
            [
              3395025,
              1765525
            ],
            [
              3395000,
              1765525
            ],
            [
              3394975,
              1765525
            ],
            [
              3394950,
              1765525
            ],
            [
              3394925,
              1765525
            ],
            [
              3394900,
              1765525
            ],
            [
              3394875,
              1765525
            ],
            [
              3394850,
              1765525
            ],
            [
              3394825,
              1765525
            ],
            [
              3394800,
              1765525
            ],
            [
              3394775,
              1765525
            ],
            [
              3394750,
              1765525
            ],
            [
              3394725,
              1765525
            ],
            [
              3394700,
              1765525
            ],
            [
              3394675,
              1765525
            ],
            [
              3394650,
              1765525
            ],
            [
              3394625,
              1765525
            ],
            [
              3394600,
              1765525
            ],
            [
              3394575,
              1765525
            ],
            [
              3394550,
              1765525
            ],
            [
              3394525,
              1765525
            ],
            [
              3394500,
              1765525
            ],
            [
              3394475,
              1765525
            ],
            [
              3394450,
              1765525
            ],
            [
              3394425,
              1765525
            ],
            [
              3394400,
              1765525
            ],
            [
              3394375,
              1765525
            ],
            [
              3394350,
              1765525
            ],
            [
              3394325,
              1765525
            ],
            [
              3394300,
              1765525
            ],
            [
              3394275,
              1765525
            ],
            [
              3394250,
              1765525
            ],
            [
              3394225,
              1765525
            ],
            [
              3394200,
              1765525
            ],
            [
              3394175,
              1765525
            ],
            [
              3394150,
              1765525
            ],
            [
              3394125,
              1765525
            ],
            [
              3394100,
              1765525
            ],
            [
              3394075,
              1765525
            ],
            [
              3394050,
              1765525
            ],
            [
              3394025,
              1765525
            ],
            [
              3394000,
              1765525
            ],
            [
              3393975,
              1765525
            ],
            [
              3393950,
              1765525
            ],
            [
              3393925,
              1765525
            ],
            [
              3393900,
              1765525
            ],
            [
              3393875,
              1765525
            ],
            [
              3393850,
              1765525
            ],
            [
              3393825,
              1765525
            ],
            [
              3393800,
              1765525
            ],
            [
              3393775,
              1765525
            ],
            [
              3393750,
              1765525
            ],
            [
              3393725,
              1765525
            ],
            [
              3393700,
              1765525
            ],
            [
              3393675,
              1765525
            ],
            [
              3393650,
              1765525
            ],
            [
              3393625,
              1765525
            ],
            [
              3393600,
              1765525
            ],
            [
              3393575,
              1765525
            ],
            [
              3393550,
              1765525
            ],
            [
              3393525,
              1765525
            ],
            [
              3393500,
              1765525
            ],
            [
              3393475,
              1765525
            ],
            [
              3393450,
              1765525
            ],
            [
              3393425,
              1765525
            ],
            [
              3393400,
              1765525
            ],
            [
              3393375,
              1765525
            ],
            [
              3393350,
              1765525
            ],
            [
              3393325,
              1765525
            ],
            [
              3393300,
              1765525
            ],
            [
              3393275,
              1765525
            ],
            [
              3393250,
              1765525
            ],
            [
              3393225,
              1765525
            ],
            [
              3393200,
              1765525
            ],
            [
              3393175,
              1765525
            ],
            [
              3393150,
              1765525
            ],
            [
              3393125,
              1765525
            ],
            [
              3393100,
              1765525
            ],
            [
              3393075,
              1765525
            ],
            [
              3393050,
              1765525
            ],
            [
              3393025,
              1765525
            ],
            [
              3393000,
              1765525
            ],
            [
              3392975,
              1765525
            ],
            [
              3392950,
              1765525
            ],
            [
              3392925,
              1765525
            ],
            [
              3392900,
              1765525
            ],
            [
              3392875,
              1765525
            ],
            [
              3392850,
              1765525
            ],
            [
              3392825,
              1765525
            ],
            [
              3392800,
              1765525
            ],
            [
              3392775,
              1765525
            ],
            [
              3392750,
              1765525
            ],
            [
              3392725,
              1765525
            ],
            [
              3392700,
              1765525
            ],
            [
              3392675,
              1765525
            ],
            [
              3392650,
              1765525
            ],
            [
              3392625,
              1765525
            ],
            [
              3392600,
              1765525
            ],
            [
              3392575,
              1765525
            ],
            [
              3392550,
              1765525
            ],
            [
              3392525,
              1765525
            ],
            [
              3392500,
              1765525
            ],
            [
              3392475,
              1765525
            ],
            [
              3392450,
              1765525
            ],
            [
              3392425,
              1765525
            ],
            [
              3392400,
              1765525
            ],
            [
              3392375,
              1765525
            ],
            [
              3392350,
              1765525
            ],
            [
              3392325,
              1765525
            ],
            [
              3392300,
              1765525
            ],
            [
              3392275,
              1765525
            ],
            [
              3392250,
              1765525
            ],
            [
              3392225,
              1765525
            ],
            [
              3392200,
              1765525
            ],
            [
              3392175,
              1765525
            ],
            [
              3392150,
              1765525
            ],
            [
              3392125,
              1765525
            ],
            [
              3392100,
              1765525
            ],
            [
              3392075,
              1765525
            ],
            [
              3392050,
              1765525
            ],
            [
              3392025,
              1765525
            ],
            [
              3392000,
              1765525
            ],
            [
              3391975,
              1765525
            ],
            [
              3391950,
              1765525
            ],
            [
              3391925,
              1765525
            ],
            [
              3391900,
              1765525
            ],
            [
              3391875,
              1765525
            ],
            [
              3391850,
              1765525
            ],
            [
              3391825,
              1765525
            ],
            [
              3391800,
              1765525
            ],
            [
              3391775,
              1765525
            ],
            [
              3391750,
              1765525
            ],
            [
              3391725,
              1765525
            ],
            [
              3391700,
              1765525
            ],
            [
              3391675,
              1765525
            ],
            [
              3391650,
              1765525
            ],
            [
              3391625,
              1765525
            ],
            [
              3391600,
              1765525
            ],
            [
              3391575,
              1765525
            ],
            [
              3391550,
              1765525
            ],
            [
              3391525,
              1765525
            ],
            [
              3391500,
              1765525
            ],
            [
              3391475,
              1765525
            ],
            [
              3391450,
              1765525
            ],
            [
              3391425,
              1765525
            ],
            [
              3391400,
              1765525
            ],
            [
              3391375,
              1765525
            ],
            [
              3391350,
              1765525
            ],
            [
              3391325,
              1765525
            ],
            [
              3391300,
              1765525
            ],
            [
              3391275,
              1765525
            ],
            [
              3391250,
              1765525
            ],
            [
              3391225,
              1765525
            ],
            [
              3391200,
              1765525
            ],
            [
              3391175,
              1765525
            ],
            [
              3391150,
              1765525
            ],
            [
              3391125,
              1765525
            ],
            [
              3391100,
              1765525
            ],
            [
              3391075,
              1765525
            ],
            [
              3391050,
              1765525
            ],
            [
              3391025,
              1765525
            ],
            [
              3391000,
              1765525
            ],
            [
              3390975,
              1765525
            ],
            [
              3390950,
              1765525
            ],
            [
              3390925,
              1765525
            ],
            [
              3390900,
              1765525
            ],
            [
              3390875,
              1765525
            ],
            [
              3390850,
              1765525
            ],
            [
              3390825,
              1765525
            ],
            [
              3390800,
              1765525
            ],
            [
              3390775,
              1765525
            ],
            [
              3390750,
              1765525
            ],
            [
              3390725,
              1765525
            ],
            [
              3390700,
              1765525
            ],
            [
              3390675,
              1765525
            ],
            [
              3390650,
              1765525
            ],
            [
              3390625,
              1765525
            ],
            [
              3390600,
              1765525
            ],
            [
              3390575,
              1765525
            ],
            [
              3390550,
              1765525
            ],
            [
              3390525,
              1765525
            ],
            [
              3390500,
              1765525
            ],
            [
              3390475,
              1765525
            ],
            [
              3390450,
              1765525
            ],
            [
              3390425,
              1765525
            ],
            [
              3390400,
              1765525
            ],
            [
              3390375,
              1765525
            ],
            [
              3390350,
              1765525
            ],
            [
              3390325,
              1765525
            ],
            [
              3390300,
              1765525
            ],
            [
              3390275,
              1765525
            ],
            [
              3390250,
              1765525
            ],
            [
              3390225,
              1765525
            ],
            [
              3390200,
              1765525
            ],
            [
              3390175,
              1765525
            ],
            [
              3390150,
              1765525
            ],
            [
              3390125,
              1765525
            ],
            [
              3390100,
              1765525
            ],
            [
              3390075,
              1765525
            ],
            [
              3390050,
              1765525
            ],
            [
              3390025,
              1765525
            ],
            [
              3390000,
              1765525
            ],
            [
              3389975,
              1765525
            ],
            [
              3389950,
              1765525
            ],
            [
              3389925,
              1765525
            ],
            [
              3389900,
              1765525
            ],
            [
              3389875,
              1765525
            ],
            [
              3389850,
              1765525
            ],
            [
              3389825,
              1765525
            ],
            [
              3389800,
              1765525
            ],
            [
              3389775,
              1765525
            ],
            [
              3389750,
              1765525
            ],
            [
              3389725,
              1765525
            ],
            [
              3389700,
              1765525
            ],
            [
              3389675,
              1765525
            ],
            [
              3389650,
              1765525
            ],
            [
              3389625,
              1765525
            ],
            [
              3389600,
              1765525
            ],
            [
              3389575,
              1765525
            ],
            [
              3389550,
              1765525
            ],
            [
              3389525,
              1765525
            ],
            [
              3389500,
              1765525
            ],
            [
              3389475,
              1765525
            ],
            [
              3389450,
              1765525
            ],
            [
              3389425,
              1765525
            ],
            [
              3389400,
              1765525
            ],
            [
              3389375,
              1765525
            ],
            [
              3389350,
              1765525
            ],
            [
              3389325,
              1765525
            ],
            [
              3389300,
              1765525
            ],
            [
              3389275,
              1765525
            ],
            [
              3389250,
              1765525
            ],
            [
              3389225,
              1765525
            ],
            [
              3389200,
              1765525
            ],
            [
              3389175,
              1765525
            ],
            [
              3389150,
              1765525
            ],
            [
              3389125,
              1765525
            ],
            [
              3389100,
              1765525
            ],
            [
              3389075,
              1765525
            ],
            [
              3389050,
              1765525
            ],
            [
              3389025,
              1765525
            ],
            [
              3389000,
              1765525
            ],
            [
              3388975,
              1765525
            ],
            [
              3388950,
              1765525
            ],
            [
              3388925,
              1765525
            ],
            [
              3388900,
              1765525
            ],
            [
              3388875,
              1765525
            ],
            [
              3388875,
              1765500
            ],
            [
              3388875,
              1765475
            ],
            [
              3388875,
              1765450
            ],
            [
              3388875,
              1765425
            ],
            [
              3388875,
              1765400
            ],
            [
              3388875,
              1765375
            ],
            [
              3388875,
              1765350
            ],
            [
              3388875,
              1765325
            ],
            [
              3388875,
              1765300
            ],
            [
              3388875,
              1765275
            ],
            [
              3388875,
              1765250
            ],
            [
              3388875,
              1765225
            ],
            [
              3388875,
              1765200
            ],
            [
              3388875,
              1765175
            ],
            [
              3388875,
              1765150
            ],
            [
              3388875,
              1765125
            ],
            [
              3388875,
              1765100
            ],
            [
              3388875,
              1765075
            ],
            [
              3388875,
              1765050
            ],
            [
              3388875,
              1765025
            ],
            [
              3388875,
              1765000
            ],
            [
              3388875,
              1764975
            ],
            [
              3388875,
              1764950
            ],
            [
              3388875,
              1764925
            ],
            [
              3388875,
              1764900
            ],
            [
              3388875,
              1764875
            ],
            [
              3388875,
              1764850
            ],
            [
              3388875,
              1764825
            ],
            [
              3388875,
              1764800
            ],
            [
              3388875,
              1764775
            ],
            [
              3388875,
              1764750
            ],
            [
              3388875,
              1764725
            ],
            [
              3388875,
              1764700
            ],
            [
              3388875,
              1764675
            ],
            [
              3388875,
              1764650
            ],
            [
              3388875,
              1764625
            ],
            [
              3388875,
              1764600
            ],
            [
              3388875,
              1764575
            ],
            [
              3388875,
              1764550
            ],
            [
              3388875,
              1764525
            ],
            [
              3388875,
              1764500
            ],
            [
              3388875,
              1764475
            ],
            [
              3388875,
              1764450
            ],
            [
              3388875,
              1764425
            ],
            [
              3388875,
              1764400
            ],
            [
              3388875,
              1764375
            ],
            [
              3388875,
              1764350
            ],
            [
              3388875,
              1764325
            ],
            [
              3388875,
              1764300
            ],
            [
              3388875,
              1764275
            ],
            [
              3388875,
              1764250
            ],
            [
              3388875,
              1764225
            ],
            [
              3388875,
              1764200
            ],
            [
              3388875,
              1764175
            ],
            [
              3388875,
              1764150
            ],
            [
              3388875,
              1764125
            ],
            [
              3388875,
              1764100
            ],
            [
              3388875,
              1764075
            ],
            [
              3388875,
              1764050
            ],
            [
              3388875,
              1764025
            ],
            [
              3388875,
              1764000
            ],
            [
              3388875,
              1763975
            ],
            [
              3388875,
              1763950
            ],
            [
              3388875,
              1763925
            ],
            [
              3388875,
              1763900
            ],
            [
              3388875,
              1763875
            ],
            [
              3388875,
              1763850
            ],
            [
              3388875,
              1763825
            ],
            [
              3388875,
              1763800
            ],
            [
              3388875,
              1763775
            ],
            [
              3388875,
              1763750
            ],
            [
              3388875,
              1763725
            ],
            [
              3388875,
              1763700
            ],
            [
              3388875,
              1763675
            ],
            [
              3388875,
              1763650
            ],
            [
              3388875,
              1763625
            ],
            [
              3388875,
              1763600
            ],
            [
              3388875,
              1763575
            ],
            [
              3388875,
              1763550
            ],
            [
              3388875,
              1763525
            ],
            [
              3388875,
              1763500
            ],
            [
              3388875,
              1763475
            ],
            [
              3388875,
              1763450
            ],
            [
              3388875,
              1763425
            ],
            [
              3388875,
              1763400
            ],
            [
              3388875,
              1763375
            ],
            [
              3388875,
              1763350
            ],
            [
              3388875,
              1763325
            ],
            [
              3388875,
              1763300
            ],
            [
              3388875,
              1763275
            ],
            [
              3388875,
              1763250
            ],
            [
              3388875,
              1763225
            ],
            [
              3388875,
              1763200
            ],
            [
              3388875,
              1763175
            ],
            [
              3388875,
              1763150
            ],
            [
              3388875,
              1763125
            ],
            [
              3388875,
              1763100
            ],
            [
              3388875,
              1763075
            ],
            [
              3388875,
              1763050
            ],
            [
              3388875,
              1763025
            ],
            [
              3388875,
              1763000
            ],
            [
              3388875,
              1762975
            ],
            [
              3388875,
              1762950
            ],
            [
              3388875,
              1762925
            ],
            [
              3388875,
              1762900
            ],
            [
              3388875,
              1762875
            ],
            [
              3388875,
              1762850
            ],
            [
              3388875,
              1762825
            ],
            [
              3388875,
              1762800
            ],
            [
              3388875,
              1762775
            ],
            [
              3388875,
              1762750
            ],
            [
              3388875,
              1762725
            ],
            [
              3388875,
              1762700
            ],
            [
              3388875,
              1762675
            ],
            [
              3388875,
              1762650
            ],
            [
              3388875,
              1762625
            ],
            [
              3388875,
              1762600
            ],
            [
              3388875,
              1762575
            ],
            [
              3388875,
              1762550
            ],
            [
              3388875,
              1762525
            ],
            [
              3388875,
              1762500
            ],
            [
              3388875,
              1762475
            ],
            [
              3388875,
              1762450
            ],
            [
              3388875,
              1762425
            ],
            [
              3388875,
              1762400
            ],
            [
              3388875,
              1762375
            ],
            [
              3388875,
              1762350
            ],
            [
              3388875,
              1762325
            ],
            [
              3388875,
              1762300
            ],
            [
              3388875,
              1762275
            ],
            [
              3388875,
              1762250
            ],
            [
              3388875,
              1762225
            ],
            [
              3388875,
              1762200
            ],
            [
              3388875,
              1762175
            ],
            [
              3388875,
              1762150
            ],
            [
              3388875,
              1762125
            ],
            [
              3388875,
              1762100
            ],
            [
              3388875,
              1762075
            ],
            [
              3388875,
              1762050
            ],
            [
              3388875,
              1762025
            ],
            [
              3388875,
              1762000
            ],
            [
              3388875,
              1761975
            ],
            [
              3388875,
              1761950
            ],
            [
              3388875,
              1761925
            ],
            [
              3388875,
              1761900
            ],
            [
              3388875,
              1761875
            ],
            [
              3388875,
              1761850
            ],
            [
              3388875,
              1761825
            ],
            [
              3388875,
              1761800
            ],
            [
              3388875,
              1761775
            ],
            [
              3388875,
              1761750
            ],
            [
              3388875,
              1761725
            ],
            [
              3388875,
              1761700
            ],
            [
              3388875,
              1761675
            ],
            [
              3388875,
              1761650
            ],
            [
              3388875,
              1761625
            ],
            [
              3388875,
              1761600
            ],
            [
              3388875,
              1761575
            ],
            [
              3388875,
              1761550
            ],
            [
              3388875,
              1761525
            ],
            [
              3388875,
              1761500
            ],
            [
              3388875,
              1761475
            ],
            [
              3388875,
              1761450
            ],
            [
              3388875,
              1761425
            ],
            [
              3388875,
              1761400
            ],
            [
              3388875,
              1761375
            ],
            [
              3388875,
              1761350
            ],
            [
              3388875,
              1761325
            ],
            [
              3388875,
              1761300
            ],
            [
              3388875,
              1761275
            ],
            [
              3388875,
              1761250
            ],
            [
              3388875,
              1761225
            ],
            [
              3388875,
              1761200
            ],
            [
              3388875,
              1761175
            ],
            [
              3388875,
              1761150
            ],
            [
              3388875,
              1761125
            ],
            [
              3388875,
              1761100
            ],
            [
              3388875,
              1761075
            ],
            [
              3388875,
              1761050
            ],
            [
              3388875,
              1761025
            ],
            [
              3388875,
              1761000
            ],
            [
              3388875,
              1760975
            ],
            [
              3388875,
              1760950
            ],
            [
              3388875,
              1760925
            ],
            [
              3388875,
              1760900
            ],
            [
              3388875,
              1760875
            ],
            [
              3388875,
              1760850
            ],
            [
              3388875,
              1760825
            ],
            [
              3388875,
              1760800
            ],
            [
              3388875,
              1760775
            ],
            [
              3388875,
              1760750
            ],
            [
              3388875,
              1760725
            ],
            [
              3388875,
              1760700
            ],
            [
              3388875,
              1760675
            ],
            [
              3388875,
              1760650
            ],
            [
              3388875,
              1760625
            ],
            [
              3388875,
              1760600
            ],
            [
              3388875,
              1760575
            ],
            [
              3388875,
              1760550
            ],
            [
              3388875,
              1760525
            ],
            [
              3388875,
              1760500
            ],
            [
              3388875,
              1760475
            ],
            [
              3388875,
              1760450
            ],
            [
              3388875,
              1760425
            ],
            [
              3388875,
              1760400
            ],
            [
              3388875,
              1760375
            ],
            [
              3388875,
              1760350
            ],
            [
              3388875,
              1760325
            ],
            [
              3388875,
              1760300
            ],
            [
              3388875,
              1760275
            ],
            [
              3388875,
              1760250
            ],
            [
              3388875,
              1760225
            ],
            [
              3388875,
              1760200
            ],
            [
              3388875,
              1760175
            ],
            [
              3388875,
              1760150
            ],
            [
              3388875,
              1760125
            ],
            [
              3388875,
              1760100
            ],
            [
              3388875,
              1760075
            ],
            [
              3388875,
              1760050
            ],
            [
              3388875,
              1760025
            ],
            [
              3388875,
              1760000
            ],
            [
              3388875,
              1759975
            ],
            [
              3388875,
              1759950
            ],
            [
              3388875,
              1759925
            ],
            [
              3388875,
              1759900
            ],
            [
              3388875,
              1759875
            ],
            [
              3388875,
              1759850
            ],
            [
              3388875,
              1759825
            ],
            [
              3388875,
              1759800
            ],
            [
              3388875,
              1759775
            ],
            [
              3388875,
              1759750
            ],
            [
              3388875,
              1759725
            ],
            [
              3388875,
              1759700
            ],
            [
              3388875,
              1759675
            ],
            [
              3388875,
              1759650
            ],
            [
              3388875,
              1759625
            ],
            [
              3388875,
              1759600
            ],
            [
              3388875,
              1759575
            ],
            [
              3388875,
              1759550
            ],
            [
              3388875,
              1759525
            ],
            [
              3388875,
              1759500
            ],
            [
              3388875,
              1759475
            ],
            [
              3388875,
              1759450
            ],
            [
              3388875,
              1759425
            ],
            [
              3388875,
              1759400
            ],
            [
              3388875,
              1759375
            ],
            [
              3388875,
              1759350
            ],
            [
              3388875,
              1759325
            ],
            [
              3388875,
              1759300
            ],
            [
              3388875,
              1759275
            ],
            [
              3388875,
              1759250
            ],
            [
              3388875,
              1759225
            ],
            [
              3388875,
              1759200
            ],
            [
              3388875,
              1759175
            ],
            [
              3388875,
              1759150
            ],
            [
              3388875,
              1759125
            ],
            [
              3388875,
              1759100
            ],
            [
              3388875,
              1759075
            ],
            [
              3388875,
              1759050
            ],
            [
              3388875,
              1759025
            ],
            [
              3388875,
              1759000
            ],
            [
              3388875,
              1758975
            ],
            [
              3388875,
              1758950
            ],
            [
              3388875,
              1758925
            ],
            [
              3388875,
              1758900
            ],
            [
              3388875,
              1758875
            ],
            [
              3388875,
              1758850
            ],
            [
              3388875,
              1758825
            ],
            [
              3388875,
              1758800
            ],
            [
              3388875,
              1758775
            ],
            [
              3388875,
              1758750
            ],
            [
              3388875,
              1758725
            ],
            [
              3388875,
              1758700
            ],
            [
              3388875,
              1758675
            ],
            [
              3388875,
              1758650
            ],
            [
              3388875,
              1758625
            ],
            [
              3388875,
              1758600
            ],
            [
              3388875,
              1758575
            ],
            [
              3388875,
              1758550
            ],
            [
              3388875,
              1758525
            ],
            [
              3388875,
              1758500
            ],
            [
              3388875,
              1758475
            ],
            [
              3388875,
              1758450
            ],
            [
              3388875,
              1758425
            ],
            [
              3388875,
              1758400
            ],
            [
              3388875,
              1758375
            ],
            [
              3388875,
              1758350
            ],
            [
              3388875,
              1758325
            ],
            [
              3388875,
              1758300
            ],
            [
              3388875,
              1758275
            ],
            [
              3388875,
              1758250
            ],
            [
              3388875,
              1758225
            ],
            [
              3388875,
              1758200
            ],
            [
              3388875,
              1758175
            ],
            [
              3388875,
              1758150
            ],
            [
              3388875,
              1758125
            ],
            [
              3388875,
              1758100
            ],
            [
              3388875,
              1758075
            ],
            [
              3388875,
              1758050
            ],
            [
              3388875,
              1758025
            ],
            [
              3388875,
              1758000
            ],
            [
              3388875,
              1757975
            ],
            [
              3388875,
              1757950
            ],
            [
              3388875,
              1757925
            ],
            [
              3388875,
              1757900
            ],
            [
              3388875,
              1757875
            ],
            [
              3388875,
              1757850
            ],
            [
              3388875,
              1757825
            ],
            [
              3388875,
              1757800
            ],
            [
              3388875,
              1757775
            ],
            [
              3388875,
              1757750
            ],
            [
              3388875,
              1757725
            ],
            [
              3388875,
              1757700
            ],
            [
              3388875,
              1757675
            ],
            [
              3388875,
              1757650
            ],
            [
              3388875,
              1757625
            ],
            [
              3388875,
              1757600
            ],
            [
              3388875,
              1757575
            ],
            [
              3388875,
              1757550
            ],
            [
              3388875,
              1757525
            ],
            [
              3388875,
              1757500
            ],
            [
              3388875,
              1757475
            ],
            [
              3388875,
              1757450
            ],
            [
              3388875,
              1757425
            ],
            [
              3388875,
              1757400
            ],
            [
              3388875,
              1757375
            ],
            [
              3388875,
              1757350
            ],
            [
              3388875,
              1757325
            ],
            [
              3388875,
              1757300
            ],
            [
              3388875,
              1757275
            ],
            [
              3388875,
              1757250
            ],
            [
              3388875,
              1757225
            ],
            [
              3388875,
              1757200
            ],
            [
              3388875,
              1757175
            ],
            [
              3388875,
              1757150
            ],
            [
              3388875,
              1757125
            ],
            [
              3388875,
              1757100
            ],
            [
              3388875,
              1757075
            ],
            [
              3388875,
              1757050
            ],
            [
              3388875,
              1757025
            ],
            [
              3388875,
              1757000
            ],
            [
              3388875,
              1756975
            ],
            [
              3388875,
              1756950
            ],
            [
              3388875,
              1756925
            ],
            [
              3388875,
              1756900
            ],
            [
              3388875,
              1756875
            ],
            [
              3388875,
              1756850
            ],
            [
              3388875,
              1756825
            ],
            [
              3388875,
              1756800
            ],
            [
              3388875,
              1756775
            ],
            [
              3388875,
              1756750
            ],
            [
              3388875,
              1756725
            ],
            [
              3388875,
              1756700
            ],
            [
              3388875,
              1756675
            ],
            [
              3388875,
              1756650
            ],
            [
              3388875,
              1756625
            ],
            [
              3388875,
              1756600
            ],
            [
              3388875,
              1756575
            ],
            [
              3388875,
              1756550
            ],
            [
              3388875,
              1756525
            ],
            [
              3388875,
              1756500
            ],
            [
              3388875,
              1756475
            ],
            [
              3388875,
              1756450
            ],
            [
              3388875,
              1756425
            ],
            [
              3388875,
              1756400
            ],
            [
              3388875,
              1756375
            ],
            [
              3388875,
              1756350
            ],
            [
              3388875,
              1756325
            ],
            [
              3388875,
              1756300
            ],
            [
              3388875,
              1756275
            ],
            [
              3388875,
              1756250
            ],
            [
              3388875,
              1756225
            ],
            [
              3388875,
              1756200
            ],
            [
              3388875,
              1756175
            ],
            [
              3388875,
              1756150
            ],
            [
              3388875,
              1756125
            ],
            [
              3388875,
              1756100
            ],
            [
              3388875,
              1756075
            ],
            [
              3388875,
              1756050
            ],
            [
              3388875,
              1756025
            ],
            [
              3388875,
              1756000
            ],
            [
              3388875,
              1755975
            ],
            [
              3388875,
              1755950
            ],
            [
              3388875,
              1755925
            ],
            [
              3388875,
              1755900
            ],
            [
              3388875,
              1755875
            ],
            [
              3388875,
              1755850
            ],
            [
              3388875,
              1755825
            ],
            [
              3388875,
              1755800
            ],
            [
              3388875,
              1755775
            ],
            [
              3388875,
              1755750
            ],
            [
              3388875,
              1755725
            ],
            [
              3388875,
              1755700
            ],
            [
              3388875,
              1755675
            ],
            [
              3388875,
              1755650
            ],
            [
              3388875,
              1755625
            ],
            [
              3388875,
              1755600
            ],
            [
              3388875,
              1755575
            ],
            [
              3388875,
              1755550
            ],
            [
              3388875,
              1755525
            ],
            [
              3388875,
              1755500
            ],
            [
              3388875,
              1755475
            ],
            [
              3388875,
              1755450
            ],
            [
              3388875,
              1755425
            ],
            [
              3388875,
              1755400
            ],
            [
              3388875,
              1755375
            ],
            [
              3388875,
              1755350
            ],
            [
              3388875,
              1755325
            ],
            [
              3388875,
              1755300
            ],
            [
              3388875,
              1755275
            ],
            [
              3388875,
              1755250
            ],
            [
              3388875,
              1755225
            ],
            [
              3388875,
              1755200
            ],
            [
              3388875,
              1755175
            ],
            [
              3388875,
              1755150
            ],
            [
              3388875,
              1755125
            ],
            [
              3388875,
              1755100
            ],
            [
              3388875,
              1755075
            ],
            [
              3388875,
              1755050
            ],
            [
              3388875,
              1755025
            ],
            [
              3388875,
              1755000
            ],
            [
              3388875,
              1754975
            ],
            [
              3388875,
              1754950
            ],
            [
              3388875,
              1754925
            ],
            [
              3388875,
              1754900
            ],
            [
              3388875,
              1754875
            ],
            [
              3388875,
              1754850
            ],
            [
              3388875,
              1754825
            ],
            [
              3388875,
              1754800
            ],
            [
              3388875,
              1754775
            ],
            [
              3388875,
              1754750
            ],
            [
              3388875,
              1754725
            ],
            [
              3388875,
              1754700
            ],
            [
              3388875,
              1754675
            ],
            [
              3388875,
              1754650
            ],
            [
              3388875,
              1754625
            ],
            [
              3388875,
              1754600
            ],
            [
              3388875,
              1754575
            ],
            [
              3388875,
              1754550
            ],
            [
              3388875,
              1754525
            ],
            [
              3388875,
              1754500
            ],
            [
              3388875,
              1754475
            ],
            [
              3388875,
              1754450
            ],
            [
              3388875,
              1754425
            ],
            [
              3388875,
              1754400
            ],
            [
              3388875,
              1754375
            ],
            [
              3388875,
              1754350
            ],
            [
              3388875,
              1754325
            ],
            [
              3388875,
              1754300
            ],
            [
              3388875,
              1754275
            ],
            [
              3388875,
              1754250
            ],
            [
              3388875,
              1754225
            ],
            [
              3388875,
              1754200
            ],
            [
              3388875,
              1754175
            ],
            [
              3388875,
              1754150
            ],
            [
              3388875,
              1754125
            ],
            [
              3388875,
              1754100
            ],
            [
              3388875,
              1754075
            ],
            [
              3388875,
              1754050
            ],
            [
              3388875,
              1754025
            ],
            [
              3388875,
              1754000
            ],
            [
              3388875,
              1753975
            ],
            [
              3388875,
              1753950
            ],
            [
              3388875,
              1753925
            ],
            [
              3388875,
              1753900
            ],
            [
              3388875,
              1753875
            ],
            [
              3388875,
              1753850
            ],
            [
              3388875,
              1753825
            ],
            [
              3388875,
              1753800
            ],
            [
              3388875,
              1753775
            ],
            [
              3388875,
              1753750
            ],
            [
              3388875,
              1753725
            ],
            [
              3388875,
              1753700
            ],
            [
              3388875,
              1753675
            ],
            [
              3388875,
              1753650
            ],
            [
              3388875,
              1753625
            ],
            [
              3388875,
              1753600
            ],
            [
              3388875,
              1753575
            ],
            [
              3388875,
              1753550
            ],
            [
              3388875,
              1753525
            ],
            [
              3388875,
              1753500
            ],
            [
              3388875,
              1753475
            ],
            [
              3388875,
              1753450
            ],
            [
              3388875,
              1753425
            ],
            [
              3388875,
              1753400
            ],
            [
              3388875,
              1753375
            ],
            [
              3388875,
              1753350
            ],
            [
              3388875,
              1753325
            ],
            [
              3388875,
              1753300
            ],
            [
              3388875,
              1753275
            ],
            [
              3388875,
              1753250
            ],
            [
              3388875,
              1753225
            ],
            [
              3388875,
              1753200
            ],
            [
              3388875,
              1753175
            ],
            [
              3388875,
              1753150
            ],
            [
              3388875,
              1753125
            ],
            [
              3388875,
              1753100
            ],
            [
              3388875,
              1753075
            ],
            [
              3388875,
              1753050
            ],
            [
              3388875,
              1753025
            ],
            [
              3388875,
              1753000
            ],
            [
              3388875,
              1752975
            ],
            [
              3388875,
              1752950
            ],
            [
              3388875,
              1752925
            ],
            [
              3388875,
              1752900
            ],
            [
              3388875,
              1752875
            ],
            [
              3388875,
              1752850
            ],
            [
              3388875,
              1752825
            ],
            [
              3388875,
              1752800
            ],
            [
              3388875,
              1752775
            ],
            [
              3388875,
              1752750
            ],
            [
              3388875,
              1752725
            ],
            [
              3388875,
              1752700
            ],
            [
              3388875,
              1752675
            ],
            [
              3388875,
              1752650
            ],
            [
              3388875,
              1752625
            ],
            [
              3388875,
              1752600
            ],
            [
              3388875,
              1752575
            ],
            [
              3388875,
              1752550
            ],
            [
              3388875,
              1752525
            ],
            [
              3388875,
              1752500
            ],
            [
              3388875,
              1752475
            ],
            [
              3388875,
              1752450
            ],
            [
              3388875,
              1752425
            ],
            [
              3388875,
              1752400
            ],
            [
              3388875,
              1752375
            ],
            [
              3388875,
              1752350
            ],
            [
              3388875,
              1752325
            ],
            [
              3388875,
              1752300
            ],
            [
              3388875,
              1752275
            ],
            [
              3388875,
              1752250
            ],
            [
              3388875,
              1752225
            ],
            [
              3388875,
              1752200
            ],
            [
              3388875,
              1752175
            ],
            [
              3388875,
              1752150
            ],
            [
              3388875,
              1752125
            ],
            [
              3388875,
              1752100
            ],
            [
              3388875,
              1752075
            ],
            [
              3388875,
              1752050
            ],
            [
              3388875,
              1752025
            ],
            [
              3388875,
              1752000
            ],
            [
              3388875,
              1751975
            ],
            [
              3388875,
              1751950
            ],
            [
              3388875,
              1751925
            ],
            [
              3388875,
              1751900
            ],
            [
              3388875,
              1751875
            ],
            [
              3388875,
              1751850
            ],
            [
              3388875,
              1751825
            ],
            [
              3388875,
              1751800
            ],
            [
              3388875,
              1751775
            ],
            [
              3388875,
              1751750
            ],
            [
              3388875,
              1751725
            ],
            [
              3388875,
              1751700
            ],
            [
              3388875,
              1751675
            ],
            [
              3388875,
              1751650
            ],
            [
              3388875,
              1751625
            ],
            [
              3388875,
              1751600
            ],
            [
              3388875,
              1751575
            ],
            [
              3388875,
              1751550
            ],
            [
              3388875,
              1751525
            ],
            [
              3388875,
              1751500
            ],
            [
              3388875,
              1751475
            ],
            [
              3388875,
              1751450
            ],
            [
              3388875,
              1751425
            ],
            [
              3388875,
              1751400
            ],
            [
              3388875,
              1751375
            ],
            [
              3388875,
              1751350
            ],
            [
              3388875,
              1751325
            ],
            [
              3388875,
              1751300
            ],
            [
              3388875,
              1751275
            ],
            [
              3388875,
              1751250
            ],
            [
              3388875,
              1751225
            ],
            [
              3388875,
              1751200
            ],
            [
              3388875,
              1751175
            ],
            [
              3388875,
              1751150
            ],
            [
              3388875,
              1751125
            ],
            [
              3388875,
              1751100
            ],
            [
              3388875,
              1751075
            ],
            [
              3388875,
              1751050
            ],
            [
              3388875,
              1751025
            ]
          ]
        ]
      }
    },
    {
      "type": "Feature",
      "id": "land-1",
      "properties": {
        "settlementId": "es-alicante",
        "kind": "land",
        "clippedByCoverage": false,
        "boundarySourceViewportIds": [
          "tv-epsg3035-25-w135555-s70041-c779-r580",
          "tv-epsg3035-25-w135555-s70078-c486-r366"
        ]
      },
      "geometry": {
        "type": "Polygon",
        "coordinates": [
          [
            [
              3400175,
              1756400
            ],
            [
              3400200,
              1756400
            ],
            [
              3400200,
              1756425
            ],
            [
              3400200,
              1756450
            ],
            [
              3400175,
              1756450
            ],
            [
              3400175,
              1756425
            ],
            [
              3400175,
              1756400
            ]
          ]
        ]
      }
    },
    {
      "type": "Feature",
      "id": "land-2",
      "properties": {
        "settlementId": "es-alicante",
        "kind": "land",
        "clippedByCoverage": false,
        "boundarySourceViewportIds": [
          "tv-epsg3035-25-w135555-s70041-c779-r580",
          "tv-epsg3035-25-w135930-s70270-c188-r240",
          "tv-epsg3035-25-w135966-s70317-c173-r152",
          "tv-epsg3035-25-w136018-s70313-c314-r237"
        ]
      },
      "geometry": {
        "type": "Polygon",
        "coordinates": [
          [
            [
              3401050,
              1757525
            ],
            [
              3401075,
              1757525
            ],
            [
              3401100,
              1757525
            ],
            [
              3401100,
              1757550
            ],
            [
              3401125,
              1757550
            ],
            [
              3401150,
              1757550
            ],
            [
              3401150,
              1757575
            ],
            [
              3401175,
              1757575
            ],
            [
              3401175,
              1757600
            ],
            [
              3401200,
              1757600
            ],
            [
              3401225,
              1757600
            ],
            [
              3401225,
              1757625
            ],
            [
              3401250,
              1757625
            ],
            [
              3401250,
              1757650
            ],
            [
              3401275,
              1757650
            ],
            [
              3401275,
              1757675
            ],
            [
              3401300,
              1757675
            ],
            [
              3401300,
              1757700
            ],
            [
              3401325,
              1757700
            ],
            [
              3401350,
              1757700
            ],
            [
              3401350,
              1757725
            ],
            [
              3401375,
              1757725
            ],
            [
              3401375,
              1757750
            ],
            [
              3401400,
              1757750
            ],
            [
              3401400,
              1757775
            ],
            [
              3401425,
              1757775
            ],
            [
              3401450,
              1757775
            ],
            [
              3401450,
              1757800
            ],
            [
              3401475,
              1757800
            ],
            [
              3401475,
              1757825
            ],
            [
              3401500,
              1757825
            ],
            [
              3401525,
              1757825
            ],
            [
              3401525,
              1757850
            ],
            [
              3401550,
              1757850
            ],
            [
              3401550,
              1757875
            ],
            [
              3401575,
              1757875
            ],
            [
              3401600,
              1757875
            ],
            [
              3401600,
              1757900
            ],
            [
              3401625,
              1757900
            ],
            [
              3401625,
              1757925
            ],
            [
              3401650,
              1757925
            ],
            [
              3401650,
              1757950
            ],
            [
              3401675,
              1757950
            ],
            [
              3401675,
              1757975
            ],
            [
              3401675,
              1758000
            ],
            [
              3401700,
              1758000
            ],
            [
              3401725,
              1758000
            ],
            [
              3401725,
              1758025
            ],
            [
              3401700,
              1758025
            ],
            [
              3401675,
              1758025
            ],
            [
              3401650,
              1758025
            ],
            [
              3401650,
              1758000
            ],
            [
              3401625,
              1758000
            ],
            [
              3401625,
              1757975
            ],
            [
              3401600,
              1757975
            ],
            [
              3401600,
              1757950
            ],
            [
              3401575,
              1757950
            ],
            [
              3401575,
              1757925
            ],
            [
              3401550,
              1757925
            ],
            [
              3401525,
              1757925
            ],
            [
              3401525,
              1757900
            ],
            [
              3401500,
              1757900
            ],
            [
              3401500,
              1757875
            ],
            [
              3401500,
              1757850
            ],
            [
              3401475,
              1757850
            ],
            [
              3401450,
              1757850
            ],
            [
              3401425,
              1757850
            ],
            [
              3401425,
              1757825
            ],
            [
              3401400,
              1757825
            ],
            [
              3401400,
              1757800
            ],
            [
              3401375,
              1757800
            ],
            [
              3401375,
              1757775
            ],
            [
              3401350,
              1757775
            ],
            [
              3401350,
              1757750
            ],
            [
              3401325,
              1757750
            ],
            [
              3401300,
              1757750
            ],
            [
              3401300,
              1757725
            ],
            [
              3401275,
              1757725
            ],
            [
              3401275,
              1757700
            ],
            [
              3401250,
              1757700
            ],
            [
              3401250,
              1757675
            ],
            [
              3401225,
              1757675
            ],
            [
              3401200,
              1757675
            ],
            [
              3401200,
              1757650
            ],
            [
              3401175,
              1757650
            ],
            [
              3401175,
              1757625
            ],
            [
              3401150,
              1757625
            ],
            [
              3401150,
              1757600
            ],
            [
              3401125,
              1757600
            ],
            [
              3401100,
              1757600
            ],
            [
              3401100,
              1757575
            ],
            [
              3401075,
              1757575
            ],
            [
              3401075,
              1757550
            ],
            [
              3401050,
              1757550
            ],
            [
              3401050,
              1757525
            ]
          ]
        ]
      }
    },
    {
      "type": "Feature",
      "id": "land-3",
      "properties": {
        "settlementId": "es-alicante",
        "kind": "land",
        "clippedByCoverage": false,
        "boundarySourceViewportIds": [
          "tv-epsg3035-25-w135555-s70041-c779-r580",
          "tv-epsg3035-25-w135930-s70270-c188-r240",
          "tv-epsg3035-25-w135966-s70317-c173-r152",
          "tv-epsg3035-25-w136018-s70313-c314-r237"
        ]
      },
      "geometry": {
        "type": "Polygon",
        "coordinates": [
          [
            [
              3401725,
              1758025
            ],
            [
              3401750,
              1758025
            ],
            [
              3401750,
              1758050
            ],
            [
              3401725,
              1758050
            ],
            [
              3401725,
              1758025
            ]
          ]
        ]
      }
    },
    {
      "type": "Feature",
      "id": "land-4",
      "properties": {
        "settlementId": "es-alicante",
        "kind": "land",
        "clippedByCoverage": false,
        "boundarySourceViewportIds": [
          "tv-epsg3035-25-w135555-s70041-c779-r580",
          "tv-epsg3035-25-w135892-s70323-c208-r201",
          "tv-epsg3035-25-w135930-s70270-c188-r240",
          "tv-epsg3035-25-w135966-s70317-c173-r152",
          "tv-epsg3035-25-w136018-s70313-c314-r237"
        ]
      },
      "geometry": {
        "type": "Polygon",
        "coordinates": [
          [
            [
              3401750,
              1758050
            ],
            [
              3401775,
              1758050
            ],
            [
              3401800,
              1758050
            ],
            [
              3401800,
              1758075
            ],
            [
              3401825,
              1758075
            ],
            [
              3401850,
              1758075
            ],
            [
              3401875,
              1758075
            ],
            [
              3401875,
              1758100
            ],
            [
              3401875,
              1758125
            ],
            [
              3401875,
              1758150
            ],
            [
              3401875,
              1758175
            ],
            [
              3401900,
              1758175
            ],
            [
              3401900,
              1758200
            ],
            [
              3401875,
              1758200
            ],
            [
              3401875,
              1758225
            ],
            [
              3401875,
              1758250
            ],
            [
              3401850,
              1758250
            ],
            [
              3401850,
              1758225
            ],
            [
              3401825,
              1758225
            ],
            [
              3401825,
              1758200
            ],
            [
              3401825,
              1758175
            ],
            [
              3401825,
              1758150
            ],
            [
              3401825,
              1758125
            ],
            [
              3401800,
              1758125
            ],
            [
              3401800,
              1758100
            ],
            [
              3401775,
              1758100
            ],
            [
              3401775,
              1758075
            ],
            [
              3401750,
              1758075
            ],
            [
              3401750,
              1758050
            ]
          ]
        ]
      }
    },
    {
      "type": "Feature",
      "id": "coastline",
      "properties": {
        "settlementId": "es-alicante",
        "kind": "coastline",
        "clippedByCoverage": false,
        "boundarySourceViewportIds": [
          "tv-epsg3035-25-w135555-s70041-c779-r580",
          "tv-epsg3035-25-w135555-s70078-c486-r366",
          "tv-epsg3035-25-w135892-s70323-c208-r201",
          "tv-epsg3035-25-w135930-s70270-c188-r240",
          "tv-epsg3035-25-w135966-s70317-c173-r152",
          "tv-epsg3035-25-w136007-s70342-c204-r221",
          "tv-epsg3035-25-w136018-s70313-c314-r237"
        ]
      },
      "geometry": {
        "type": "MultiLineString",
        "coordinates": [
          [
            [
              3397375,
              1751025
            ],
            [
              3397375,
              1751050
            ]
          ],
          [
            [
              3397375,
              1751050
            ],
            [
              3397375,
              1751075
            ]
          ],
          [
            [
              3397375,
              1751075
            ],
            [
              3397375,
              1751100
            ]
          ],
          [
            [
              3397375,
              1751100
            ],
            [
              3397375,
              1751125
            ]
          ],
          [
            [
              3397375,
              1751125
            ],
            [
              3397375,
              1751150
            ]
          ],
          [
            [
              3397375,
              1751150
            ],
            [
              3397375,
              1751175
            ]
          ],
          [
            [
              3397375,
              1751175
            ],
            [
              3397375,
              1751200
            ]
          ],
          [
            [
              3397375,
              1751200
            ],
            [
              3397375,
              1751225
            ]
          ],
          [
            [
              3397375,
              1751225
            ],
            [
              3397375,
              1751250
            ]
          ],
          [
            [
              3397375,
              1751250
            ],
            [
              3397375,
              1751275
            ]
          ],
          [
            [
              3397375,
              1751275
            ],
            [
              3397375,
              1751300
            ]
          ],
          [
            [
              3397375,
              1751300
            ],
            [
              3397375,
              1751325
            ]
          ],
          [
            [
              3397375,
              1751325
            ],
            [
              3397375,
              1751350
            ]
          ],
          [
            [
              3397375,
              1751350
            ],
            [
              3397375,
              1751375
            ]
          ],
          [
            [
              3397375,
              1751375
            ],
            [
              3397375,
              1751400
            ]
          ],
          [
            [
              3397375,
              1751400
            ],
            [
              3397375,
              1751425
            ]
          ],
          [
            [
              3397375,
              1751425
            ],
            [
              3397375,
              1751450
            ]
          ],
          [
            [
              3397375,
              1751450
            ],
            [
              3397375,
              1751475
            ]
          ],
          [
            [
              3397375,
              1751475
            ],
            [
              3397375,
              1751500
            ]
          ],
          [
            [
              3397375,
              1751500
            ],
            [
              3397375,
              1751525
            ]
          ],
          [
            [
              3397375,
              1751525
            ],
            [
              3397400,
              1751525
            ]
          ],
          [
            [
              3397400,
              1751525
            ],
            [
              3397400,
              1751550
            ]
          ],
          [
            [
              3397400,
              1751550
            ],
            [
              3397400,
              1751575
            ]
          ],
          [
            [
              3397400,
              1751575
            ],
            [
              3397400,
              1751600
            ]
          ],
          [
            [
              3397400,
              1751600
            ],
            [
              3397400,
              1751625
            ]
          ],
          [
            [
              3397400,
              1751625
            ],
            [
              3397400,
              1751650
            ]
          ],
          [
            [
              3397400,
              1751650
            ],
            [
              3397400,
              1751675
            ]
          ],
          [
            [
              3397400,
              1751675
            ],
            [
              3397400,
              1751700
            ]
          ],
          [
            [
              3397400,
              1751700
            ],
            [
              3397400,
              1751725
            ]
          ],
          [
            [
              3397400,
              1751725
            ],
            [
              3397400,
              1751750
            ]
          ],
          [
            [
              3397400,
              1751750
            ],
            [
              3397400,
              1751775
            ]
          ],
          [
            [
              3397400,
              1751775
            ],
            [
              3397400,
              1751800
            ]
          ],
          [
            [
              3397400,
              1751800
            ],
            [
              3397400,
              1751825
            ]
          ],
          [
            [
              3397400,
              1751825
            ],
            [
              3397400,
              1751850
            ]
          ],
          [
            [
              3397400,
              1751850
            ],
            [
              3397400,
              1751875
            ]
          ],
          [
            [
              3397400,
              1751875
            ],
            [
              3397400,
              1751900
            ]
          ],
          [
            [
              3397400,
              1751900
            ],
            [
              3397400,
              1751925
            ]
          ],
          [
            [
              3397400,
              1751925
            ],
            [
              3397425,
              1751925
            ]
          ],
          [
            [
              3397425,
              1751925
            ],
            [
              3397425,
              1751950
            ]
          ],
          [
            [
              3397425,
              1751950
            ],
            [
              3397425,
              1751975
            ]
          ],
          [
            [
              3397425,
              1751975
            ],
            [
              3397425,
              1752000
            ]
          ],
          [
            [
              3397425,
              1752000
            ],
            [
              3397425,
              1752025
            ]
          ],
          [
            [
              3397425,
              1752025
            ],
            [
              3397425,
              1752050
            ]
          ],
          [
            [
              3397425,
              1752050
            ],
            [
              3397425,
              1752075
            ]
          ],
          [
            [
              3397425,
              1752075
            ],
            [
              3397425,
              1752100
            ]
          ],
          [
            [
              3397425,
              1752100
            ],
            [
              3397425,
              1752125
            ]
          ],
          [
            [
              3397425,
              1752125
            ],
            [
              3397425,
              1752150
            ]
          ],
          [
            [
              3397425,
              1752150
            ],
            [
              3397425,
              1752175
            ]
          ],
          [
            [
              3397425,
              1752175
            ],
            [
              3397425,
              1752200
            ]
          ],
          [
            [
              3397425,
              1752200
            ],
            [
              3397425,
              1752225
            ]
          ],
          [
            [
              3397425,
              1752225
            ],
            [
              3397425,
              1752250
            ]
          ],
          [
            [
              3397425,
              1752250
            ],
            [
              3397425,
              1752275
            ]
          ],
          [
            [
              3397425,
              1752275
            ],
            [
              3397425,
              1752300
            ]
          ],
          [
            [
              3397425,
              1752300
            ],
            [
              3397425,
              1752325
            ]
          ],
          [
            [
              3397425,
              1752325
            ],
            [
              3397450,
              1752325
            ]
          ],
          [
            [
              3397450,
              1752325
            ],
            [
              3397450,
              1752350
            ]
          ],
          [
            [
              3397450,
              1752350
            ],
            [
              3397450,
              1752375
            ]
          ],
          [
            [
              3397450,
              1752375
            ],
            [
              3397450,
              1752400
            ]
          ],
          [
            [
              3397450,
              1752400
            ],
            [
              3397450,
              1752425
            ]
          ],
          [
            [
              3397450,
              1752425
            ],
            [
              3397450,
              1752450
            ]
          ],
          [
            [
              3397450,
              1752450
            ],
            [
              3397450,
              1752475
            ]
          ],
          [
            [
              3397450,
              1752475
            ],
            [
              3397450,
              1752500
            ]
          ],
          [
            [
              3397450,
              1752500
            ],
            [
              3397450,
              1752525
            ]
          ],
          [
            [
              3397450,
              1752525
            ],
            [
              3397475,
              1752525
            ]
          ],
          [
            [
              3397475,
              1752525
            ],
            [
              3397475,
              1752550
            ]
          ],
          [
            [
              3397475,
              1752550
            ],
            [
              3397475,
              1752575
            ]
          ],
          [
            [
              3397475,
              1752575
            ],
            [
              3397475,
              1752600
            ]
          ],
          [
            [
              3397475,
              1752600
            ],
            [
              3397475,
              1752625
            ]
          ],
          [
            [
              3397475,
              1752625
            ],
            [
              3397475,
              1752650
            ]
          ],
          [
            [
              3397475,
              1752650
            ],
            [
              3397475,
              1752675
            ]
          ],
          [
            [
              3397475,
              1752675
            ],
            [
              3397475,
              1752700
            ]
          ],
          [
            [
              3397475,
              1752700
            ],
            [
              3397475,
              1752725
            ]
          ],
          [
            [
              3397475,
              1752725
            ],
            [
              3397500,
              1752725
            ]
          ],
          [
            [
              3397500,
              1752725
            ],
            [
              3397500,
              1752750
            ]
          ],
          [
            [
              3397500,
              1752750
            ],
            [
              3397500,
              1752775
            ]
          ],
          [
            [
              3397500,
              1752775
            ],
            [
              3397500,
              1752800
            ]
          ],
          [
            [
              3397500,
              1752800
            ],
            [
              3397500,
              1752825
            ]
          ],
          [
            [
              3397500,
              1752825
            ],
            [
              3397500,
              1752850
            ]
          ],
          [
            [
              3397500,
              1752850
            ],
            [
              3397500,
              1752875
            ]
          ],
          [
            [
              3397500,
              1752875
            ],
            [
              3397500,
              1752900
            ]
          ],
          [
            [
              3397500,
              1752900
            ],
            [
              3397500,
              1752925
            ]
          ],
          [
            [
              3397500,
              1752925
            ],
            [
              3397525,
              1752925
            ]
          ],
          [
            [
              3397525,
              1752925
            ],
            [
              3397525,
              1752950
            ]
          ],
          [
            [
              3397525,
              1752950
            ],
            [
              3397525,
              1752975
            ]
          ],
          [
            [
              3397525,
              1752975
            ],
            [
              3397525,
              1753000
            ]
          ],
          [
            [
              3397525,
              1753000
            ],
            [
              3397525,
              1753025
            ]
          ],
          [
            [
              3397525,
              1753025
            ],
            [
              3397525,
              1753050
            ]
          ],
          [
            [
              3397525,
              1753050
            ],
            [
              3397525,
              1753075
            ]
          ],
          [
            [
              3397525,
              1753075
            ],
            [
              3397525,
              1753100
            ]
          ],
          [
            [
              3397525,
              1753100
            ],
            [
              3397525,
              1753125
            ]
          ],
          [
            [
              3397525,
              1753125
            ],
            [
              3397550,
              1753125
            ]
          ],
          [
            [
              3397550,
              1753125
            ],
            [
              3397550,
              1753150
            ]
          ],
          [
            [
              3397550,
              1753150
            ],
            [
              3397550,
              1753175
            ]
          ],
          [
            [
              3397550,
              1753175
            ],
            [
              3397550,
              1753200
            ]
          ],
          [
            [
              3397550,
              1753200
            ],
            [
              3397550,
              1753225
            ]
          ],
          [
            [
              3397550,
              1753225
            ],
            [
              3397550,
              1753250
            ]
          ],
          [
            [
              3397550,
              1753250
            ],
            [
              3397550,
              1753275
            ]
          ],
          [
            [
              3397550,
              1753275
            ],
            [
              3397550,
              1753300
            ]
          ],
          [
            [
              3397550,
              1753300
            ],
            [
              3397550,
              1753325
            ]
          ],
          [
            [
              3397550,
              1753325
            ],
            [
              3397575,
              1753325
            ]
          ],
          [
            [
              3397575,
              1753325
            ],
            [
              3397575,
              1753350
            ]
          ],
          [
            [
              3397575,
              1753350
            ],
            [
              3397575,
              1753375
            ]
          ],
          [
            [
              3397575,
              1753375
            ],
            [
              3397575,
              1753400
            ]
          ],
          [
            [
              3397575,
              1753400
            ],
            [
              3397575,
              1753425
            ]
          ],
          [
            [
              3397575,
              1753425
            ],
            [
              3397575,
              1753450
            ]
          ],
          [
            [
              3397575,
              1753450
            ],
            [
              3397575,
              1753475
            ]
          ],
          [
            [
              3397575,
              1753475
            ],
            [
              3397575,
              1753500
            ]
          ],
          [
            [
              3397575,
              1753500
            ],
            [
              3397575,
              1753525
            ]
          ],
          [
            [
              3397575,
              1753525
            ],
            [
              3397575,
              1753550
            ]
          ],
          [
            [
              3397575,
              1753550
            ],
            [
              3397575,
              1753575
            ]
          ],
          [
            [
              3397575,
              1753575
            ],
            [
              3397575,
              1753600
            ]
          ],
          [
            [
              3397575,
              1753600
            ],
            [
              3397575,
              1753625
            ]
          ],
          [
            [
              3397575,
              1753625
            ],
            [
              3397575,
              1753650
            ]
          ],
          [
            [
              3397575,
              1753650
            ],
            [
              3397575,
              1753675
            ]
          ],
          [
            [
              3397575,
              1753675
            ],
            [
              3397575,
              1753700
            ]
          ],
          [
            [
              3397575,
              1753700
            ],
            [
              3397575,
              1753725
            ]
          ],
          [
            [
              3397575,
              1753725
            ],
            [
              3397600,
              1753725
            ]
          ],
          [
            [
              3397600,
              1753725
            ],
            [
              3397600,
              1753750
            ]
          ],
          [
            [
              3397600,
              1753750
            ],
            [
              3397600,
              1753775
            ]
          ],
          [
            [
              3397600,
              1753775
            ],
            [
              3397600,
              1753800
            ]
          ],
          [
            [
              3397600,
              1753800
            ],
            [
              3397600,
              1753825
            ]
          ],
          [
            [
              3397600,
              1753825
            ],
            [
              3397600,
              1753850
            ]
          ],
          [
            [
              3397600,
              1753850
            ],
            [
              3397625,
              1753850
            ]
          ],
          [
            [
              3397625,
              1753850
            ],
            [
              3397625,
              1753875
            ]
          ],
          [
            [
              3397625,
              1753875
            ],
            [
              3397625,
              1753900
            ]
          ],
          [
            [
              3397625,
              1753900
            ],
            [
              3397625,
              1753925
            ]
          ],
          [
            [
              3397625,
              1753925
            ],
            [
              3397625,
              1753950
            ]
          ],
          [
            [
              3397625,
              1753950
            ],
            [
              3397650,
              1753950
            ]
          ],
          [
            [
              3397650,
              1753950
            ],
            [
              3397650,
              1753975
            ]
          ],
          [
            [
              3397650,
              1753975
            ],
            [
              3397650,
              1754000
            ]
          ],
          [
            [
              3397650,
              1754000
            ],
            [
              3397650,
              1754025
            ]
          ],
          [
            [
              3397650,
              1754025
            ],
            [
              3397650,
              1754050
            ]
          ],
          [
            [
              3397650,
              1754050
            ],
            [
              3397650,
              1754075
            ]
          ],
          [
            [
              3397650,
              1754075
            ],
            [
              3397650,
              1754100
            ]
          ],
          [
            [
              3397650,
              1754100
            ],
            [
              3397650,
              1754125
            ]
          ],
          [
            [
              3397650,
              1754125
            ],
            [
              3397675,
              1754125
            ]
          ],
          [
            [
              3397675,
              1754125
            ],
            [
              3397675,
              1754150
            ]
          ],
          [
            [
              3397675,
              1754150
            ],
            [
              3397675,
              1754175
            ]
          ],
          [
            [
              3397675,
              1754175
            ],
            [
              3397675,
              1754200
            ]
          ],
          [
            [
              3397675,
              1754200
            ],
            [
              3397675,
              1754225
            ]
          ],
          [
            [
              3397675,
              1754225
            ],
            [
              3397675,
              1754250
            ]
          ],
          [
            [
              3397675,
              1754250
            ],
            [
              3397675,
              1754275
            ]
          ],
          [
            [
              3397675,
              1754275
            ],
            [
              3397675,
              1754300
            ]
          ],
          [
            [
              3397675,
              1754300
            ],
            [
              3397700,
              1754300
            ]
          ],
          [
            [
              3397700,
              1754300
            ],
            [
              3397700,
              1754325
            ]
          ],
          [
            [
              3397700,
              1754325
            ],
            [
              3397700,
              1754350
            ]
          ],
          [
            [
              3397700,
              1754350
            ],
            [
              3397725,
              1754350
            ]
          ],
          [
            [
              3397725,
              1754350
            ],
            [
              3397725,
              1754375
            ]
          ],
          [
            [
              3397725,
              1754375
            ],
            [
              3397750,
              1754375
            ]
          ],
          [
            [
              3397750,
              1754375
            ],
            [
              3397750,
              1754400
            ]
          ],
          [
            [
              3397750,
              1754400
            ],
            [
              3397750,
              1754425
            ]
          ],
          [
            [
              3397750,
              1754425
            ],
            [
              3397750,
              1754450
            ]
          ],
          [
            [
              3397750,
              1754450
            ],
            [
              3397750,
              1754475
            ]
          ],
          [
            [
              3397750,
              1754475
            ],
            [
              3397775,
              1754475
            ]
          ],
          [
            [
              3397775,
              1754475
            ],
            [
              3397775,
              1754500
            ]
          ],
          [
            [
              3397775,
              1754500
            ],
            [
              3397775,
              1754525
            ]
          ],
          [
            [
              3397775,
              1754525
            ],
            [
              3397775,
              1754550
            ]
          ],
          [
            [
              3397775,
              1754550
            ],
            [
              3397800,
              1754550
            ]
          ],
          [
            [
              3397800,
              1754550
            ],
            [
              3397800,
              1754575
            ]
          ],
          [
            [
              3397800,
              1754575
            ],
            [
              3397800,
              1754600
            ]
          ],
          [
            [
              3397800,
              1754600
            ],
            [
              3397825,
              1754600
            ]
          ],
          [
            [
              3397825,
              1754600
            ],
            [
              3397825,
              1754625
            ]
          ],
          [
            [
              3397825,
              1754625
            ],
            [
              3397825,
              1754650
            ]
          ],
          [
            [
              3397825,
              1754650
            ],
            [
              3397850,
              1754650
            ]
          ],
          [
            [
              3397850,
              1754650
            ],
            [
              3397850,
              1754675
            ]
          ],
          [
            [
              3397850,
              1754675
            ],
            [
              3397850,
              1754700
            ]
          ],
          [
            [
              3397850,
              1754700
            ],
            [
              3397875,
              1754700
            ]
          ],
          [
            [
              3397875,
              1754700
            ],
            [
              3397875,
              1754725
            ]
          ],
          [
            [
              3397875,
              1754725
            ],
            [
              3397875,
              1754750
            ]
          ],
          [
            [
              3397875,
              1754750
            ],
            [
              3397875,
              1754775
            ]
          ],
          [
            [
              3397875,
              1754775
            ],
            [
              3397900,
              1754775
            ]
          ],
          [
            [
              3397900,
              1754775
            ],
            [
              3397900,
              1754800
            ]
          ],
          [
            [
              3397900,
              1754800
            ],
            [
              3397900,
              1754825
            ]
          ],
          [
            [
              3397900,
              1754825
            ],
            [
              3397925,
              1754825
            ]
          ],
          [
            [
              3397925,
              1754825
            ],
            [
              3397925,
              1754850
            ]
          ],
          [
            [
              3397925,
              1754850
            ],
            [
              3397950,
              1754850
            ]
          ],
          [
            [
              3397950,
              1754850
            ],
            [
              3397950,
              1754875
            ]
          ],
          [
            [
              3397950,
              1754875
            ],
            [
              3397950,
              1754900
            ]
          ],
          [
            [
              3397950,
              1754900
            ],
            [
              3397950,
              1754925
            ]
          ],
          [
            [
              3397950,
              1754925
            ],
            [
              3397950,
              1754950
            ]
          ],
          [
            [
              3397950,
              1754950
            ],
            [
              3397950,
              1754975
            ]
          ],
          [
            [
              3397950,
              1754975
            ],
            [
              3397975,
              1754975
            ]
          ],
          [
            [
              3397975,
              1754975
            ],
            [
              3397975,
              1755000
            ]
          ],
          [
            [
              3397975,
              1755000
            ],
            [
              3397975,
              1755025
            ]
          ],
          [
            [
              3397975,
              1755025
            ],
            [
              3398000,
              1755025
            ]
          ],
          [
            [
              3398000,
              1755025
            ],
            [
              3398000,
              1755050
            ]
          ],
          [
            [
              3398000,
              1755050
            ],
            [
              3398000,
              1755075
            ]
          ],
          [
            [
              3398000,
              1755075
            ],
            [
              3398000,
              1755100
            ]
          ],
          [
            [
              3398000,
              1755100
            ],
            [
              3398025,
              1755100
            ]
          ],
          [
            [
              3398025,
              1755100
            ],
            [
              3398025,
              1755125
            ]
          ],
          [
            [
              3398025,
              1755125
            ],
            [
              3398025,
              1755150
            ]
          ],
          [
            [
              3398025,
              1755150
            ],
            [
              3398025,
              1755175
            ]
          ],
          [
            [
              3398025,
              1755175
            ],
            [
              3398025,
              1755200
            ]
          ],
          [
            [
              3398025,
              1755200
            ],
            [
              3398050,
              1755200
            ]
          ],
          [
            [
              3398050,
              1755200
            ],
            [
              3398050,
              1755225
            ]
          ],
          [
            [
              3398050,
              1755225
            ],
            [
              3398050,
              1755250
            ]
          ],
          [
            [
              3398050,
              1755250
            ],
            [
              3398050,
              1755275
            ]
          ],
          [
            [
              3398050,
              1755275
            ],
            [
              3398050,
              1755300
            ]
          ],
          [
            [
              3398050,
              1755300
            ],
            [
              3398050,
              1755325
            ]
          ],
          [
            [
              3398050,
              1755325
            ],
            [
              3398050,
              1755350
            ]
          ],
          [
            [
              3398050,
              1755350
            ],
            [
              3398050,
              1755375
            ]
          ],
          [
            [
              3398050,
              1755375
            ],
            [
              3398050,
              1755400
            ]
          ],
          [
            [
              3398050,
              1755400
            ],
            [
              3398050,
              1755425
            ]
          ],
          [
            [
              3398050,
              1755425
            ],
            [
              3398075,
              1755425
            ]
          ],
          [
            [
              3398075,
              1755425
            ],
            [
              3398075,
              1755450
            ]
          ],
          [
            [
              3398075,
              1755450
            ],
            [
              3398100,
              1755450
            ]
          ],
          [
            [
              3398100,
              1755450
            ],
            [
              3398100,
              1755475
            ]
          ],
          [
            [
              3398100,
              1755475
            ],
            [
              3398100,
              1755500
            ]
          ],
          [
            [
              3398100,
              1755500
            ],
            [
              3398100,
              1755525
            ]
          ],
          [
            [
              3398100,
              1755525
            ],
            [
              3398100,
              1755550
            ]
          ],
          [
            [
              3398100,
              1755550
            ],
            [
              3398100,
              1755575
            ]
          ],
          [
            [
              3398100,
              1755575
            ],
            [
              3398100,
              1755600
            ]
          ],
          [
            [
              3398100,
              1755600
            ],
            [
              3398100,
              1755625
            ]
          ],
          [
            [
              3398100,
              1755625
            ],
            [
              3398100,
              1755650
            ]
          ],
          [
            [
              3398100,
              1755650
            ],
            [
              3398100,
              1755675
            ]
          ],
          [
            [
              3398100,
              1755675
            ],
            [
              3398125,
              1755675
            ]
          ],
          [
            [
              3398125,
              1755675
            ],
            [
              3398125,
              1755700
            ]
          ],
          [
            [
              3398125,
              1755700
            ],
            [
              3398125,
              1755725
            ]
          ],
          [
            [
              3398125,
              1755725
            ],
            [
              3398125,
              1755750
            ]
          ],
          [
            [
              3398125,
              1755750
            ],
            [
              3398125,
              1755775
            ]
          ],
          [
            [
              3398125,
              1755775
            ],
            [
              3398150,
              1755775
            ]
          ],
          [
            [
              3398150,
              1755775
            ],
            [
              3398150,
              1755800
            ]
          ],
          [
            [
              3398150,
              1755800
            ],
            [
              3398150,
              1755825
            ]
          ],
          [
            [
              3398150,
              1755825
            ],
            [
              3398175,
              1755825
            ]
          ],
          [
            [
              3398175,
              1755825
            ],
            [
              3398175,
              1755850
            ]
          ],
          [
            [
              3398175,
              1755850
            ],
            [
              3398200,
              1755850
            ]
          ],
          [
            [
              3398200,
              1755850
            ],
            [
              3398200,
              1755875
            ]
          ],
          [
            [
              3398200,
              1755875
            ],
            [
              3398225,
              1755875
            ]
          ],
          [
            [
              3398225,
              1755875
            ],
            [
              3398225,
              1755900
            ]
          ],
          [
            [
              3398225,
              1755900
            ],
            [
              3398225,
              1755925
            ]
          ],
          [
            [
              3398225,
              1755925
            ],
            [
              3398250,
              1755925
            ]
          ],
          [
            [
              3398250,
              1755925
            ],
            [
              3398250,
              1755950
            ]
          ],
          [
            [
              3398250,
              1755950
            ],
            [
              3398275,
              1755950
            ]
          ],
          [
            [
              3398275,
              1755950
            ],
            [
              3398275,
              1755975
            ]
          ],
          [
            [
              3398275,
              1755975
            ],
            [
              3398275,
              1756000
            ]
          ],
          [
            [
              3398275,
              1756000
            ],
            [
              3398300,
              1756000
            ]
          ],
          [
            [
              3398300,
              1756000
            ],
            [
              3398325,
              1756000
            ]
          ],
          [
            [
              3398325,
              1756000
            ],
            [
              3398325,
              1756025
            ]
          ],
          [
            [
              3398325,
              1756025
            ],
            [
              3398325,
              1756050
            ]
          ],
          [
            [
              3398325,
              1756050
            ],
            [
              3398325,
              1756075
            ]
          ],
          [
            [
              3398325,
              1756075
            ],
            [
              3398350,
              1756075
            ]
          ],
          [
            [
              3398350,
              1756075
            ],
            [
              3398350,
              1756100
            ]
          ],
          [
            [
              3398350,
              1756100
            ],
            [
              3398350,
              1756125
            ]
          ],
          [
            [
              3398350,
              1756125
            ],
            [
              3398350,
              1756150
            ]
          ],
          [
            [
              3398350,
              1756150
            ],
            [
              3398350,
              1756175
            ]
          ],
          [
            [
              3398350,
              1756175
            ],
            [
              3398375,
              1756175
            ]
          ],
          [
            [
              3398375,
              1756175
            ],
            [
              3398375,
              1756200
            ]
          ],
          [
            [
              3398375,
              1756200
            ],
            [
              3398375,
              1756225
            ]
          ],
          [
            [
              3398375,
              1756225
            ],
            [
              3398375,
              1756250
            ]
          ],
          [
            [
              3398375,
              1756250
            ],
            [
              3398375,
              1756275
            ]
          ],
          [
            [
              3398375,
              1756275
            ],
            [
              3398375,
              1756300
            ]
          ],
          [
            [
              3398375,
              1756300
            ],
            [
              3398400,
              1756300
            ]
          ],
          [
            [
              3398400,
              1756300
            ],
            [
              3398400,
              1756325
            ]
          ],
          [
            [
              3398400,
              1756325
            ],
            [
              3398400,
              1756350
            ]
          ],
          [
            [
              3398400,
              1756350
            ],
            [
              3398400,
              1756375
            ]
          ],
          [
            [
              3398400,
              1756375
            ],
            [
              3398425,
              1756375
            ]
          ],
          [
            [
              3398425,
              1756375
            ],
            [
              3398425,
              1756400
            ]
          ],
          [
            [
              3398425,
              1756400
            ],
            [
              3398425,
              1756425
            ]
          ],
          [
            [
              3398425,
              1756425
            ],
            [
              3398450,
              1756425
            ]
          ],
          [
            [
              3398450,
              1756425
            ],
            [
              3398450,
              1756450
            ]
          ],
          [
            [
              3398450,
              1756450
            ],
            [
              3398475,
              1756450
            ]
          ],
          [
            [
              3398475,
              1756450
            ],
            [
              3398475,
              1756475
            ]
          ],
          [
            [
              3398475,
              1756475
            ],
            [
              3398500,
              1756475
            ]
          ],
          [
            [
              3398500,
              1756475
            ],
            [
              3398500,
              1756500
            ]
          ],
          [
            [
              3398500,
              1756500
            ],
            [
              3398500,
              1756525
            ]
          ],
          [
            [
              3398500,
              1756525
            ],
            [
              3398500,
              1756550
            ]
          ],
          [
            [
              3398500,
              1756550
            ],
            [
              3398525,
              1756550
            ]
          ],
          [
            [
              3398525,
              1756550
            ],
            [
              3398525,
              1756575
            ]
          ],
          [
            [
              3398525,
              1756575
            ],
            [
              3398525,
              1756600
            ]
          ],
          [
            [
              3398525,
              1756600
            ],
            [
              3398525,
              1756625
            ]
          ],
          [
            [
              3398525,
              1756625
            ],
            [
              3398550,
              1756625
            ]
          ],
          [
            [
              3398550,
              1756625
            ],
            [
              3398550,
              1756650
            ]
          ],
          [
            [
              3398550,
              1756650
            ],
            [
              3398575,
              1756650
            ]
          ],
          [
            [
              3398575,
              1756650
            ],
            [
              3398575,
              1756675
            ]
          ],
          [
            [
              3398575,
              1756675
            ],
            [
              3398600,
              1756675
            ]
          ],
          [
            [
              3398600,
              1756675
            ],
            [
              3398600,
              1756700
            ]
          ],
          [
            [
              3398600,
              1756700
            ],
            [
              3398600,
              1756725
            ]
          ],
          [
            [
              3398600,
              1756725
            ],
            [
              3398600,
              1756750
            ]
          ],
          [
            [
              3398600,
              1756750
            ],
            [
              3398600,
              1756775
            ]
          ],
          [
            [
              3398600,
              1756775
            ],
            [
              3398625,
              1756775
            ]
          ],
          [
            [
              3398625,
              1756775
            ],
            [
              3398625,
              1756800
            ]
          ],
          [
            [
              3398625,
              1756800
            ],
            [
              3398625,
              1756825
            ]
          ],
          [
            [
              3398625,
              1756825
            ],
            [
              3398625,
              1756850
            ]
          ],
          [
            [
              3398625,
              1756850
            ],
            [
              3398650,
              1756850
            ]
          ],
          [
            [
              3398650,
              1756850
            ],
            [
              3398650,
              1756875
            ]
          ],
          [
            [
              3398650,
              1756875
            ],
            [
              3398650,
              1756900
            ]
          ],
          [
            [
              3398650,
              1756900
            ],
            [
              3398675,
              1756900
            ]
          ],
          [
            [
              3398675,
              1756900
            ],
            [
              3398675,
              1756925
            ]
          ],
          [
            [
              3398675,
              1756925
            ],
            [
              3398675,
              1756950
            ]
          ],
          [
            [
              3398675,
              1756950
            ],
            [
              3398700,
              1756950
            ]
          ],
          [
            [
              3398700,
              1756950
            ],
            [
              3398700,
              1756975
            ]
          ],
          [
            [
              3398700,
              1756975
            ],
            [
              3398700,
              1757000
            ]
          ],
          [
            [
              3398700,
              1757000
            ],
            [
              3398725,
              1757000
            ]
          ],
          [
            [
              3398725,
              1757000
            ],
            [
              3398725,
              1757025
            ]
          ],
          [
            [
              3398725,
              1757025
            ],
            [
              3398725,
              1757050
            ]
          ],
          [
            [
              3398725,
              1757050
            ],
            [
              3398750,
              1757050
            ]
          ],
          [
            [
              3398750,
              1757050
            ],
            [
              3398750,
              1757075
            ]
          ],
          [
            [
              3398750,
              1757075
            ],
            [
              3398750,
              1757100
            ]
          ],
          [
            [
              3398750,
              1757100
            ],
            [
              3398775,
              1757100
            ]
          ],
          [
            [
              3398775,
              1757100
            ],
            [
              3398775,
              1757125
            ]
          ],
          [
            [
              3398775,
              1757125
            ],
            [
              3398800,
              1757125
            ]
          ],
          [
            [
              3398800,
              1757125
            ],
            [
              3398800,
              1757150
            ]
          ],
          [
            [
              3398800,
              1757150
            ],
            [
              3398800,
              1757175
            ]
          ],
          [
            [
              3398800,
              1757175
            ],
            [
              3398800,
              1757200
            ]
          ],
          [
            [
              3398800,
              1757200
            ],
            [
              3398825,
              1757200
            ]
          ],
          [
            [
              3398825,
              1757200
            ],
            [
              3398825,
              1757225
            ]
          ],
          [
            [
              3398825,
              1757225
            ],
            [
              3398825,
              1757250
            ]
          ],
          [
            [
              3398825,
              1757250
            ],
            [
              3398850,
              1757250
            ]
          ],
          [
            [
              3398850,
              1757250
            ],
            [
              3398850,
              1757275
            ]
          ],
          [
            [
              3398850,
              1757275
            ],
            [
              3398850,
              1757300
            ]
          ],
          [
            [
              3398850,
              1757300
            ],
            [
              3398875,
              1757300
            ]
          ],
          [
            [
              3398875,
              1757300
            ],
            [
              3398900,
              1757300
            ]
          ],
          [
            [
              3398900,
              1757300
            ],
            [
              3398900,
              1757325
            ]
          ],
          [
            [
              3398900,
              1757325
            ],
            [
              3398900,
              1757350
            ]
          ],
          [
            [
              3398900,
              1757350
            ],
            [
              3398925,
              1757350
            ]
          ],
          [
            [
              3398925,
              1757350
            ],
            [
              3398925,
              1757375
            ]
          ],
          [
            [
              3398925,
              1757375
            ],
            [
              3398950,
              1757375
            ]
          ],
          [
            [
              3398950,
              1757375
            ],
            [
              3398950,
              1757400
            ]
          ],
          [
            [
              3398950,
              1757400
            ],
            [
              3398950,
              1757425
            ]
          ],
          [
            [
              3398950,
              1757425
            ],
            [
              3398975,
              1757425
            ]
          ],
          [
            [
              3398975,
              1757425
            ],
            [
              3398975,
              1757450
            ]
          ],
          [
            [
              3398975,
              1757450
            ],
            [
              3398975,
              1757475
            ]
          ],
          [
            [
              3398975,
              1757475
            ],
            [
              3399000,
              1757475
            ]
          ],
          [
            [
              3399000,
              1757475
            ],
            [
              3399025,
              1757475
            ]
          ],
          [
            [
              3399025,
              1757475
            ],
            [
              3399025,
              1757500
            ]
          ],
          [
            [
              3399025,
              1757500
            ],
            [
              3399050,
              1757500
            ]
          ],
          [
            [
              3399050,
              1757500
            ],
            [
              3399050,
              1757525
            ]
          ],
          [
            [
              3399050,
              1757525
            ],
            [
              3399075,
              1757525
            ]
          ],
          [
            [
              3399075,
              1757525
            ],
            [
              3399100,
              1757525
            ]
          ],
          [
            [
              3399100,
              1757525
            ],
            [
              3399125,
              1757525
            ]
          ],
          [
            [
              3399100,
              1757625
            ],
            [
              3399100,
              1757650
            ]
          ],
          [
            [
              3399100,
              1757650
            ],
            [
              3399125,
              1757650
            ]
          ],
          [
            [
              3399125,
              1757525
            ],
            [
              3399150,
              1757525
            ]
          ],
          [
            [
              3399125,
              1757575
            ],
            [
              3399125,
              1757600
            ]
          ],
          [
            [
              3399125,
              1757600
            ],
            [
              3399125,
              1757625
            ]
          ],
          [
            [
              3399125,
              1757625
            ],
            [
              3399100,
              1757625
            ]
          ],
          [
            [
              3399125,
              1757650
            ],
            [
              3399150,
              1757650
            ]
          ],
          [
            [
              3399150,
              1757525
            ],
            [
              3399150,
              1757550
            ]
          ],
          [
            [
              3399150,
              1757550
            ],
            [
              3399150,
              1757575
            ]
          ],
          [
            [
              3399150,
              1757575
            ],
            [
              3399125,
              1757575
            ]
          ],
          [
            [
              3399150,
              1757650
            ],
            [
              3399175,
              1757650
            ]
          ],
          [
            [
              3399175,
              1757650
            ],
            [
              3399200,
              1757650
            ]
          ],
          [
            [
              3399200,
              1757650
            ],
            [
              3399225,
              1757650
            ]
          ],
          [
            [
              3399225,
              1757625
            ],
            [
              3399250,
              1757625
            ]
          ],
          [
            [
              3399225,
              1757650
            ],
            [
              3399225,
              1757625
            ]
          ],
          [
            [
              3399250,
              1757600
            ],
            [
              3399275,
              1757600
            ]
          ],
          [
            [
              3399250,
              1757625
            ],
            [
              3399250,
              1757600
            ]
          ],
          [
            [
              3399275,
              1757575
            ],
            [
              3399300,
              1757575
            ]
          ],
          [
            [
              3399275,
              1757600
            ],
            [
              3399275,
              1757575
            ]
          ],
          [
            [
              3399300,
              1757550
            ],
            [
              3399325,
              1757550
            ]
          ],
          [
            [
              3399300,
              1757575
            ],
            [
              3399300,
              1757550
            ]
          ],
          [
            [
              3399325,
              1757525
            ],
            [
              3399350,
              1757525
            ]
          ],
          [
            [
              3399325,
              1757550
            ],
            [
              3399325,
              1757525
            ]
          ],
          [
            [
              3399350,
              1757525
            ],
            [
              3399350,
              1757550
            ]
          ],
          [
            [
              3399350,
              1757550
            ],
            [
              3399375,
              1757550
            ]
          ],
          [
            [
              3399375,
              1757550
            ],
            [
              3399375,
              1757575
            ]
          ],
          [
            [
              3399375,
              1757575
            ],
            [
              3399375,
              1757600
            ]
          ],
          [
            [
              3399375,
              1757600
            ],
            [
              3399375,
              1757625
            ]
          ],
          [
            [
              3399375,
              1757625
            ],
            [
              3399375,
              1757650
            ]
          ],
          [
            [
              3399375,
              1757650
            ],
            [
              3399400,
              1757650
            ]
          ],
          [
            [
              3399400,
              1757650
            ],
            [
              3399400,
              1757675
            ]
          ],
          [
            [
              3399400,
              1757675
            ],
            [
              3399425,
              1757675
            ]
          ],
          [
            [
              3399425,
              1757675
            ],
            [
              3399425,
              1757700
            ]
          ],
          [
            [
              3399425,
              1757700
            ],
            [
              3399425,
              1757725
            ]
          ],
          [
            [
              3399425,
              1757725
            ],
            [
              3399450,
              1757725
            ]
          ],
          [
            [
              3399450,
              1757725
            ],
            [
              3399450,
              1757750
            ]
          ],
          [
            [
              3399450,
              1757750
            ],
            [
              3399475,
              1757750
            ]
          ],
          [
            [
              3399475,
              1757750
            ],
            [
              3399500,
              1757750
            ]
          ],
          [
            [
              3399500,
              1757725
            ],
            [
              3399525,
              1757725
            ]
          ],
          [
            [
              3399500,
              1757750
            ],
            [
              3399500,
              1757725
            ]
          ],
          [
            [
              3399525,
              1757225
            ],
            [
              3399550,
              1757225
            ]
          ],
          [
            [
              3399525,
              1757250
            ],
            [
              3399525,
              1757225
            ]
          ],
          [
            [
              3399525,
              1757275
            ],
            [
              3399525,
              1757250
            ]
          ],
          [
            [
              3399525,
              1757700
            ],
            [
              3399550,
              1757700
            ]
          ],
          [
            [
              3399525,
              1757725
            ],
            [
              3399525,
              1757700
            ]
          ],
          [
            [
              3399550,
              1757175
            ],
            [
              3399575,
              1757175
            ]
          ],
          [
            [
              3399550,
              1757200
            ],
            [
              3399550,
              1757175
            ]
          ],
          [
            [
              3399550,
              1757225
            ],
            [
              3399550,
              1757200
            ]
          ],
          [
            [
              3399550,
              1757275
            ],
            [
              3399525,
              1757275
            ]
          ],
          [
            [
              3399550,
              1757300
            ],
            [
              3399550,
              1757275
            ]
          ],
          [
            [
              3399550,
              1757325
            ],
            [
              3399550,
              1757300
            ]
          ],
          [
            [
              3399550,
              1757675
            ],
            [
              3399575,
              1757675
            ]
          ],
          [
            [
              3399550,
              1757700
            ],
            [
              3399550,
              1757675
            ]
          ],
          [
            [
              3399575,
              1757125
            ],
            [
              3399600,
              1757125
            ]
          ],
          [
            [
              3399575,
              1757150
            ],
            [
              3399575,
              1757125
            ]
          ],
          [
            [
              3399575,
              1757175
            ],
            [
              3399575,
              1757150
            ]
          ],
          [
            [
              3399575,
              1757325
            ],
            [
              3399550,
              1757325
            ]
          ],
          [
            [
              3399575,
              1757350
            ],
            [
              3399575,
              1757325
            ]
          ],
          [
            [
              3399575,
              1757375
            ],
            [
              3399575,
              1757350
            ]
          ],
          [
            [
              3399575,
              1757650
            ],
            [
              3399600,
              1757650
            ]
          ],
          [
            [
              3399575,
              1757675
            ],
            [
              3399575,
              1757650
            ]
          ],
          [
            [
              3399600,
              1757075
            ],
            [
              3399625,
              1757075
            ]
          ],
          [
            [
              3399600,
              1757100
            ],
            [
              3399600,
              1757075
            ]
          ],
          [
            [
              3399600,
              1757125
            ],
            [
              3399600,
              1757100
            ]
          ],
          [
            [
              3399600,
              1757375
            ],
            [
              3399575,
              1757375
            ]
          ],
          [
            [
              3399600,
              1757400
            ],
            [
              3399600,
              1757375
            ]
          ],
          [
            [
              3399600,
              1757425
            ],
            [
              3399600,
              1757400
            ]
          ],
          [
            [
              3399600,
              1757450
            ],
            [
              3399600,
              1757425
            ]
          ],
          [
            [
              3399600,
              1757475
            ],
            [
              3399600,
              1757450
            ]
          ],
          [
            [
              3399600,
              1757500
            ],
            [
              3399600,
              1757475
            ]
          ],
          [
            [
              3399600,
              1757525
            ],
            [
              3399600,
              1757500
            ]
          ],
          [
            [
              3399600,
              1757625
            ],
            [
              3399625,
              1757625
            ]
          ],
          [
            [
              3399600,
              1757650
            ],
            [
              3399600,
              1757625
            ]
          ],
          [
            [
              3399625,
              1757025
            ],
            [
              3399650,
              1757025
            ]
          ],
          [
            [
              3399625,
              1757050
            ],
            [
              3399625,
              1757025
            ]
          ],
          [
            [
              3399625,
              1757075
            ],
            [
              3399625,
              1757050
            ]
          ],
          [
            [
              3399625,
              1757100
            ],
            [
              3399625,
              1757125
            ]
          ],
          [
            [
              3399625,
              1757125
            ],
            [
              3399625,
              1757150
            ]
          ],
          [
            [
              3399625,
              1757150
            ],
            [
              3399625,
              1757175
            ]
          ],
          [
            [
              3399625,
              1757175
            ],
            [
              3399650,
              1757175
            ]
          ],
          [
            [
              3399625,
              1757300
            ],
            [
              3399625,
              1757325
            ]
          ],
          [
            [
              3399625,
              1757325
            ],
            [
              3399650,
              1757325
            ]
          ],
          [
            [
              3399625,
              1757525
            ],
            [
              3399600,
              1757525
            ]
          ],
          [
            [
              3399625,
              1757550
            ],
            [
              3399625,
              1757525
            ]
          ],
          [
            [
              3399625,
              1757575
            ],
            [
              3399625,
              1757550
            ]
          ],
          [
            [
              3399625,
              1757600
            ],
            [
              3399625,
              1757575
            ]
          ],
          [
            [
              3399625,
              1757625
            ],
            [
              3399625,
              1757600
            ]
          ],
          [
            [
              3399650,
              1757025
            ],
            [
              3399675,
              1757025
            ]
          ],
          [
            [
              3399650,
              1757075
            ],
            [
              3399650,
              1757100
            ]
          ],
          [
            [
              3399650,
              1757100
            ],
            [
              3399625,
              1757100
            ]
          ],
          [
            [
              3399650,
              1757175
            ],
            [
              3399675,
              1757175
            ]
          ],
          [
            [
              3399650,
              1757275
            ],
            [
              3399650,
              1757300
            ]
          ],
          [
            [
              3399650,
              1757300
            ],
            [
              3399625,
              1757300
            ]
          ],
          [
            [
              3399650,
              1757325
            ],
            [
              3399650,
              1757350
            ]
          ],
          [
            [
              3399650,
              1757350
            ],
            [
              3399650,
              1757375
            ]
          ],
          [
            [
              3399650,
              1757375
            ],
            [
              3399675,
              1757375
            ]
          ],
          [
            [
              3399675,
              1757025
            ],
            [
              3399700,
              1757025
            ]
          ],
          [
            [
              3399675,
              1757050
            ],
            [
              3399675,
              1757075
            ]
          ],
          [
            [
              3399675,
              1757075
            ],
            [
              3399650,
              1757075
            ]
          ],
          [
            [
              3399675,
              1757175
            ],
            [
              3399675,
              1757200
            ]
          ],
          [
            [
              3399675,
              1757200
            ],
            [
              3399700,
              1757200
            ]
          ],
          [
            [
              3399675,
              1757250
            ],
            [
              3399675,
              1757275
            ]
          ],
          [
            [
              3399675,
              1757275
            ],
            [
              3399650,
              1757275
            ]
          ],
          [
            [
              3399675,
              1757375
            ],
            [
              3399700,
              1757375
            ]
          ],
          [
            [
              3399700,
              1757025
            ],
            [
              3399700,
              1757050
            ]
          ],
          [
            [
              3399700,
              1757050
            ],
            [
              3399675,
              1757050
            ]
          ],
          [
            [
              3399700,
              1757200
            ],
            [
              3399700,
              1757225
            ]
          ],
          [
            [
              3399700,
              1757225
            ],
            [
              3399700,
              1757250
            ]
          ],
          [
            [
              3399700,
              1757250
            ],
            [
              3399675,
              1757250
            ]
          ],
          [
            [
              3399700,
              1757375
            ],
            [
              3399700,
              1757400
            ]
          ],
          [
            [
              3399700,
              1757400
            ],
            [
              3399725,
              1757400
            ]
          ],
          [
            [
              3399725,
              1757400
            ],
            [
              3399725,
              1757425
            ]
          ],
          [
            [
              3399725,
              1757425
            ],
            [
              3399725,
              1757450
            ]
          ],
          [
            [
              3399725,
              1757450
            ],
            [
              3399750,
              1757450
            ]
          ],
          [
            [
              3399750,
              1757450
            ],
            [
              3399750,
              1757475
            ]
          ],
          [
            [
              3399750,
              1757475
            ],
            [
              3399775,
              1757475
            ]
          ],
          [
            [
              3399775,
              1757475
            ],
            [
              3399775,
              1757500
            ]
          ],
          [
            [
              3399775,
              1757500
            ],
            [
              3399800,
              1757500
            ]
          ],
          [
            [
              3399800,
              1757500
            ],
            [
              3399800,
              1757525
            ]
          ],
          [
            [
              3399800,
              1757525
            ],
            [
              3399800,
              1757550
            ]
          ],
          [
            [
              3399800,
              1757550
            ],
            [
              3399825,
              1757550
            ]
          ],
          [
            [
              3399825,
              1757550
            ],
            [
              3399825,
              1757575
            ]
          ],
          [
            [
              3399825,
              1757575
            ],
            [
              3399825,
              1757600
            ]
          ],
          [
            [
              3399825,
              1757600
            ],
            [
              3399850,
              1757600
            ]
          ],
          [
            [
              3399850,
              1757600
            ],
            [
              3399875,
              1757600
            ]
          ],
          [
            [
              3399875,
              1757600
            ],
            [
              3399875,
              1757625
            ]
          ],
          [
            [
              3399875,
              1757625
            ],
            [
              3399900,
              1757625
            ]
          ],
          [
            [
              3399900,
              1757625
            ],
            [
              3399900,
              1757650
            ]
          ],
          [
            [
              3399900,
              1757650
            ],
            [
              3399925,
              1757650
            ]
          ],
          [
            [
              3399925,
              1757650
            ],
            [
              3399925,
              1757675
            ]
          ],
          [
            [
              3399925,
              1757675
            ],
            [
              3399925,
              1757700
            ]
          ],
          [
            [
              3399925,
              1757700
            ],
            [
              3399950,
              1757700
            ]
          ],
          [
            [
              3399950,
              1757700
            ],
            [
              3399950,
              1757725
            ]
          ],
          [
            [
              3399950,
              1757725
            ],
            [
              3399975,
              1757725
            ]
          ],
          [
            [
              3399975,
              1757725
            ],
            [
              3399975,
              1757750
            ]
          ],
          [
            [
              3399975,
              1757750
            ],
            [
              3400000,
              1757750
            ]
          ],
          [
            [
              3400000,
              1757725
            ],
            [
              3400025,
              1757725
            ]
          ],
          [
            [
              3400000,
              1757750
            ],
            [
              3400000,
              1757725
            ]
          ],
          [
            [
              3400025,
              1757725
            ],
            [
              3400050,
              1757725
            ]
          ],
          [
            [
              3400050,
              1757725
            ],
            [
              3400075,
              1757725
            ]
          ],
          [
            [
              3400075,
              1757650
            ],
            [
              3400100,
              1757650
            ]
          ],
          [
            [
              3400075,
              1757675
            ],
            [
              3400075,
              1757650
            ]
          ],
          [
            [
              3400075,
              1757700
            ],
            [
              3400075,
              1757675
            ]
          ],
          [
            [
              3400075,
              1757725
            ],
            [
              3400075,
              1757700
            ]
          ],
          [
            [
              3400100,
              1756600
            ],
            [
              3400125,
              1756600
            ]
          ],
          [
            [
              3400100,
              1756625
            ],
            [
              3400100,
              1756600
            ]
          ],
          [
            [
              3400100,
              1757575
            ],
            [
              3400125,
              1757575
            ]
          ],
          [
            [
              3400100,
              1757600
            ],
            [
              3400100,
              1757575
            ]
          ],
          [
            [
              3400100,
              1757625
            ],
            [
              3400100,
              1757600
            ]
          ],
          [
            [
              3400100,
              1757650
            ],
            [
              3400100,
              1757625
            ]
          ],
          [
            [
              3400125,
              1756600
            ],
            [
              3400150,
              1756600
            ]
          ],
          [
            [
              3400125,
              1756625
            ],
            [
              3400100,
              1756625
            ]
          ],
          [
            [
              3400125,
              1756650
            ],
            [
              3400125,
              1756625
            ]
          ],
          [
            [
              3400125,
              1756675
            ],
            [
              3400125,
              1756650
            ]
          ],
          [
            [
              3400125,
              1757525
            ],
            [
              3400150,
              1757525
            ]
          ],
          [
            [
              3400125,
              1757550
            ],
            [
              3400125,
              1757525
            ]
          ],
          [
            [
              3400125,
              1757575
            ],
            [
              3400125,
              1757550
            ]
          ],
          [
            [
              3400150,
              1756600
            ],
            [
              3400175,
              1756600
            ]
          ],
          [
            [
              3400150,
              1756675
            ],
            [
              3400125,
              1756675
            ]
          ],
          [
            [
              3400150,
              1756700
            ],
            [
              3400150,
              1756675
            ]
          ],
          [
            [
              3400150,
              1756725
            ],
            [
              3400150,
              1756700
            ]
          ],
          [
            [
              3400150,
              1756750
            ],
            [
              3400150,
              1756725
            ]
          ],
          [
            [
              3400150,
              1756775
            ],
            [
              3400150,
              1756750
            ]
          ],
          [
            [
              3400150,
              1756800
            ],
            [
              3400150,
              1756775
            ]
          ],
          [
            [
              3400150,
              1757500
            ],
            [
              3400175,
              1757500
            ]
          ],
          [
            [
              3400150,
              1757525
            ],
            [
              3400150,
              1757500
            ]
          ],
          [
            [
              3400175,
              1756400
            ],
            [
              3400200,
              1756400
            ]
          ],
          [
            [
              3400175,
              1756425
            ],
            [
              3400175,
              1756400
            ]
          ],
          [
            [
              3400175,
              1756450
            ],
            [
              3400175,
              1756425
            ]
          ],
          [
            [
              3400175,
              1756600
            ],
            [
              3400200,
              1756600
            ]
          ],
          [
            [
              3400175,
              1756800
            ],
            [
              3400150,
              1756800
            ]
          ],
          [
            [
              3400175,
              1756825
            ],
            [
              3400175,
              1756800
            ]
          ],
          [
            [
              3400175,
              1756850
            ],
            [
              3400175,
              1756825
            ]
          ],
          [
            [
              3400175,
              1756875
            ],
            [
              3400175,
              1756850
            ]
          ],
          [
            [
              3400175,
              1756900
            ],
            [
              3400175,
              1756875
            ]
          ],
          [
            [
              3400175,
              1756925
            ],
            [
              3400175,
              1756900
            ]
          ],
          [
            [
              3400175,
              1756950
            ],
            [
              3400175,
              1756925
            ]
          ],
          [
            [
              3400175,
              1756975
            ],
            [
              3400175,
              1756950
            ]
          ],
          [
            [
              3400175,
              1757000
            ],
            [
              3400175,
              1756975
            ]
          ],
          [
            [
              3400175,
              1757025
            ],
            [
              3400175,
              1757000
            ]
          ],
          [
            [
              3400175,
              1757050
            ],
            [
              3400175,
              1757025
            ]
          ],
          [
            [
              3400175,
              1757075
            ],
            [
              3400175,
              1757050
            ]
          ],
          [
            [
              3400175,
              1757100
            ],
            [
              3400175,
              1757075
            ]
          ],
          [
            [
              3400175,
              1757125
            ],
            [
              3400175,
              1757100
            ]
          ],
          [
            [
              3400175,
              1757150
            ],
            [
              3400175,
              1757125
            ]
          ],
          [
            [
              3400175,
              1757175
            ],
            [
              3400175,
              1757150
            ]
          ],
          [
            [
              3400175,
              1757200
            ],
            [
              3400175,
              1757175
            ]
          ],
          [
            [
              3400175,
              1757225
            ],
            [
              3400175,
              1757200
            ]
          ],
          [
            [
              3400175,
              1757250
            ],
            [
              3400175,
              1757225
            ]
          ],
          [
            [
              3400175,
              1757275
            ],
            [
              3400175,
              1757250
            ]
          ],
          [
            [
              3400175,
              1757300
            ],
            [
              3400175,
              1757275
            ]
          ],
          [
            [
              3400175,
              1757325
            ],
            [
              3400175,
              1757300
            ]
          ],
          [
            [
              3400175,
              1757350
            ],
            [
              3400175,
              1757325
            ]
          ],
          [
            [
              3400175,
              1757375
            ],
            [
              3400175,
              1757350
            ]
          ],
          [
            [
              3400175,
              1757400
            ],
            [
              3400175,
              1757375
            ]
          ],
          [
            [
              3400175,
              1757425
            ],
            [
              3400175,
              1757400
            ]
          ],
          [
            [
              3400175,
              1757450
            ],
            [
              3400175,
              1757425
            ]
          ],
          [
            [
              3400175,
              1757475
            ],
            [
              3400175,
              1757450
            ]
          ],
          [
            [
              3400175,
              1757500
            ],
            [
              3400175,
              1757475
            ]
          ],
          [
            [
              3400200,
              1756400
            ],
            [
              3400200,
              1756425
            ]
          ],
          [
            [
              3400200,
              1756425
            ],
            [
              3400200,
              1756450
            ]
          ],
          [
            [
              3400200,
              1756450
            ],
            [
              3400175,
              1756450
            ]
          ],
          [
            [
              3400200,
              1756475
            ],
            [
              3400225,
              1756475
            ]
          ],
          [
            [
              3400200,
              1756500
            ],
            [
              3400200,
              1756475
            ]
          ],
          [
            [
              3400200,
              1756525
            ],
            [
              3400200,
              1756500
            ]
          ],
          [
            [
              3400200,
              1756550
            ],
            [
              3400200,
              1756525
            ]
          ],
          [
            [
              3400200,
              1756575
            ],
            [
              3400200,
              1756550
            ]
          ],
          [
            [
              3400200,
              1756600
            ],
            [
              3400200,
              1756575
            ]
          ],
          [
            [
              3400225,
              1756475
            ],
            [
              3400225,
              1756500
            ]
          ],
          [
            [
              3400225,
              1756500
            ],
            [
              3400225,
              1756525
            ]
          ],
          [
            [
              3400225,
              1756525
            ],
            [
              3400225,
              1756550
            ]
          ],
          [
            [
              3400225,
              1756550
            ],
            [
              3400225,
              1756575
            ]
          ],
          [
            [
              3400225,
              1756575
            ],
            [
              3400225,
              1756600
            ]
          ],
          [
            [
              3400225,
              1756600
            ],
            [
              3400250,
              1756600
            ]
          ],
          [
            [
              3400250,
              1756600
            ],
            [
              3400250,
              1756625
            ]
          ],
          [
            [
              3400250,
              1756625
            ],
            [
              3400250,
              1756650
            ]
          ],
          [
            [
              3400250,
              1756650
            ],
            [
              3400250,
              1756675
            ]
          ],
          [
            [
              3400250,
              1756675
            ],
            [
              3400275,
              1756675
            ]
          ],
          [
            [
              3400275,
              1756675
            ],
            [
              3400275,
              1756700
            ]
          ],
          [
            [
              3400275,
              1756700
            ],
            [
              3400275,
              1756725
            ]
          ],
          [
            [
              3400275,
              1756725
            ],
            [
              3400275,
              1756750
            ]
          ],
          [
            [
              3400275,
              1756750
            ],
            [
              3400275,
              1756775
            ]
          ],
          [
            [
              3400275,
              1756775
            ],
            [
              3400275,
              1756800
            ]
          ],
          [
            [
              3400275,
              1756800
            ],
            [
              3400300,
              1756800
            ]
          ],
          [
            [
              3400300,
              1756800
            ],
            [
              3400300,
              1756825
            ]
          ],
          [
            [
              3400300,
              1756825
            ],
            [
              3400300,
              1756850
            ]
          ],
          [
            [
              3400300,
              1756850
            ],
            [
              3400300,
              1756875
            ]
          ],
          [
            [
              3400300,
              1756875
            ],
            [
              3400300,
              1756900
            ]
          ],
          [
            [
              3400300,
              1756900
            ],
            [
              3400300,
              1756925
            ]
          ],
          [
            [
              3400300,
              1756925
            ],
            [
              3400300,
              1756950
            ]
          ],
          [
            [
              3400300,
              1756950
            ],
            [
              3400300,
              1756975
            ]
          ],
          [
            [
              3400300,
              1756975
            ],
            [
              3400300,
              1757000
            ]
          ],
          [
            [
              3400300,
              1757000
            ],
            [
              3400325,
              1757000
            ]
          ],
          [
            [
              3400300,
              1757900
            ],
            [
              3400300,
              1757925
            ]
          ],
          [
            [
              3400300,
              1757925
            ],
            [
              3400325,
              1757925
            ]
          ],
          [
            [
              3400325,
              1757000
            ],
            [
              3400325,
              1757025
            ]
          ],
          [
            [
              3400325,
              1757025
            ],
            [
              3400325,
              1757050
            ]
          ],
          [
            [
              3400325,
              1757050
            ],
            [
              3400325,
              1757075
            ]
          ],
          [
            [
              3400325,
              1757075
            ],
            [
              3400325,
              1757100
            ]
          ],
          [
            [
              3400325,
              1757100
            ],
            [
              3400325,
              1757125
            ]
          ],
          [
            [
              3400325,
              1757125
            ],
            [
              3400325,
              1757150
            ]
          ],
          [
            [
              3400325,
              1757150
            ],
            [
              3400325,
              1757175
            ]
          ],
          [
            [
              3400325,
              1757175
            ],
            [
              3400325,
              1757200
            ]
          ],
          [
            [
              3400325,
              1757200
            ],
            [
              3400325,
              1757225
            ]
          ],
          [
            [
              3400325,
              1757225
            ],
            [
              3400350,
              1757225
            ]
          ],
          [
            [
              3400325,
              1757875
            ],
            [
              3400325,
              1757900
            ]
          ],
          [
            [
              3400325,
              1757900
            ],
            [
              3400300,
              1757900
            ]
          ],
          [
            [
              3400325,
              1757925
            ],
            [
              3400325,
              1757950
            ]
          ],
          [
            [
              3400325,
              1757950
            ],
            [
              3400350,
              1757950
            ]
          ],
          [
            [
              3400350,
              1757225
            ],
            [
              3400350,
              1757250
            ]
          ],
          [
            [
              3400350,
              1757250
            ],
            [
              3400350,
              1757275
            ]
          ],
          [
            [
              3400350,
              1757275
            ],
            [
              3400350,
              1757300
            ]
          ],
          [
            [
              3400350,
              1757300
            ],
            [
              3400375,
              1757300
            ]
          ],
          [
            [
              3400350,
              1757800
            ],
            [
              3400350,
              1757825
            ]
          ],
          [
            [
              3400350,
              1757825
            ],
            [
              3400350,
              1757850
            ]
          ],
          [
            [
              3400350,
              1757850
            ],
            [
              3400350,
              1757875
            ]
          ],
          [
            [
              3400350,
              1757875
            ],
            [
              3400325,
              1757875
            ]
          ],
          [
            [
              3400350,
              1757950
            ],
            [
              3400350,
              1757975
            ]
          ],
          [
            [
              3400350,
              1757975
            ],
            [
              3400375,
              1757975
            ]
          ],
          [
            [
              3400375,
              1757300
            ],
            [
              3400375,
              1757325
            ]
          ],
          [
            [
              3400375,
              1757325
            ],
            [
              3400375,
              1757350
            ]
          ],
          [
            [
              3400375,
              1757350
            ],
            [
              3400375,
              1757375
            ]
          ],
          [
            [
              3400375,
              1757375
            ],
            [
              3400375,
              1757400
            ]
          ],
          [
            [
              3400375,
              1757400
            ],
            [
              3400375,
              1757425
            ]
          ],
          [
            [
              3400375,
              1757425
            ],
            [
              3400400,
              1757425
            ]
          ],
          [
            [
              3400375,
              1757775
            ],
            [
              3400375,
              1757800
            ]
          ],
          [
            [
              3400375,
              1757800
            ],
            [
              3400350,
              1757800
            ]
          ],
          [
            [
              3400375,
              1757975
            ],
            [
              3400400,
              1757975
            ]
          ],
          [
            [
              3400400,
              1757425
            ],
            [
              3400400,
              1757450
            ]
          ],
          [
            [
              3400400,
              1757450
            ],
            [
              3400400,
              1757475
            ]
          ],
          [
            [
              3400400,
              1757475
            ],
            [
              3400400,
              1757500
            ]
          ],
          [
            [
              3400400,
              1757500
            ],
            [
              3400425,
              1757500
            ]
          ],
          [
            [
              3400400,
              1757750
            ],
            [
              3400400,
              1757775
            ]
          ],
          [
            [
              3400400,
              1757775
            ],
            [
              3400375,
              1757775
            ]
          ],
          [
            [
              3400400,
              1757975
            ],
            [
              3400400,
              1758000
            ]
          ],
          [
            [
              3400400,
              1758000
            ],
            [
              3400425,
              1758000
            ]
          ],
          [
            [
              3400425,
              1757500
            ],
            [
              3400450,
              1757500
            ]
          ],
          [
            [
              3400425,
              1757725
            ],
            [
              3400425,
              1757750
            ]
          ],
          [
            [
              3400425,
              1757750
            ],
            [
              3400400,
              1757750
            ]
          ],
          [
            [
              3400425,
              1757975
            ],
            [
              3400450,
              1757975
            ]
          ],
          [
            [
              3400425,
              1758000
            ],
            [
              3400425,
              1757975
            ]
          ],
          [
            [
              3400450,
              1757500
            ],
            [
              3400450,
              1757525
            ]
          ],
          [
            [
              3400450,
              1757525
            ],
            [
              3400450,
              1757550
            ]
          ],
          [
            [
              3400450,
              1757550
            ],
            [
              3400475,
              1757550
            ]
          ],
          [
            [
              3400450,
              1757700
            ],
            [
              3400450,
              1757725
            ]
          ],
          [
            [
              3400450,
              1757725
            ],
            [
              3400425,
              1757725
            ]
          ],
          [
            [
              3400450,
              1757975
            ],
            [
              3400475,
              1757975
            ]
          ],
          [
            [
              3400475,
              1757550
            ],
            [
              3400500,
              1757550
            ]
          ],
          [
            [
              3400475,
              1757675
            ],
            [
              3400475,
              1757700
            ]
          ],
          [
            [
              3400475,
              1757700
            ],
            [
              3400450,
              1757700
            ]
          ],
          [
            [
              3400475,
              1757950
            ],
            [
              3400500,
              1757950
            ]
          ],
          [
            [
              3400475,
              1757975
            ],
            [
              3400475,
              1757950
            ]
          ],
          [
            [
              3400500,
              1757550
            ],
            [
              3400500,
              1757575
            ]
          ],
          [
            [
              3400500,
              1757575
            ],
            [
              3400500,
              1757600
            ]
          ],
          [
            [
              3400500,
              1757600
            ],
            [
              3400500,
              1757625
            ]
          ],
          [
            [
              3400500,
              1757625
            ],
            [
              3400500,
              1757650
            ]
          ],
          [
            [
              3400500,
              1757650
            ],
            [
              3400500,
              1757675
            ]
          ],
          [
            [
              3400500,
              1757675
            ],
            [
              3400475,
              1757675
            ]
          ],
          [
            [
              3400500,
              1757925
            ],
            [
              3400525,
              1757925
            ]
          ],
          [
            [
              3400500,
              1757950
            ],
            [
              3400500,
              1757925
            ]
          ],
          [
            [
              3400525,
              1757925
            ],
            [
              3400550,
              1757925
            ]
          ],
          [
            [
              3400550,
              1757900
            ],
            [
              3400575,
              1757900
            ]
          ],
          [
            [
              3400550,
              1757925
            ],
            [
              3400550,
              1757900
            ]
          ],
          [
            [
              3400575,
              1757900
            ],
            [
              3400600,
              1757900
            ]
          ],
          [
            [
              3400600,
              1757875
            ],
            [
              3400625,
              1757875
            ]
          ],
          [
            [
              3400600,
              1757900
            ],
            [
              3400600,
              1757875
            ]
          ],
          [
            [
              3400625,
              1757850
            ],
            [
              3400650,
              1757850
            ]
          ],
          [
            [
              3400625,
              1757875
            ],
            [
              3400625,
              1757850
            ]
          ],
          [
            [
              3400650,
              1757850
            ],
            [
              3400675,
              1757850
            ]
          ],
          [
            [
              3400675,
              1757825
            ],
            [
              3400700,
              1757825
            ]
          ],
          [
            [
              3400675,
              1757850
            ],
            [
              3400675,
              1757825
            ]
          ],
          [
            [
              3400700,
              1757825
            ],
            [
              3400725,
              1757825
            ]
          ],
          [
            [
              3400725,
              1757800
            ],
            [
              3400750,
              1757800
            ]
          ],
          [
            [
              3400725,
              1757825
            ],
            [
              3400725,
              1757800
            ]
          ],
          [
            [
              3400750,
              1757775
            ],
            [
              3400775,
              1757775
            ]
          ],
          [
            [
              3400750,
              1757800
            ],
            [
              3400750,
              1757775
            ]
          ],
          [
            [
              3400775,
              1757750
            ],
            [
              3400800,
              1757750
            ]
          ],
          [
            [
              3400775,
              1757775
            ],
            [
              3400775,
              1757750
            ]
          ],
          [
            [
              3400775,
              1758025
            ],
            [
              3400775,
              1758050
            ]
          ],
          [
            [
              3400775,
              1758050
            ],
            [
              3400775,
              1758075
            ]
          ],
          [
            [
              3400775,
              1758075
            ],
            [
              3400800,
              1758075
            ]
          ],
          [
            [
              3400800,
              1757750
            ],
            [
              3400800,
              1757775
            ]
          ],
          [
            [
              3400800,
              1757775
            ],
            [
              3400825,
              1757775
            ]
          ],
          [
            [
              3400800,
              1757975
            ],
            [
              3400800,
              1758000
            ]
          ],
          [
            [
              3400800,
              1758000
            ],
            [
              3400800,
              1758025
            ]
          ],
          [
            [
              3400800,
              1758025
            ],
            [
              3400775,
              1758025
            ]
          ],
          [
            [
              3400800,
              1758075
            ],
            [
              3400825,
              1758075
            ]
          ],
          [
            [
              3400825,
              1757775
            ],
            [
              3400825,
              1757800
            ]
          ],
          [
            [
              3400825,
              1757800
            ],
            [
              3400850,
              1757800
            ]
          ],
          [
            [
              3400825,
              1757950
            ],
            [
              3400825,
              1757975
            ]
          ],
          [
            [
              3400825,
              1757975
            ],
            [
              3400800,
              1757975
            ]
          ],
          [
            [
              3400825,
              1758075
            ],
            [
              3400825,
              1758100
            ]
          ],
          [
            [
              3400825,
              1758100
            ],
            [
              3400850,
              1758100
            ]
          ],
          [
            [
              3400850,
              1757800
            ],
            [
              3400850,
              1757825
            ]
          ],
          [
            [
              3400850,
              1757825
            ],
            [
              3400875,
              1757825
            ]
          ],
          [
            [
              3400850,
              1757950
            ],
            [
              3400825,
              1757950
            ]
          ],
          [
            [
              3400850,
              1758100
            ],
            [
              3400875,
              1758100
            ]
          ],
          [
            [
              3400875,
              1757825
            ],
            [
              3400900,
              1757825
            ]
          ],
          [
            [
              3400875,
              1757950
            ],
            [
              3400850,
              1757950
            ]
          ],
          [
            [
              3400875,
              1758100
            ],
            [
              3400875,
              1758125
            ]
          ],
          [
            [
              3400875,
              1758125
            ],
            [
              3400900,
              1758125
            ]
          ],
          [
            [
              3400900,
              1757825
            ],
            [
              3400900,
              1757850
            ]
          ],
          [
            [
              3400900,
              1757850
            ],
            [
              3400925,
              1757850
            ]
          ],
          [
            [
              3400900,
              1757950
            ],
            [
              3400875,
              1757950
            ]
          ],
          [
            [
              3400900,
              1757975
            ],
            [
              3400900,
              1757950
            ]
          ],
          [
            [
              3400900,
              1758125
            ],
            [
              3400925,
              1758125
            ]
          ],
          [
            [
              3400925,
              1757850
            ],
            [
              3400925,
              1757875
            ]
          ],
          [
            [
              3400925,
              1757875
            ],
            [
              3400950,
              1757875
            ]
          ],
          [
            [
              3400925,
              1757975
            ],
            [
              3400900,
              1757975
            ]
          ],
          [
            [
              3400925,
              1758125
            ],
            [
              3400950,
              1758125
            ]
          ],
          [
            [
              3400950,
              1757875
            ],
            [
              3400950,
              1757900
            ]
          ],
          [
            [
              3400950,
              1757900
            ],
            [
              3400975,
              1757900
            ]
          ],
          [
            [
              3400950,
              1757975
            ],
            [
              3400925,
              1757975
            ]
          ],
          [
            [
              3400950,
              1758000
            ],
            [
              3400950,
              1757975
            ]
          ],
          [
            [
              3400950,
              1758125
            ],
            [
              3400975,
              1758125
            ]
          ],
          [
            [
              3400975,
              1757900
            ],
            [
              3401000,
              1757900
            ]
          ],
          [
            [
              3400975,
              1758000
            ],
            [
              3400950,
              1758000
            ]
          ],
          [
            [
              3400975,
              1758125
            ],
            [
              3400975,
              1758150
            ]
          ],
          [
            [
              3400975,
              1758150
            ],
            [
              3401000,
              1758150
            ]
          ],
          [
            [
              3401000,
              1757900
            ],
            [
              3401000,
              1757925
            ]
          ],
          [
            [
              3401000,
              1757925
            ],
            [
              3401025,
              1757925
            ]
          ],
          [
            [
              3401000,
              1758000
            ],
            [
              3400975,
              1758000
            ]
          ],
          [
            [
              3401000,
              1758025
            ],
            [
              3401000,
              1758000
            ]
          ],
          [
            [
              3401000,
              1758150
            ],
            [
              3401025,
              1758150
            ]
          ],
          [
            [
              3401025,
              1757925
            ],
            [
              3401025,
              1757950
            ]
          ],
          [
            [
              3401025,
              1757950
            ],
            [
              3401050,
              1757950
            ]
          ],
          [
            [
              3401025,
              1758025
            ],
            [
              3401000,
              1758025
            ]
          ],
          [
            [
              3401025,
              1758150
            ],
            [
              3401050,
              1758150
            ]
          ],
          [
            [
              3401050,
              1757525
            ],
            [
              3401075,
              1757525
            ]
          ],
          [
            [
              3401050,
              1757550
            ],
            [
              3401050,
              1757525
            ]
          ],
          [
            [
              3401050,
              1757950
            ],
            [
              3401050,
              1757975
            ]
          ],
          [
            [
              3401050,
              1757975
            ],
            [
              3401075,
              1757975
            ]
          ],
          [
            [
              3401050,
              1758025
            ],
            [
              3401025,
              1758025
            ]
          ],
          [
            [
              3401050,
              1758050
            ],
            [
              3401050,
              1758025
            ]
          ],
          [
            [
              3401050,
              1758150
            ],
            [
              3401075,
              1758150
            ]
          ],
          [
            [
              3401075,
              1757525
            ],
            [
              3401100,
              1757525
            ]
          ],
          [
            [
              3401075,
              1757550
            ],
            [
              3401050,
              1757550
            ]
          ],
          [
            [
              3401075,
              1757575
            ],
            [
              3401075,
              1757550
            ]
          ],
          [
            [
              3401075,
              1757975
            ],
            [
              3401075,
              1758000
            ]
          ],
          [
            [
              3401075,
              1758000
            ],
            [
              3401075,
              1758025
            ]
          ],
          [
            [
              3401075,
              1758025
            ],
            [
              3401075,
              1758050
            ]
          ],
          [
            [
              3401075,
              1758050
            ],
            [
              3401050,
              1758050
            ]
          ],
          [
            [
              3401075,
              1758150
            ],
            [
              3401100,
              1758150
            ]
          ],
          [
            [
              3401100,
              1757525
            ],
            [
              3401100,
              1757550
            ]
          ],
          [
            [
              3401100,
              1757550
            ],
            [
              3401125,
              1757550
            ]
          ],
          [
            [
              3401100,
              1757575
            ],
            [
              3401075,
              1757575
            ]
          ],
          [
            [
              3401100,
              1757600
            ],
            [
              3401100,
              1757575
            ]
          ],
          [
            [
              3401100,
              1758150
            ],
            [
              3401100,
              1758175
            ]
          ],
          [
            [
              3401100,
              1758175
            ],
            [
              3401125,
              1758175
            ]
          ],
          [
            [
              3401100,
              1758425
            ],
            [
              3401100,
              1758450
            ]
          ],
          [
            [
              3401100,
              1758450
            ],
            [
              3401100,
              1758475
            ]
          ],
          [
            [
              3401100,
              1758475
            ],
            [
              3401100,
              1758500
            ]
          ],
          [
            [
              3401100,
              1758500
            ],
            [
              3401125,
              1758500
            ]
          ],
          [
            [
              3401125,
              1757550
            ],
            [
              3401150,
              1757550
            ]
          ],
          [
            [
              3401125,
              1757600
            ],
            [
              3401100,
              1757600
            ]
          ],
          [
            [
              3401125,
              1758175
            ],
            [
              3401150,
              1758175
            ]
          ],
          [
            [
              3401125,
              1758375
            ],
            [
              3401125,
              1758400
            ]
          ],
          [
            [
              3401125,
              1758400
            ],
            [
              3401125,
              1758425
            ]
          ],
          [
            [
              3401125,
              1758425
            ],
            [
              3401100,
              1758425
            ]
          ],
          [
            [
              3401125,
              1758500
            ],
            [
              3401125,
              1758525
            ]
          ],
          [
            [
              3401125,
              1758525
            ],
            [
              3401150,
              1758525
            ]
          ],
          [
            [
              3401150,
              1757550
            ],
            [
              3401150,
              1757575
            ]
          ],
          [
            [
              3401150,
              1757575
            ],
            [
              3401175,
              1757575
            ]
          ],
          [
            [
              3401150,
              1757600
            ],
            [
              3401125,
              1757600
            ]
          ],
          [
            [
              3401150,
              1757625
            ],
            [
              3401150,
              1757600
            ]
          ],
          [
            [
              3401150,
              1758150
            ],
            [
              3401175,
              1758150
            ]
          ],
          [
            [
              3401150,
              1758175
            ],
            [
              3401150,
              1758150
            ]
          ],
          [
            [
              3401150,
              1758325
            ],
            [
              3401150,
              1758350
            ]
          ],
          [
            [
              3401150,
              1758350
            ],
            [
              3401150,
              1758375
            ]
          ],
          [
            [
              3401150,
              1758375
            ],
            [
              3401125,
              1758375
            ]
          ],
          [
            [
              3401150,
              1758525
            ],
            [
              3401150,
              1758550
            ]
          ],
          [
            [
              3401150,
              1758550
            ],
            [
              3401175,
              1758550
            ]
          ],
          [
            [
              3401175,
              1757575
            ],
            [
              3401175,
              1757600
            ]
          ],
          [
            [
              3401175,
              1757600
            ],
            [
              3401200,
              1757600
            ]
          ],
          [
            [
              3401175,
              1757625
            ],
            [
              3401150,
              1757625
            ]
          ],
          [
            [
              3401175,
              1757650
            ],
            [
              3401175,
              1757625
            ]
          ],
          [
            [
              3401175,
              1758125
            ],
            [
              3401200,
              1758125
            ]
          ],
          [
            [
              3401175,
              1758150
            ],
            [
              3401175,
              1758125
            ]
          ],
          [
            [
              3401175,
              1758275
            ],
            [
              3401175,
              1758300
            ]
          ],
          [
            [
              3401175,
              1758300
            ],
            [
              3401175,
              1758325
            ]
          ],
          [
            [
              3401175,
              1758325
            ],
            [
              3401150,
              1758325
            ]
          ],
          [
            [
              3401175,
              1758550
            ],
            [
              3401175,
              1758575
            ]
          ],
          [
            [
              3401175,
              1758575
            ],
            [
              3401200,
              1758575
            ]
          ],
          [
            [
              3401200,
              1757600
            ],
            [
              3401225,
              1757600
            ]
          ],
          [
            [
              3401200,
              1757650
            ],
            [
              3401175,
              1757650
            ]
          ],
          [
            [
              3401200,
              1757675
            ],
            [
              3401200,
              1757650
            ]
          ],
          [
            [
              3401200,
              1758100
            ],
            [
              3401225,
              1758100
            ]
          ],
          [
            [
              3401200,
              1758125
            ],
            [
              3401200,
              1758100
            ]
          ],
          [
            [
              3401200,
              1758275
            ],
            [
              3401175,
              1758275
            ]
          ],
          [
            [
              3401200,
              1758575
            ],
            [
              3401200,
              1758600
            ]
          ],
          [
            [
              3401200,
              1758600
            ],
            [
              3401225,
              1758600
            ]
          ],
          [
            [
              3401225,
              1757600
            ],
            [
              3401225,
              1757625
            ]
          ],
          [
            [
              3401225,
              1757625
            ],
            [
              3401250,
              1757625
            ]
          ],
          [
            [
              3401225,
              1757675
            ],
            [
              3401200,
              1757675
            ]
          ],
          [
            [
              3401225,
              1758100
            ],
            [
              3401250,
              1758100
            ]
          ],
          [
            [
              3401225,
              1758275
            ],
            [
              3401200,
              1758275
            ]
          ],
          [
            [
              3401225,
              1758600
            ],
            [
              3401225,
              1758625
            ]
          ],
          [
            [
              3401225,
              1758625
            ],
            [
              3401225,
              1758650
            ]
          ],
          [
            [
              3401225,
              1758650
            ],
            [
              3401250,
              1758650
            ]
          ],
          [
            [
              3401250,
              1757625
            ],
            [
              3401250,
              1757650
            ]
          ],
          [
            [
              3401250,
              1757650
            ],
            [
              3401275,
              1757650
            ]
          ],
          [
            [
              3401250,
              1757675
            ],
            [
              3401225,
              1757675
            ]
          ],
          [
            [
              3401250,
              1757700
            ],
            [
              3401250,
              1757675
            ]
          ],
          [
            [
              3401250,
              1758100
            ],
            [
              3401275,
              1758100
            ]
          ],
          [
            [
              3401250,
              1758275
            ],
            [
              3401225,
              1758275
            ]
          ],
          [
            [
              3401250,
              1758300
            ],
            [
              3401250,
              1758275
            ]
          ],
          [
            [
              3401250,
              1758650
            ],
            [
              3401250,
              1758675
            ]
          ],
          [
            [
              3401250,
              1758675
            ],
            [
              3401275,
              1758675
            ]
          ],
          [
            [
              3401275,
              1757650
            ],
            [
              3401275,
              1757675
            ]
          ],
          [
            [
              3401275,
              1757675
            ],
            [
              3401300,
              1757675
            ]
          ],
          [
            [
              3401275,
              1757700
            ],
            [
              3401250,
              1757700
            ]
          ],
          [
            [
              3401275,
              1757725
            ],
            [
              3401275,
              1757700
            ]
          ],
          [
            [
              3401275,
              1758100
            ],
            [
              3401275,
              1758125
            ]
          ],
          [
            [
              3401275,
              1758125
            ],
            [
              3401275,
              1758150
            ]
          ],
          [
            [
              3401275,
              1758150
            ],
            [
              3401275,
              1758175
            ]
          ],
          [
            [
              3401275,
              1758175
            ],
            [
              3401275,
              1758200
            ]
          ],
          [
            [
              3401275,
              1758200
            ],
            [
              3401300,
              1758200
            ]
          ],
          [
            [
              3401275,
              1758300
            ],
            [
              3401250,
              1758300
            ]
          ],
          [
            [
              3401275,
              1758675
            ],
            [
              3401275,
              1758700
            ]
          ],
          [
            [
              3401275,
              1758700
            ],
            [
              3401300,
              1758700
            ]
          ],
          [
            [
              3401300,
              1757675
            ],
            [
              3401300,
              1757700
            ]
          ],
          [
            [
              3401300,
              1757700
            ],
            [
              3401325,
              1757700
            ]
          ],
          [
            [
              3401300,
              1757725
            ],
            [
              3401275,
              1757725
            ]
          ],
          [
            [
              3401300,
              1757750
            ],
            [
              3401300,
              1757725
            ]
          ],
          [
            [
              3401300,
              1758200
            ],
            [
              3401325,
              1758200
            ]
          ],
          [
            [
              3401300,
              1758300
            ],
            [
              3401275,
              1758300
            ]
          ],
          [
            [
              3401300,
              1758700
            ],
            [
              3401300,
              1758725
            ]
          ],
          [
            [
              3401300,
              1758725
            ],
            [
              3401325,
              1758725
            ]
          ],
          [
            [
              3401325,
              1757700
            ],
            [
              3401350,
              1757700
            ]
          ],
          [
            [
              3401325,
              1757750
            ],
            [
              3401300,
              1757750
            ]
          ],
          [
            [
              3401325,
              1758200
            ],
            [
              3401325,
              1758225
            ]
          ],
          [
            [
              3401325,
              1758225
            ],
            [
              3401350,
              1758225
            ]
          ],
          [
            [
              3401325,
              1758300
            ],
            [
              3401300,
              1758300
            ]
          ],
          [
            [
              3401325,
              1758325
            ],
            [
              3401325,
              1758300
            ]
          ],
          [
            [
              3401325,
              1758725
            ],
            [
              3401325,
              1758750
            ]
          ],
          [
            [
              3401325,
              1758750
            ],
            [
              3401350,
              1758750
            ]
          ],
          [
            [
              3401350,
              1757700
            ],
            [
              3401350,
              1757725
            ]
          ],
          [
            [
              3401350,
              1757725
            ],
            [
              3401375,
              1757725
            ]
          ],
          [
            [
              3401350,
              1757750
            ],
            [
              3401325,
              1757750
            ]
          ],
          [
            [
              3401350,
              1757775
            ],
            [
              3401350,
              1757750
            ]
          ],
          [
            [
              3401350,
              1758225
            ],
            [
              3401375,
              1758225
            ]
          ],
          [
            [
              3401350,
              1758325
            ],
            [
              3401325,
              1758325
            ]
          ],
          [
            [
              3401350,
              1758750
            ],
            [
              3401375,
              1758750
            ]
          ],
          [
            [
              3401375,
              1757725
            ],
            [
              3401375,
              1757750
            ]
          ],
          [
            [
              3401375,
              1757750
            ],
            [
              3401400,
              1757750
            ]
          ],
          [
            [
              3401375,
              1757775
            ],
            [
              3401350,
              1757775
            ]
          ],
          [
            [
              3401375,
              1757800
            ],
            [
              3401375,
              1757775
            ]
          ],
          [
            [
              3401375,
              1758225
            ],
            [
              3401375,
              1758250
            ]
          ],
          [
            [
              3401375,
              1758250
            ],
            [
              3401400,
              1758250
            ]
          ],
          [
            [
              3401375,
              1758325
            ],
            [
              3401350,
              1758325
            ]
          ],
          [
            [
              3401375,
              1758750
            ],
            [
              3401375,
              1758775
            ]
          ],
          [
            [
              3401375,
              1758775
            ],
            [
              3401400,
              1758775
            ]
          ],
          [
            [
              3401400,
              1757750
            ],
            [
              3401400,
              1757775
            ]
          ],
          [
            [
              3401400,
              1757775
            ],
            [
              3401425,
              1757775
            ]
          ],
          [
            [
              3401400,
              1757800
            ],
            [
              3401375,
              1757800
            ]
          ],
          [
            [
              3401400,
              1757825
            ],
            [
              3401400,
              1757800
            ]
          ],
          [
            [
              3401400,
              1758250
            ],
            [
              3401425,
              1758250
            ]
          ],
          [
            [
              3401400,
              1758300
            ],
            [
              3401400,
              1758325
            ]
          ],
          [
            [
              3401400,
              1758325
            ],
            [
              3401375,
              1758325
            ]
          ],
          [
            [
              3401400,
              1758775
            ],
            [
              3401425,
              1758775
            ]
          ],
          [
            [
              3401425,
              1757775
            ],
            [
              3401450,
              1757775
            ]
          ],
          [
            [
              3401425,
              1757825
            ],
            [
              3401400,
              1757825
            ]
          ],
          [
            [
              3401425,
              1757850
            ],
            [
              3401425,
              1757825
            ]
          ],
          [
            [
              3401425,
              1758250
            ],
            [
              3401425,
              1758275
            ]
          ],
          [
            [
              3401425,
              1758275
            ],
            [
              3401425,
              1758300
            ]
          ],
          [
            [
              3401425,
              1758300
            ],
            [
              3401400,
              1758300
            ]
          ],
          [
            [
              3401425,
              1758775
            ],
            [
              3401425,
              1758800
            ]
          ],
          [
            [
              3401425,
              1758800
            ],
            [
              3401450,
              1758800
            ]
          ],
          [
            [
              3401450,
              1757775
            ],
            [
              3401450,
              1757800
            ]
          ],
          [
            [
              3401450,
              1757800
            ],
            [
              3401475,
              1757800
            ]
          ],
          [
            [
              3401450,
              1757850
            ],
            [
              3401425,
              1757850
            ]
          ],
          [
            [
              3401450,
              1758800
            ],
            [
              3401475,
              1758800
            ]
          ],
          [
            [
              3401475,
              1757800
            ],
            [
              3401475,
              1757825
            ]
          ],
          [
            [
              3401475,
              1757825
            ],
            [
              3401500,
              1757825
            ]
          ],
          [
            [
              3401475,
              1757850
            ],
            [
              3401450,
              1757850
            ]
          ],
          [
            [
              3401475,
              1758800
            ],
            [
              3401500,
              1758800
            ]
          ],
          [
            [
              3401500,
              1757825
            ],
            [
              3401525,
              1757825
            ]
          ],
          [
            [
              3401500,
              1757850
            ],
            [
              3401475,
              1757850
            ]
          ],
          [
            [
              3401500,
              1757875
            ],
            [
              3401500,
              1757850
            ]
          ],
          [
            [
              3401500,
              1757900
            ],
            [
              3401500,
              1757875
            ]
          ],
          [
            [
              3401500,
              1758800
            ],
            [
              3401500,
              1758825
            ]
          ],
          [
            [
              3401500,
              1758825
            ],
            [
              3401525,
              1758825
            ]
          ],
          [
            [
              3401525,
              1757825
            ],
            [
              3401525,
              1757850
            ]
          ],
          [
            [
              3401525,
              1757850
            ],
            [
              3401550,
              1757850
            ]
          ],
          [
            [
              3401525,
              1757900
            ],
            [
              3401500,
              1757900
            ]
          ],
          [
            [
              3401525,
              1757925
            ],
            [
              3401525,
              1757900
            ]
          ],
          [
            [
              3401525,
              1758825
            ],
            [
              3401550,
              1758825
            ]
          ],
          [
            [
              3401550,
              1757850
            ],
            [
              3401550,
              1757875
            ]
          ],
          [
            [
              3401550,
              1757875
            ],
            [
              3401575,
              1757875
            ]
          ],
          [
            [
              3401550,
              1757925
            ],
            [
              3401525,
              1757925
            ]
          ],
          [
            [
              3401550,
              1758825
            ],
            [
              3401575,
              1758825
            ]
          ],
          [
            [
              3401575,
              1757875
            ],
            [
              3401600,
              1757875
            ]
          ],
          [
            [
              3401575,
              1757925
            ],
            [
              3401550,
              1757925
            ]
          ],
          [
            [
              3401575,
              1757950
            ],
            [
              3401575,
              1757925
            ]
          ],
          [
            [
              3401575,
              1758825
            ],
            [
              3401575,
              1758850
            ]
          ],
          [
            [
              3401575,
              1758850
            ],
            [
              3401600,
              1758850
            ]
          ],
          [
            [
              3401600,
              1757875
            ],
            [
              3401600,
              1757900
            ]
          ],
          [
            [
              3401600,
              1757900
            ],
            [
              3401625,
              1757900
            ]
          ],
          [
            [
              3401600,
              1757950
            ],
            [
              3401575,
              1757950
            ]
          ],
          [
            [
              3401600,
              1757975
            ],
            [
              3401600,
              1757950
            ]
          ],
          [
            [
              3401600,
              1758350
            ],
            [
              3401625,
              1758350
            ]
          ],
          [
            [
              3401600,
              1758375
            ],
            [
              3401600,
              1758350
            ]
          ],
          [
            [
              3401600,
              1758400
            ],
            [
              3401600,
              1758375
            ]
          ],
          [
            [
              3401600,
              1758850
            ],
            [
              3401625,
              1758850
            ]
          ],
          [
            [
              3401625,
              1757900
            ],
            [
              3401625,
              1757925
            ]
          ],
          [
            [
              3401625,
              1757925
            ],
            [
              3401650,
              1757925
            ]
          ],
          [
            [
              3401625,
              1757975
            ],
            [
              3401600,
              1757975
            ]
          ],
          [
            [
              3401625,
              1758000
            ],
            [
              3401625,
              1757975
            ]
          ],
          [
            [
              3401625,
              1758325
            ],
            [
              3401650,
              1758325
            ]
          ],
          [
            [
              3401625,
              1758350
            ],
            [
              3401625,
              1758325
            ]
          ],
          [
            [
              3401625,
              1758400
            ],
            [
              3401600,
              1758400
            ]
          ],
          [
            [
              3401625,
              1758425
            ],
            [
              3401625,
              1758400
            ]
          ],
          [
            [
              3401625,
              1758850
            ],
            [
              3401650,
              1758850
            ]
          ],
          [
            [
              3401650,
              1757925
            ],
            [
              3401650,
              1757950
            ]
          ],
          [
            [
              3401650,
              1757950
            ],
            [
              3401675,
              1757950
            ]
          ],
          [
            [
              3401650,
              1758000
            ],
            [
              3401625,
              1758000
            ]
          ],
          [
            [
              3401650,
              1758025
            ],
            [
              3401650,
              1758000
            ]
          ],
          [
            [
              3401650,
              1758325
            ],
            [
              3401650,
              1758350
            ]
          ],
          [
            [
              3401650,
              1758350
            ],
            [
              3401650,
              1758375
            ]
          ],
          [
            [
              3401650,
              1758375
            ],
            [
              3401675,
              1758375
            ]
          ],
          [
            [
              3401650,
              1758425
            ],
            [
              3401625,
              1758425
            ]
          ],
          [
            [
              3401650,
              1758850
            ],
            [
              3401675,
              1758850
            ]
          ],
          [
            [
              3401675,
              1757950
            ],
            [
              3401675,
              1757975
            ]
          ],
          [
            [
              3401675,
              1757975
            ],
            [
              3401675,
              1758000
            ]
          ],
          [
            [
              3401675,
              1758000
            ],
            [
              3401700,
              1758000
            ]
          ],
          [
            [
              3401675,
              1758025
            ],
            [
              3401650,
              1758025
            ]
          ],
          [
            [
              3401675,
              1758375
            ],
            [
              3401700,
              1758375
            ]
          ],
          [
            [
              3401675,
              1758425
            ],
            [
              3401650,
              1758425
            ]
          ],
          [
            [
              3401675,
              1758450
            ],
            [
              3401675,
              1758425
            ]
          ],
          [
            [
              3401675,
              1758850
            ],
            [
              3401700,
              1758850
            ]
          ],
          [
            [
              3401700,
              1758000
            ],
            [
              3401725,
              1758000
            ]
          ],
          [
            [
              3401700,
              1758025
            ],
            [
              3401675,
              1758025
            ]
          ],
          [
            [
              3401700,
              1758375
            ],
            [
              3401700,
              1758400
            ]
          ],
          [
            [
              3401700,
              1758400
            ],
            [
              3401725,
              1758400
            ]
          ],
          [
            [
              3401700,
              1758450
            ],
            [
              3401675,
              1758450
            ]
          ],
          [
            [
              3401700,
              1758475
            ],
            [
              3401700,
              1758450
            ]
          ],
          [
            [
              3401700,
              1758850
            ],
            [
              3401700,
              1758875
            ]
          ],
          [
            [
              3401700,
              1758875
            ],
            [
              3401725,
              1758875
            ]
          ],
          [
            [
              3401725,
              1758000
            ],
            [
              3401725,
              1758025
            ]
          ],
          [
            [
              3401725,
              1758025
            ],
            [
              3401700,
              1758025
            ]
          ],
          [
            [
              3401725,
              1758025
            ],
            [
              3401750,
              1758025
            ]
          ],
          [
            [
              3401725,
              1758050
            ],
            [
              3401725,
              1758025
            ]
          ],
          [
            [
              3401725,
              1758400
            ],
            [
              3401725,
              1758425
            ]
          ],
          [
            [
              3401725,
              1758425
            ],
            [
              3401750,
              1758425
            ]
          ],
          [
            [
              3401725,
              1758475
            ],
            [
              3401700,
              1758475
            ]
          ],
          [
            [
              3401725,
              1758875
            ],
            [
              3401750,
              1758875
            ]
          ],
          [
            [
              3401750,
              1758025
            ],
            [
              3401750,
              1758050
            ]
          ],
          [
            [
              3401750,
              1758050
            ],
            [
              3401725,
              1758050
            ]
          ],
          [
            [
              3401750,
              1758050
            ],
            [
              3401775,
              1758050
            ]
          ],
          [
            [
              3401750,
              1758075
            ],
            [
              3401750,
              1758050
            ]
          ],
          [
            [
              3401750,
              1758425
            ],
            [
              3401775,
              1758425
            ]
          ],
          [
            [
              3401750,
              1758475
            ],
            [
              3401725,
              1758475
            ]
          ],
          [
            [
              3401750,
              1758500
            ],
            [
              3401750,
              1758475
            ]
          ],
          [
            [
              3401750,
              1758875
            ],
            [
              3401775,
              1758875
            ]
          ],
          [
            [
              3401775,
              1758050
            ],
            [
              3401800,
              1758050
            ]
          ],
          [
            [
              3401775,
              1758075
            ],
            [
              3401750,
              1758075
            ]
          ],
          [
            [
              3401775,
              1758100
            ],
            [
              3401775,
              1758075
            ]
          ],
          [
            [
              3401775,
              1758425
            ],
            [
              3401800,
              1758425
            ]
          ],
          [
            [
              3401775,
              1758500
            ],
            [
              3401750,
              1758500
            ]
          ],
          [
            [
              3401775,
              1758525
            ],
            [
              3401775,
              1758500
            ]
          ],
          [
            [
              3401775,
              1758550
            ],
            [
              3401775,
              1758525
            ]
          ],
          [
            [
              3401775,
              1758575
            ],
            [
              3401775,
              1758550
            ]
          ],
          [
            [
              3401775,
              1758600
            ],
            [
              3401775,
              1758575
            ]
          ],
          [
            [
              3401775,
              1758625
            ],
            [
              3401775,
              1758600
            ]
          ],
          [
            [
              3401775,
              1758650
            ],
            [
              3401775,
              1758625
            ]
          ],
          [
            [
              3401775,
              1758675
            ],
            [
              3401775,
              1758650
            ]
          ],
          [
            [
              3401775,
              1758700
            ],
            [
              3401775,
              1758675
            ]
          ],
          [
            [
              3401775,
              1758725
            ],
            [
              3401775,
              1758700
            ]
          ],
          [
            [
              3401775,
              1758750
            ],
            [
              3401775,
              1758725
            ]
          ],
          [
            [
              3401775,
              1758775
            ],
            [
              3401775,
              1758750
            ]
          ],
          [
            [
              3401775,
              1758800
            ],
            [
              3401775,
              1758775
            ]
          ],
          [
            [
              3401775,
              1758825
            ],
            [
              3401775,
              1758800
            ]
          ],
          [
            [
              3401775,
              1758850
            ],
            [
              3401775,
              1758825
            ]
          ],
          [
            [
              3401775,
              1758875
            ],
            [
              3401775,
              1758850
            ]
          ],
          [
            [
              3401800,
              1758050
            ],
            [
              3401800,
              1758075
            ]
          ],
          [
            [
              3401800,
              1758075
            ],
            [
              3401825,
              1758075
            ]
          ],
          [
            [
              3401800,
              1758100
            ],
            [
              3401775,
              1758100
            ]
          ],
          [
            [
              3401800,
              1758125
            ],
            [
              3401800,
              1758100
            ]
          ],
          [
            [
              3401800,
              1758425
            ],
            [
              3401825,
              1758425
            ]
          ],
          [
            [
              3401825,
              1758075
            ],
            [
              3401850,
              1758075
            ]
          ],
          [
            [
              3401825,
              1758125
            ],
            [
              3401800,
              1758125
            ]
          ],
          [
            [
              3401825,
              1758150
            ],
            [
              3401825,
              1758125
            ]
          ],
          [
            [
              3401825,
              1758175
            ],
            [
              3401825,
              1758150
            ]
          ],
          [
            [
              3401825,
              1758200
            ],
            [
              3401825,
              1758175
            ]
          ],
          [
            [
              3401825,
              1758225
            ],
            [
              3401825,
              1758200
            ]
          ],
          [
            [
              3401825,
              1758325
            ],
            [
              3401850,
              1758325
            ]
          ],
          [
            [
              3401825,
              1758350
            ],
            [
              3401825,
              1758325
            ]
          ],
          [
            [
              3401825,
              1758375
            ],
            [
              3401825,
              1758350
            ]
          ],
          [
            [
              3401825,
              1758400
            ],
            [
              3401825,
              1758375
            ]
          ],
          [
            [
              3401825,
              1758425
            ],
            [
              3401825,
              1758400
            ]
          ],
          [
            [
              3401850,
              1758075
            ],
            [
              3401875,
              1758075
            ]
          ],
          [
            [
              3401850,
              1758225
            ],
            [
              3401825,
              1758225
            ]
          ],
          [
            [
              3401850,
              1758250
            ],
            [
              3401850,
              1758225
            ]
          ],
          [
            [
              3401850,
              1758275
            ],
            [
              3401875,
              1758275
            ]
          ],
          [
            [
              3401850,
              1758300
            ],
            [
              3401850,
              1758275
            ]
          ],
          [
            [
              3401850,
              1758325
            ],
            [
              3401850,
              1758300
            ]
          ],
          [
            [
              3401875,
              1758075
            ],
            [
              3401875,
              1758100
            ]
          ],
          [
            [
              3401875,
              1758100
            ],
            [
              3401875,
              1758125
            ]
          ],
          [
            [
              3401875,
              1758125
            ],
            [
              3401875,
              1758150
            ]
          ],
          [
            [
              3401875,
              1758150
            ],
            [
              3401875,
              1758175
            ]
          ],
          [
            [
              3401875,
              1758175
            ],
            [
              3401900,
              1758175
            ]
          ],
          [
            [
              3401875,
              1758200
            ],
            [
              3401875,
              1758225
            ]
          ],
          [
            [
              3401875,
              1758225
            ],
            [
              3401875,
              1758250
            ]
          ],
          [
            [
              3401875,
              1758250
            ],
            [
              3401850,
              1758250
            ]
          ],
          [
            [
              3401875,
              1758275
            ],
            [
              3401875,
              1758300
            ]
          ],
          [
            [
              3401875,
              1758300
            ],
            [
              3401875,
              1758325
            ]
          ],
          [
            [
              3401875,
              1758325
            ],
            [
              3401875,
              1758350
            ]
          ],
          [
            [
              3401875,
              1758350
            ],
            [
              3401875,
              1758375
            ]
          ],
          [
            [
              3401875,
              1758375
            ],
            [
              3401875,
              1758400
            ]
          ],
          [
            [
              3401875,
              1758400
            ],
            [
              3401875,
              1758425
            ]
          ],
          [
            [
              3401875,
              1758425
            ],
            [
              3401875,
              1758450
            ]
          ],
          [
            [
              3401875,
              1758450
            ],
            [
              3401875,
              1758475
            ]
          ],
          [
            [
              3401875,
              1758475
            ],
            [
              3401875,
              1758500
            ]
          ],
          [
            [
              3401875,
              1758500
            ],
            [
              3401875,
              1758525
            ]
          ],
          [
            [
              3401875,
              1758525
            ],
            [
              3401875,
              1758550
            ]
          ],
          [
            [
              3401875,
              1758550
            ],
            [
              3401875,
              1758575
            ]
          ],
          [
            [
              3401875,
              1758575
            ],
            [
              3401875,
              1758600
            ]
          ],
          [
            [
              3401875,
              1758600
            ],
            [
              3401900,
              1758600
            ]
          ],
          [
            [
              3401900,
              1758175
            ],
            [
              3401900,
              1758200
            ]
          ],
          [
            [
              3401900,
              1758200
            ],
            [
              3401875,
              1758200
            ]
          ],
          [
            [
              3401900,
              1758600
            ],
            [
              3401900,
              1758625
            ]
          ],
          [
            [
              3401900,
              1758625
            ],
            [
              3401900,
              1758650
            ]
          ],
          [
            [
              3401900,
              1758650
            ],
            [
              3401925,
              1758650
            ]
          ],
          [
            [
              3401925,
              1758650
            ],
            [
              3401925,
              1758675
            ]
          ],
          [
            [
              3401925,
              1758675
            ],
            [
              3401925,
              1758700
            ]
          ],
          [
            [
              3401925,
              1758700
            ],
            [
              3401925,
              1758725
            ]
          ],
          [
            [
              3401925,
              1758725
            ],
            [
              3401925,
              1758750
            ]
          ],
          [
            [
              3401925,
              1758750
            ],
            [
              3401925,
              1758775
            ]
          ],
          [
            [
              3401925,
              1758775
            ],
            [
              3401925,
              1758800
            ]
          ],
          [
            [
              3401925,
              1758800
            ],
            [
              3401925,
              1758825
            ]
          ],
          [
            [
              3401925,
              1758825
            ],
            [
              3401925,
              1758850
            ]
          ],
          [
            [
              3401925,
              1758850
            ],
            [
              3401925,
              1758875
            ]
          ],
          [
            [
              3401925,
              1758875
            ],
            [
              3401950,
              1758875
            ]
          ],
          [
            [
              3401950,
              1758875
            ],
            [
              3401950,
              1758900
            ]
          ],
          [
            [
              3401950,
              1758900
            ],
            [
              3401975,
              1758900
            ]
          ],
          [
            [
              3401975,
              1758900
            ],
            [
              3401975,
              1758925
            ]
          ],
          [
            [
              3401975,
              1758925
            ],
            [
              3401975,
              1758950
            ]
          ],
          [
            [
              3401975,
              1758950
            ],
            [
              3402000,
              1758950
            ]
          ],
          [
            [
              3402000,
              1758950
            ],
            [
              3402000,
              1758975
            ]
          ],
          [
            [
              3402000,
              1758975
            ],
            [
              3402025,
              1758975
            ]
          ],
          [
            [
              3402025,
              1758975
            ],
            [
              3402025,
              1759000
            ]
          ],
          [
            [
              3402025,
              1759000
            ],
            [
              3402050,
              1759000
            ]
          ],
          [
            [
              3402050,
              1759000
            ],
            [
              3402050,
              1759025
            ]
          ],
          [
            [
              3402050,
              1759025
            ],
            [
              3402075,
              1759025
            ]
          ],
          [
            [
              3402075,
              1759025
            ],
            [
              3402075,
              1759050
            ]
          ],
          [
            [
              3402075,
              1759050
            ],
            [
              3402100,
              1759050
            ]
          ],
          [
            [
              3402100,
              1759050
            ],
            [
              3402100,
              1759075
            ]
          ],
          [
            [
              3402100,
              1759075
            ],
            [
              3402125,
              1759075
            ]
          ],
          [
            [
              3402125,
              1759075
            ],
            [
              3402150,
              1759075
            ]
          ],
          [
            [
              3402150,
              1759075
            ],
            [
              3402150,
              1759100
            ]
          ],
          [
            [
              3402150,
              1759100
            ],
            [
              3402175,
              1759100
            ]
          ],
          [
            [
              3402175,
              1759100
            ],
            [
              3402175,
              1759125
            ]
          ],
          [
            [
              3402175,
              1759125
            ],
            [
              3402200,
              1759125
            ]
          ],
          [
            [
              3402200,
              1759125
            ],
            [
              3402200,
              1759150
            ]
          ],
          [
            [
              3402200,
              1759150
            ],
            [
              3402225,
              1759150
            ]
          ],
          [
            [
              3402225,
              1759150
            ],
            [
              3402225,
              1759175
            ]
          ],
          [
            [
              3402225,
              1759175
            ],
            [
              3402250,
              1759175
            ]
          ],
          [
            [
              3402250,
              1759175
            ],
            [
              3402250,
              1759200
            ]
          ],
          [
            [
              3402250,
              1759200
            ],
            [
              3402275,
              1759200
            ]
          ],
          [
            [
              3402275,
              1759200
            ],
            [
              3402300,
              1759200
            ]
          ],
          [
            [
              3402300,
              1759200
            ],
            [
              3402300,
              1759225
            ]
          ],
          [
            [
              3402300,
              1759225
            ],
            [
              3402325,
              1759225
            ]
          ],
          [
            [
              3402325,
              1759225
            ],
            [
              3402350,
              1759225
            ]
          ],
          [
            [
              3402350,
              1759225
            ],
            [
              3402375,
              1759225
            ]
          ],
          [
            [
              3402375,
              1759225
            ],
            [
              3402400,
              1759225
            ]
          ],
          [
            [
              3402400,
              1759225
            ],
            [
              3402400,
              1759250
            ]
          ],
          [
            [
              3402400,
              1759250
            ],
            [
              3402425,
              1759250
            ]
          ],
          [
            [
              3402425,
              1759250
            ],
            [
              3402425,
              1759275
            ]
          ],
          [
            [
              3402425,
              1759275
            ],
            [
              3402450,
              1759275
            ]
          ],
          [
            [
              3402450,
              1759275
            ],
            [
              3402450,
              1759300
            ]
          ],
          [
            [
              3402450,
              1759300
            ],
            [
              3402475,
              1759300
            ]
          ],
          [
            [
              3402475,
              1759300
            ],
            [
              3402475,
              1759325
            ]
          ],
          [
            [
              3402475,
              1759325
            ],
            [
              3402500,
              1759325
            ]
          ],
          [
            [
              3402500,
              1759325
            ],
            [
              3402525,
              1759325
            ]
          ],
          [
            [
              3402525,
              1759325
            ],
            [
              3402550,
              1759325
            ]
          ],
          [
            [
              3402550,
              1759325
            ],
            [
              3402550,
              1759350
            ]
          ],
          [
            [
              3402550,
              1759350
            ],
            [
              3402575,
              1759350
            ]
          ],
          [
            [
              3402575,
              1759350
            ],
            [
              3402600,
              1759350
            ]
          ],
          [
            [
              3402600,
              1759350
            ],
            [
              3402625,
              1759350
            ]
          ],
          [
            [
              3402625,
              1759350
            ],
            [
              3402650,
              1759350
            ]
          ],
          [
            [
              3402650,
              1759350
            ],
            [
              3402675,
              1759350
            ]
          ],
          [
            [
              3402675,
              1759350
            ],
            [
              3402675,
              1759375
            ]
          ],
          [
            [
              3402675,
              1759375
            ],
            [
              3402700,
              1759375
            ]
          ],
          [
            [
              3402700,
              1759375
            ],
            [
              3402725,
              1759375
            ]
          ],
          [
            [
              3402725,
              1759375
            ],
            [
              3402725,
              1759400
            ]
          ],
          [
            [
              3402725,
              1759400
            ],
            [
              3402725,
              1759425
            ]
          ],
          [
            [
              3402725,
              1759425
            ],
            [
              3402750,
              1759425
            ]
          ],
          [
            [
              3402750,
              1759425
            ],
            [
              3402750,
              1759450
            ]
          ],
          [
            [
              3402750,
              1759450
            ],
            [
              3402775,
              1759450
            ]
          ],
          [
            [
              3402775,
              1759450
            ],
            [
              3402800,
              1759450
            ]
          ],
          [
            [
              3402800,
              1759450
            ],
            [
              3402800,
              1759475
            ]
          ],
          [
            [
              3402800,
              1759475
            ],
            [
              3402825,
              1759475
            ]
          ],
          [
            [
              3402825,
              1759475
            ],
            [
              3402850,
              1759475
            ]
          ],
          [
            [
              3402850,
              1759475
            ],
            [
              3402850,
              1759500
            ]
          ],
          [
            [
              3402850,
              1759500
            ],
            [
              3402875,
              1759500
            ]
          ],
          [
            [
              3402875,
              1759500
            ],
            [
              3402900,
              1759500
            ]
          ],
          [
            [
              3402900,
              1759500
            ],
            [
              3402900,
              1759525
            ]
          ],
          [
            [
              3402900,
              1759525
            ],
            [
              3402925,
              1759525
            ]
          ],
          [
            [
              3402925,
              1759525
            ],
            [
              3402950,
              1759525
            ]
          ],
          [
            [
              3402950,
              1759525
            ],
            [
              3402975,
              1759525
            ]
          ],
          [
            [
              3402975,
              1759525
            ],
            [
              3403000,
              1759525
            ]
          ],
          [
            [
              3403000,
              1759500
            ],
            [
              3403025,
              1759500
            ]
          ],
          [
            [
              3403000,
              1759525
            ],
            [
              3403000,
              1759500
            ]
          ],
          [
            [
              3403025,
              1759500
            ],
            [
              3403050,
              1759500
            ]
          ],
          [
            [
              3403050,
              1759500
            ],
            [
              3403075,
              1759500
            ]
          ],
          [
            [
              3403075,
              1759500
            ],
            [
              3403100,
              1759500
            ]
          ],
          [
            [
              3403100,
              1759500
            ],
            [
              3403100,
              1759525
            ]
          ],
          [
            [
              3403100,
              1759525
            ],
            [
              3403125,
              1759525
            ]
          ],
          [
            [
              3403125,
              1759525
            ],
            [
              3403125,
              1759550
            ]
          ],
          [
            [
              3403125,
              1759550
            ],
            [
              3403125,
              1759575
            ]
          ],
          [
            [
              3403125,
              1759575
            ],
            [
              3403150,
              1759575
            ]
          ],
          [
            [
              3403150,
              1759575
            ],
            [
              3403150,
              1759600
            ]
          ],
          [
            [
              3403150,
              1759600
            ],
            [
              3403150,
              1759625
            ]
          ],
          [
            [
              3403150,
              1759625
            ],
            [
              3403175,
              1759625
            ]
          ],
          [
            [
              3403175,
              1759625
            ],
            [
              3403175,
              1759650
            ]
          ],
          [
            [
              3403175,
              1759650
            ],
            [
              3403200,
              1759650
            ]
          ],
          [
            [
              3403200,
              1759650
            ],
            [
              3403200,
              1759675
            ]
          ],
          [
            [
              3403200,
              1759675
            ],
            [
              3403200,
              1759700
            ]
          ],
          [
            [
              3403200,
              1759700
            ],
            [
              3403225,
              1759700
            ]
          ],
          [
            [
              3403225,
              1759700
            ],
            [
              3403225,
              1759725
            ]
          ],
          [
            [
              3403225,
              1759725
            ],
            [
              3403250,
              1759725
            ]
          ],
          [
            [
              3403250,
              1759725
            ],
            [
              3403275,
              1759725
            ]
          ],
          [
            [
              3403275,
              1759725
            ],
            [
              3403275,
              1759750
            ]
          ],
          [
            [
              3403275,
              1759750
            ],
            [
              3403300,
              1759750
            ]
          ],
          [
            [
              3403300,
              1759750
            ],
            [
              3403300,
              1759775
            ]
          ],
          [
            [
              3403300,
              1759775
            ],
            [
              3403325,
              1759775
            ]
          ],
          [
            [
              3403325,
              1759775
            ],
            [
              3403325,
              1759800
            ]
          ],
          [
            [
              3403325,
              1759800
            ],
            [
              3403350,
              1759800
            ]
          ],
          [
            [
              3403350,
              1759800
            ],
            [
              3403375,
              1759800
            ]
          ],
          [
            [
              3403375,
              1759800
            ],
            [
              3403375,
              1759825
            ]
          ],
          [
            [
              3403375,
              1759825
            ],
            [
              3403400,
              1759825
            ]
          ],
          [
            [
              3403400,
              1759825
            ],
            [
              3403425,
              1759825
            ]
          ],
          [
            [
              3403425,
              1759825
            ],
            [
              3403425,
              1759850
            ]
          ],
          [
            [
              3403425,
              1759850
            ],
            [
              3403450,
              1759850
            ]
          ],
          [
            [
              3403450,
              1759850
            ],
            [
              3403475,
              1759850
            ]
          ],
          [
            [
              3403475,
              1759850
            ],
            [
              3403475,
              1759875
            ]
          ],
          [
            [
              3403475,
              1759875
            ],
            [
              3403500,
              1759875
            ]
          ],
          [
            [
              3403500,
              1759875
            ],
            [
              3403525,
              1759875
            ]
          ],
          [
            [
              3403525,
              1759875
            ],
            [
              3403525,
              1759900
            ]
          ],
          [
            [
              3403525,
              1759900
            ],
            [
              3403550,
              1759900
            ]
          ],
          [
            [
              3403550,
              1759900
            ],
            [
              3403575,
              1759900
            ]
          ],
          [
            [
              3403575,
              1759900
            ],
            [
              3403600,
              1759900
            ]
          ],
          [
            [
              3403600,
              1759875
            ],
            [
              3403625,
              1759875
            ]
          ],
          [
            [
              3403600,
              1759900
            ],
            [
              3403600,
              1759875
            ]
          ],
          [
            [
              3403625,
              1759875
            ],
            [
              3403650,
              1759875
            ]
          ],
          [
            [
              3403650,
              1759875
            ],
            [
              3403675,
              1759875
            ]
          ],
          [
            [
              3403675,
              1759875
            ],
            [
              3403700,
              1759875
            ]
          ],
          [
            [
              3403700,
              1759875
            ],
            [
              3403700,
              1759900
            ]
          ],
          [
            [
              3403700,
              1759900
            ],
            [
              3403725,
              1759900
            ]
          ],
          [
            [
              3403725,
              1759900
            ],
            [
              3403750,
              1759900
            ]
          ],
          [
            [
              3403750,
              1759900
            ],
            [
              3403750,
              1759925
            ]
          ],
          [
            [
              3403750,
              1759925
            ],
            [
              3403775,
              1759925
            ]
          ],
          [
            [
              3403775,
              1759925
            ],
            [
              3403800,
              1759925
            ]
          ],
          [
            [
              3403800,
              1759925
            ],
            [
              3403800,
              1759950
            ]
          ],
          [
            [
              3403800,
              1759950
            ],
            [
              3403825,
              1759950
            ]
          ],
          [
            [
              3403825,
              1759950
            ],
            [
              3403825,
              1759975
            ]
          ],
          [
            [
              3403825,
              1759975
            ],
            [
              3403850,
              1759975
            ]
          ],
          [
            [
              3403850,
              1759975
            ],
            [
              3403875,
              1759975
            ]
          ],
          [
            [
              3403875,
              1759975
            ],
            [
              3403875,
              1760000
            ]
          ],
          [
            [
              3403875,
              1760000
            ],
            [
              3403900,
              1760000
            ]
          ],
          [
            [
              3403900,
              1760000
            ],
            [
              3403925,
              1760000
            ]
          ],
          [
            [
              3403925,
              1760000
            ],
            [
              3403950,
              1760000
            ]
          ],
          [
            [
              3403950,
              1760000
            ],
            [
              3403950,
              1760025
            ]
          ],
          [
            [
              3403950,
              1760025
            ],
            [
              3403975,
              1760025
            ]
          ],
          [
            [
              3403975,
              1760025
            ],
            [
              3404000,
              1760025
            ]
          ],
          [
            [
              3404000,
              1760025
            ],
            [
              3404025,
              1760025
            ]
          ],
          [
            [
              3404025,
              1760025
            ],
            [
              3404025,
              1760050
            ]
          ],
          [
            [
              3404025,
              1760050
            ],
            [
              3404050,
              1760050
            ]
          ],
          [
            [
              3404050,
              1760050
            ],
            [
              3404075,
              1760050
            ]
          ],
          [
            [
              3404075,
              1760050
            ],
            [
              3404100,
              1760050
            ]
          ],
          [
            [
              3404100,
              1760050
            ],
            [
              3404100,
              1760075
            ]
          ],
          [
            [
              3404100,
              1760075
            ],
            [
              3404125,
              1760075
            ]
          ],
          [
            [
              3404125,
              1760075
            ],
            [
              3404150,
              1760075
            ]
          ],
          [
            [
              3404150,
              1760075
            ],
            [
              3404150,
              1760100
            ]
          ],
          [
            [
              3404150,
              1760100
            ],
            [
              3404175,
              1760100
            ]
          ],
          [
            [
              3404175,
              1760100
            ],
            [
              3404200,
              1760100
            ]
          ],
          [
            [
              3404200,
              1760100
            ],
            [
              3404225,
              1760100
            ]
          ],
          [
            [
              3404225,
              1760100
            ],
            [
              3404225,
              1760125
            ]
          ],
          [
            [
              3404225,
              1760125
            ],
            [
              3404250,
              1760125
            ]
          ],
          [
            [
              3404250,
              1760125
            ],
            [
              3404275,
              1760125
            ]
          ],
          [
            [
              3404275,
              1760125
            ],
            [
              3404300,
              1760125
            ]
          ],
          [
            [
              3404300,
              1760125
            ],
            [
              3404300,
              1760150
            ]
          ],
          [
            [
              3404300,
              1760150
            ],
            [
              3404325,
              1760150
            ]
          ],
          [
            [
              3404325,
              1760150
            ],
            [
              3404350,
              1760150
            ]
          ],
          [
            [
              3404350,
              1760150
            ],
            [
              3404375,
              1760150
            ]
          ],
          [
            [
              3404375,
              1760150
            ],
            [
              3404375,
              1760175
            ]
          ],
          [
            [
              3404375,
              1760175
            ],
            [
              3404400,
              1760175
            ]
          ],
          [
            [
              3404400,
              1760175
            ],
            [
              3404425,
              1760175
            ]
          ],
          [
            [
              3404425,
              1760175
            ],
            [
              3404450,
              1760175
            ]
          ],
          [
            [
              3404450,
              1760175
            ],
            [
              3404450,
              1760200
            ]
          ],
          [
            [
              3404450,
              1760200
            ],
            [
              3404475,
              1760200
            ]
          ],
          [
            [
              3404475,
              1760200
            ],
            [
              3404500,
              1760200
            ]
          ],
          [
            [
              3404500,
              1760200
            ],
            [
              3404500,
              1760225
            ]
          ],
          [
            [
              3404500,
              1760225
            ],
            [
              3404525,
              1760225
            ]
          ],
          [
            [
              3404525,
              1760225
            ],
            [
              3404525,
              1760250
            ]
          ],
          [
            [
              3404525,
              1760250
            ],
            [
              3404550,
              1760250
            ]
          ],
          [
            [
              3404550,
              1760250
            ],
            [
              3404550,
              1760275
            ]
          ],
          [
            [
              3404550,
              1760275
            ],
            [
              3404575,
              1760275
            ]
          ],
          [
            [
              3404575,
              1760275
            ],
            [
              3404575,
              1760300
            ]
          ],
          [
            [
              3404575,
              1760300
            ],
            [
              3404600,
              1760300
            ]
          ],
          [
            [
              3404600,
              1760300
            ],
            [
              3404625,
              1760300
            ]
          ],
          [
            [
              3404625,
              1760300
            ],
            [
              3404625,
              1760325
            ]
          ],
          [
            [
              3404625,
              1760325
            ],
            [
              3404650,
              1760325
            ]
          ],
          [
            [
              3404650,
              1760325
            ],
            [
              3404675,
              1760325
            ]
          ],
          [
            [
              3404675,
              1760325
            ],
            [
              3404675,
              1760350
            ]
          ],
          [
            [
              3404675,
              1760350
            ],
            [
              3404700,
              1760350
            ]
          ],
          [
            [
              3404700,
              1760350
            ],
            [
              3404700,
              1760375
            ]
          ],
          [
            [
              3404700,
              1760375
            ],
            [
              3404700,
              1760400
            ]
          ],
          [
            [
              3404700,
              1760400
            ],
            [
              3404725,
              1760400
            ]
          ],
          [
            [
              3404725,
              1760400
            ],
            [
              3404750,
              1760400
            ]
          ],
          [
            [
              3404750,
              1760400
            ],
            [
              3404775,
              1760400
            ]
          ],
          [
            [
              3404775,
              1760400
            ],
            [
              3404800,
              1760400
            ]
          ],
          [
            [
              3404800,
              1760400
            ],
            [
              3404825,
              1760400
            ]
          ],
          [
            [
              3404825,
              1760400
            ],
            [
              3404825,
              1760425
            ]
          ],
          [
            [
              3404825,
              1760425
            ],
            [
              3404850,
              1760425
            ]
          ],
          [
            [
              3404850,
              1760425
            ],
            [
              3404875,
              1760425
            ]
          ],
          [
            [
              3404875,
              1760425
            ],
            [
              3404875,
              1760450
            ]
          ],
          [
            [
              3404875,
              1760450
            ],
            [
              3404900,
              1760450
            ]
          ],
          [
            [
              3404900,
              1760450
            ],
            [
              3404900,
              1760475
            ]
          ],
          [
            [
              3404900,
              1760475
            ],
            [
              3404925,
              1760475
            ]
          ],
          [
            [
              3404925,
              1760475
            ],
            [
              3404950,
              1760475
            ]
          ],
          [
            [
              3404950,
              1760475
            ],
            [
              3404950,
              1760500
            ]
          ],
          [
            [
              3404950,
              1760500
            ],
            [
              3404975,
              1760500
            ]
          ],
          [
            [
              3404975,
              1760500
            ],
            [
              3404975,
              1760525
            ]
          ],
          [
            [
              3404975,
              1760525
            ],
            [
              3405000,
              1760525
            ]
          ],
          [
            [
              3405000,
              1760525
            ],
            [
              3405025,
              1760525
            ]
          ],
          [
            [
              3405025,
              1760525
            ],
            [
              3405025,
              1760550
            ]
          ],
          [
            [
              3405025,
              1760550
            ],
            [
              3405050,
              1760550
            ]
          ],
          [
            [
              3405050,
              1760550
            ],
            [
              3405075,
              1760550
            ]
          ],
          [
            [
              3405075,
              1760550
            ],
            [
              3405100,
              1760550
            ]
          ],
          [
            [
              3405100,
              1760550
            ],
            [
              3405125,
              1760550
            ]
          ],
          [
            [
              3405125,
              1760550
            ],
            [
              3405150,
              1760550
            ]
          ],
          [
            [
              3405150,
              1760550
            ],
            [
              3405175,
              1760550
            ]
          ],
          [
            [
              3405175,
              1760550
            ],
            [
              3405200,
              1760550
            ]
          ],
          [
            [
              3405200,
              1760550
            ],
            [
              3405225,
              1760550
            ]
          ],
          [
            [
              3405225,
              1760550
            ],
            [
              3405250,
              1760550
            ]
          ],
          [
            [
              3405250,
              1760550
            ],
            [
              3405275,
              1760550
            ]
          ],
          [
            [
              3405275,
              1760550
            ],
            [
              3405300,
              1760550
            ]
          ],
          [
            [
              3405300,
              1760550
            ],
            [
              3405325,
              1760550
            ]
          ],
          [
            [
              3405325,
              1760500
            ],
            [
              3405350,
              1760500
            ]
          ],
          [
            [
              3405325,
              1760525
            ],
            [
              3405325,
              1760500
            ]
          ],
          [
            [
              3405325,
              1760550
            ],
            [
              3405325,
              1760525
            ]
          ],
          [
            [
              3405350,
              1760450
            ],
            [
              3405375,
              1760450
            ]
          ],
          [
            [
              3405350,
              1760475
            ],
            [
              3405350,
              1760450
            ]
          ],
          [
            [
              3405350,
              1760500
            ],
            [
              3405350,
              1760475
            ]
          ],
          [
            [
              3405375,
              1760425
            ],
            [
              3405400,
              1760425
            ]
          ],
          [
            [
              3405375,
              1760450
            ],
            [
              3405375,
              1760425
            ]
          ],
          [
            [
              3405400,
              1760425
            ],
            [
              3405425,
              1760425
            ]
          ],
          [
            [
              3405425,
              1760275
            ],
            [
              3405450,
              1760275
            ]
          ],
          [
            [
              3405425,
              1760300
            ],
            [
              3405425,
              1760275
            ]
          ],
          [
            [
              3405425,
              1760400
            ],
            [
              3405450,
              1760400
            ]
          ],
          [
            [
              3405425,
              1760425
            ],
            [
              3405425,
              1760400
            ]
          ],
          [
            [
              3405450,
              1760275
            ],
            [
              3405475,
              1760275
            ]
          ],
          [
            [
              3405450,
              1760300
            ],
            [
              3405425,
              1760300
            ]
          ],
          [
            [
              3405450,
              1760375
            ],
            [
              3405475,
              1760375
            ]
          ],
          [
            [
              3405450,
              1760400
            ],
            [
              3405450,
              1760375
            ]
          ],
          [
            [
              3405475,
              1760250
            ],
            [
              3405500,
              1760250
            ]
          ],
          [
            [
              3405475,
              1760275
            ],
            [
              3405475,
              1760250
            ]
          ],
          [
            [
              3405475,
              1760300
            ],
            [
              3405450,
              1760300
            ]
          ],
          [
            [
              3405475,
              1760375
            ],
            [
              3405500,
              1760375
            ]
          ],
          [
            [
              3405500,
              1760250
            ],
            [
              3405525,
              1760250
            ]
          ],
          [
            [
              3405500,
              1760300
            ],
            [
              3405475,
              1760300
            ]
          ],
          [
            [
              3405500,
              1760325
            ],
            [
              3405500,
              1760300
            ]
          ],
          [
            [
              3405500,
              1760350
            ],
            [
              3405500,
              1760325
            ]
          ],
          [
            [
              3405500,
              1760375
            ],
            [
              3405500,
              1760350
            ]
          ],
          [
            [
              3405525,
              1760250
            ],
            [
              3405550,
              1760250
            ]
          ],
          [
            [
              3405550,
              1760250
            ],
            [
              3405575,
              1760250
            ]
          ],
          [
            [
              3405575,
              1760250
            ],
            [
              3405600,
              1760250
            ]
          ],
          [
            [
              3405600,
              1760225
            ],
            [
              3405625,
              1760225
            ]
          ],
          [
            [
              3405600,
              1760250
            ],
            [
              3405600,
              1760225
            ]
          ],
          [
            [
              3405625,
              1760225
            ],
            [
              3405625,
              1760250
            ]
          ],
          [
            [
              3405625,
              1760250
            ],
            [
              3405625,
              1760275
            ]
          ],
          [
            [
              3405625,
              1760275
            ],
            [
              3405650,
              1760275
            ]
          ],
          [
            [
              3405650,
              1760275
            ],
            [
              3405650,
              1760300
            ]
          ],
          [
            [
              3405650,
              1760300
            ],
            [
              3405675,
              1760300
            ]
          ],
          [
            [
              3405675,
              1760300
            ],
            [
              3405700,
              1760300
            ]
          ],
          [
            [
              3405700,
              1760275
            ],
            [
              3405725,
              1760275
            ]
          ],
          [
            [
              3405700,
              1760300
            ],
            [
              3405700,
              1760275
            ]
          ],
          [
            [
              3405725,
              1760275
            ],
            [
              3405750,
              1760275
            ]
          ],
          [
            [
              3405750,
              1760250
            ],
            [
              3405775,
              1760250
            ]
          ],
          [
            [
              3405750,
              1760275
            ],
            [
              3405750,
              1760250
            ]
          ],
          [
            [
              3405775,
              1760225
            ],
            [
              3405800,
              1760225
            ]
          ],
          [
            [
              3405775,
              1760250
            ],
            [
              3405775,
              1760225
            ]
          ],
          [
            [
              3405800,
              1760200
            ],
            [
              3405825,
              1760200
            ]
          ],
          [
            [
              3405800,
              1760225
            ],
            [
              3405800,
              1760200
            ]
          ],
          [
            [
              3405825,
              1760200
            ],
            [
              3405850,
              1760200
            ]
          ],
          [
            [
              3405850,
              1760175
            ],
            [
              3405875,
              1760175
            ]
          ],
          [
            [
              3405850,
              1760200
            ],
            [
              3405850,
              1760175
            ]
          ],
          [
            [
              3405875,
              1760175
            ],
            [
              3405900,
              1760175
            ]
          ],
          [
            [
              3405900,
              1760150
            ],
            [
              3405925,
              1760150
            ]
          ],
          [
            [
              3405900,
              1760175
            ],
            [
              3405900,
              1760150
            ]
          ],
          [
            [
              3405925,
              1759775
            ],
            [
              3405950,
              1759775
            ]
          ],
          [
            [
              3405925,
              1759800
            ],
            [
              3405925,
              1759775
            ]
          ],
          [
            [
              3405925,
              1759825
            ],
            [
              3405925,
              1759800
            ]
          ],
          [
            [
              3405925,
              1759850
            ],
            [
              3405925,
              1759825
            ]
          ],
          [
            [
              3405925,
              1759875
            ],
            [
              3405925,
              1759850
            ]
          ],
          [
            [
              3405925,
              1759900
            ],
            [
              3405925,
              1759875
            ]
          ],
          [
            [
              3405925,
              1759925
            ],
            [
              3405925,
              1759900
            ]
          ],
          [
            [
              3405925,
              1759950
            ],
            [
              3405925,
              1759925
            ]
          ],
          [
            [
              3405925,
              1759975
            ],
            [
              3405925,
              1759950
            ]
          ],
          [
            [
              3405925,
              1760000
            ],
            [
              3405925,
              1759975
            ]
          ],
          [
            [
              3405925,
              1760100
            ],
            [
              3405950,
              1760100
            ]
          ],
          [
            [
              3405925,
              1760125
            ],
            [
              3405925,
              1760100
            ]
          ],
          [
            [
              3405925,
              1760150
            ],
            [
              3405925,
              1760125
            ]
          ],
          [
            [
              3405950,
              1759600
            ],
            [
              3405975,
              1759600
            ]
          ],
          [
            [
              3405950,
              1759625
            ],
            [
              3405950,
              1759600
            ]
          ],
          [
            [
              3405950,
              1759650
            ],
            [
              3405950,
              1759625
            ]
          ],
          [
            [
              3405950,
              1759675
            ],
            [
              3405950,
              1759650
            ]
          ],
          [
            [
              3405950,
              1759700
            ],
            [
              3405950,
              1759675
            ]
          ],
          [
            [
              3405950,
              1759725
            ],
            [
              3405950,
              1759700
            ]
          ],
          [
            [
              3405950,
              1759750
            ],
            [
              3405950,
              1759725
            ]
          ],
          [
            [
              3405950,
              1759775
            ],
            [
              3405950,
              1759750
            ]
          ],
          [
            [
              3405950,
              1760000
            ],
            [
              3405925,
              1760000
            ]
          ],
          [
            [
              3405950,
              1760025
            ],
            [
              3405950,
              1760000
            ]
          ],
          [
            [
              3405950,
              1760050
            ],
            [
              3405950,
              1760025
            ]
          ],
          [
            [
              3405950,
              1760075
            ],
            [
              3405975,
              1760075
            ]
          ],
          [
            [
              3405950,
              1760100
            ],
            [
              3405950,
              1760075
            ]
          ],
          [
            [
              3405975,
              1759600
            ],
            [
              3406000,
              1759600
            ]
          ],
          [
            [
              3405975,
              1760050
            ],
            [
              3405950,
              1760050
            ]
          ],
          [
            [
              3405975,
              1760075
            ],
            [
              3405975,
              1760050
            ]
          ],
          [
            [
              3406000,
              1759575
            ],
            [
              3406025,
              1759575
            ]
          ],
          [
            [
              3406000,
              1759600
            ],
            [
              3406000,
              1759575
            ]
          ],
          [
            [
              3406025,
              1759575
            ],
            [
              3406050,
              1759575
            ]
          ],
          [
            [
              3406050,
              1759575
            ],
            [
              3406075,
              1759575
            ]
          ],
          [
            [
              3406075,
              1759575
            ],
            [
              3406100,
              1759575
            ]
          ],
          [
            [
              3406100,
              1759575
            ],
            [
              3406125,
              1759575
            ]
          ],
          [
            [
              3406125,
              1759550
            ],
            [
              3406150,
              1759550
            ]
          ],
          [
            [
              3406125,
              1759575
            ],
            [
              3406125,
              1759550
            ]
          ],
          [
            [
              3406150,
              1759525
            ],
            [
              3406175,
              1759525
            ]
          ],
          [
            [
              3406150,
              1759550
            ],
            [
              3406150,
              1759525
            ]
          ],
          [
            [
              3406175,
              1759500
            ],
            [
              3406200,
              1759500
            ]
          ],
          [
            [
              3406175,
              1759525
            ],
            [
              3406175,
              1759500
            ]
          ],
          [
            [
              3406200,
              1759500
            ],
            [
              3406225,
              1759500
            ]
          ],
          [
            [
              3406225,
              1759475
            ],
            [
              3406250,
              1759475
            ]
          ],
          [
            [
              3406225,
              1759500
            ],
            [
              3406225,
              1759475
            ]
          ],
          [
            [
              3406250,
              1759475
            ],
            [
              3406275,
              1759475
            ]
          ],
          [
            [
              3406275,
              1759450
            ],
            [
              3406300,
              1759450
            ]
          ],
          [
            [
              3406275,
              1759475
            ],
            [
              3406275,
              1759450
            ]
          ],
          [
            [
              3406300,
              1759450
            ],
            [
              3406325,
              1759450
            ]
          ],
          [
            [
              3406325,
              1759450
            ],
            [
              3406350,
              1759450
            ]
          ],
          [
            [
              3406350,
              1759450
            ],
            [
              3406375,
              1759450
            ]
          ],
          [
            [
              3406375,
              1759450
            ],
            [
              3406400,
              1759450
            ]
          ],
          [
            [
              3406400,
              1759425
            ],
            [
              3406425,
              1759425
            ]
          ],
          [
            [
              3406400,
              1759450
            ],
            [
              3406400,
              1759425
            ]
          ],
          [
            [
              3406425,
              1759425
            ],
            [
              3406450,
              1759425
            ]
          ],
          [
            [
              3406450,
              1759425
            ],
            [
              3406475,
              1759425
            ]
          ],
          [
            [
              3406475,
              1759425
            ],
            [
              3406500,
              1759425
            ]
          ],
          [
            [
              3406500,
              1759425
            ],
            [
              3406525,
              1759425
            ]
          ],
          [
            [
              3406525,
              1759425
            ],
            [
              3406550,
              1759425
            ]
          ],
          [
            [
              3406550,
              1759425
            ],
            [
              3406575,
              1759425
            ]
          ],
          [
            [
              3406575,
              1759400
            ],
            [
              3406600,
              1759400
            ]
          ],
          [
            [
              3406575,
              1759425
            ],
            [
              3406575,
              1759400
            ]
          ],
          [
            [
              3406600,
              1759375
            ],
            [
              3406625,
              1759375
            ]
          ],
          [
            [
              3406600,
              1759400
            ],
            [
              3406600,
              1759375
            ]
          ],
          [
            [
              3406625,
              1759325
            ],
            [
              3406650,
              1759325
            ]
          ],
          [
            [
              3406625,
              1759350
            ],
            [
              3406625,
              1759325
            ]
          ],
          [
            [
              3406625,
              1759375
            ],
            [
              3406625,
              1759350
            ]
          ],
          [
            [
              3406650,
              1759300
            ],
            [
              3406675,
              1759300
            ]
          ],
          [
            [
              3406650,
              1759325
            ],
            [
              3406650,
              1759300
            ]
          ],
          [
            [
              3406675,
              1759275
            ],
            [
              3406700,
              1759275
            ]
          ],
          [
            [
              3406675,
              1759300
            ],
            [
              3406675,
              1759275
            ]
          ],
          [
            [
              3406700,
              1759275
            ],
            [
              3406725,
              1759275
            ]
          ],
          [
            [
              3406725,
              1759275
            ],
            [
              3406750,
              1759275
            ]
          ],
          [
            [
              3406750,
              1759275
            ],
            [
              3406775,
              1759275
            ]
          ],
          [
            [
              3406775,
              1759275
            ],
            [
              3406800,
              1759275
            ]
          ],
          [
            [
              3406800,
              1759275
            ],
            [
              3406825,
              1759275
            ]
          ],
          [
            [
              3406825,
              1759275
            ],
            [
              3406850,
              1759275
            ]
          ],
          [
            [
              3406850,
              1759250
            ],
            [
              3406875,
              1759250
            ]
          ],
          [
            [
              3406850,
              1759275
            ],
            [
              3406850,
              1759250
            ]
          ],
          [
            [
              3406875,
              1759250
            ],
            [
              3406900,
              1759250
            ]
          ],
          [
            [
              3406900,
              1759250
            ],
            [
              3406925,
              1759250
            ]
          ],
          [
            [
              3406925,
              1759225
            ],
            [
              3406950,
              1759225
            ]
          ],
          [
            [
              3406925,
              1759250
            ],
            [
              3406925,
              1759225
            ]
          ],
          [
            [
              3406950,
              1759225
            ],
            [
              3406975,
              1759225
            ]
          ],
          [
            [
              3406975,
              1759225
            ],
            [
              3407000,
              1759225
            ]
          ],
          [
            [
              3407000,
              1759225
            ],
            [
              3407025,
              1759225
            ]
          ],
          [
            [
              3407025,
              1759200
            ],
            [
              3407050,
              1759200
            ]
          ],
          [
            [
              3407025,
              1759225
            ],
            [
              3407025,
              1759200
            ]
          ],
          [
            [
              3407050,
              1759200
            ],
            [
              3407075,
              1759200
            ]
          ],
          [
            [
              3407075,
              1759200
            ],
            [
              3407100,
              1759200
            ]
          ],
          [
            [
              3407100,
              1759200
            ],
            [
              3407125,
              1759200
            ]
          ],
          [
            [
              3407125,
              1759200
            ],
            [
              3407150,
              1759200
            ]
          ],
          [
            [
              3407150,
              1759175
            ],
            [
              3407175,
              1759175
            ]
          ],
          [
            [
              3407150,
              1759200
            ],
            [
              3407150,
              1759175
            ]
          ],
          [
            [
              3407175,
              1759175
            ],
            [
              3407200,
              1759175
            ]
          ],
          [
            [
              3407200,
              1759150
            ],
            [
              3407225,
              1759150
            ]
          ],
          [
            [
              3407200,
              1759175
            ],
            [
              3407200,
              1759150
            ]
          ],
          [
            [
              3407225,
              1759125
            ],
            [
              3407250,
              1759125
            ]
          ],
          [
            [
              3407225,
              1759150
            ],
            [
              3407225,
              1759125
            ]
          ],
          [
            [
              3407250,
              1759125
            ],
            [
              3407275,
              1759125
            ]
          ],
          [
            [
              3407275,
              1759125
            ],
            [
              3407300,
              1759125
            ]
          ],
          [
            [
              3407300,
              1759125
            ],
            [
              3407325,
              1759125
            ]
          ],
          [
            [
              3407325,
              1759125
            ],
            [
              3407350,
              1759125
            ]
          ],
          [
            [
              3407350,
              1759125
            ],
            [
              3407375,
              1759125
            ]
          ],
          [
            [
              3407375,
              1759100
            ],
            [
              3407400,
              1759100
            ]
          ],
          [
            [
              3407375,
              1759125
            ],
            [
              3407375,
              1759100
            ]
          ],
          [
            [
              3407400,
              1759100
            ],
            [
              3407425,
              1759100
            ]
          ],
          [
            [
              3407425,
              1759075
            ],
            [
              3407450,
              1759075
            ]
          ],
          [
            [
              3407425,
              1759100
            ],
            [
              3407425,
              1759075
            ]
          ],
          [
            [
              3407450,
              1759075
            ],
            [
              3407475,
              1759075
            ]
          ],
          [
            [
              3407475,
              1759050
            ],
            [
              3407500,
              1759050
            ]
          ],
          [
            [
              3407475,
              1759075
            ],
            [
              3407475,
              1759050
            ]
          ],
          [
            [
              3407500,
              1759050
            ],
            [
              3407500,
              1759075
            ]
          ],
          [
            [
              3407500,
              1759075
            ],
            [
              3407525,
              1759075
            ]
          ],
          [
            [
              3407525,
              1759075
            ],
            [
              3407550,
              1759075
            ]
          ],
          [
            [
              3407550,
              1759075
            ],
            [
              3407575,
              1759075
            ]
          ],
          [
            [
              3407575,
              1759075
            ],
            [
              3407575,
              1759100
            ]
          ],
          [
            [
              3407575,
              1759100
            ],
            [
              3407600,
              1759100
            ]
          ],
          [
            [
              3407600,
              1759100
            ],
            [
              3407625,
              1759100
            ]
          ],
          [
            [
              3407625,
              1759100
            ],
            [
              3407650,
              1759100
            ]
          ],
          [
            [
              3407650,
              1759075
            ],
            [
              3407675,
              1759075
            ]
          ],
          [
            [
              3407650,
              1759100
            ],
            [
              3407650,
              1759075
            ]
          ],
          [
            [
              3407675,
              1759075
            ],
            [
              3407700,
              1759075
            ]
          ],
          [
            [
              3407700,
              1759050
            ],
            [
              3407725,
              1759050
            ]
          ],
          [
            [
              3407700,
              1759075
            ],
            [
              3407700,
              1759050
            ]
          ],
          [
            [
              3407725,
              1758975
            ],
            [
              3407750,
              1758975
            ]
          ],
          [
            [
              3407725,
              1759000
            ],
            [
              3407725,
              1758975
            ]
          ],
          [
            [
              3407725,
              1759025
            ],
            [
              3407725,
              1759000
            ]
          ],
          [
            [
              3407725,
              1759050
            ],
            [
              3407725,
              1759025
            ]
          ],
          [
            [
              3407750,
              1758975
            ],
            [
              3407775,
              1758975
            ]
          ],
          [
            [
              3407775,
              1758950
            ],
            [
              3407800,
              1758950
            ]
          ],
          [
            [
              3407775,
              1758975
            ],
            [
              3407775,
              1758950
            ]
          ],
          [
            [
              3407800,
              1758950
            ],
            [
              3407825,
              1758950
            ]
          ],
          [
            [
              3407825,
              1758950
            ],
            [
              3407850,
              1758950
            ]
          ],
          [
            [
              3407850,
              1758950
            ],
            [
              3407850,
              1758975
            ]
          ],
          [
            [
              3407850,
              1758975
            ],
            [
              3407875,
              1758975
            ]
          ],
          [
            [
              3407875,
              1758975
            ],
            [
              3407900,
              1758975
            ]
          ],
          [
            [
              3407900,
              1758975
            ],
            [
              3407900,
              1759000
            ]
          ],
          [
            [
              3407900,
              1759000
            ],
            [
              3407925,
              1759000
            ]
          ],
          [
            [
              3407925,
              1759000
            ],
            [
              3407950,
              1759000
            ]
          ],
          [
            [
              3407950,
              1759000
            ],
            [
              3407975,
              1759000
            ]
          ],
          [
            [
              3407975,
              1758975
            ],
            [
              3408000,
              1758975
            ]
          ],
          [
            [
              3407975,
              1759000
            ],
            [
              3407975,
              1758975
            ]
          ],
          [
            [
              3408000,
              1758975
            ],
            [
              3408025,
              1758975
            ]
          ],
          [
            [
              3408025,
              1758950
            ],
            [
              3408050,
              1758950
            ]
          ],
          [
            [
              3408025,
              1758975
            ],
            [
              3408025,
              1758950
            ]
          ],
          [
            [
              3408050,
              1758950
            ],
            [
              3408075,
              1758950
            ]
          ],
          [
            [
              3408075,
              1758950
            ],
            [
              3408100,
              1758950
            ]
          ],
          [
            [
              3408100,
              1758950
            ],
            [
              3408125,
              1758950
            ]
          ],
          [
            [
              3408125,
              1758950
            ],
            [
              3408150,
              1758950
            ]
          ],
          [
            [
              3408150,
              1758950
            ],
            [
              3408175,
              1758950
            ]
          ],
          [
            [
              3408175,
              1758950
            ],
            [
              3408200,
              1758950
            ]
          ],
          [
            [
              3408175,
              1759500
            ],
            [
              3408175,
              1759525
            ]
          ],
          [
            [
              3408175,
              1759525
            ],
            [
              3408175,
              1759550
            ]
          ],
          [
            [
              3408175,
              1759550
            ],
            [
              3408175,
              1759575
            ]
          ],
          [
            [
              3408175,
              1759575
            ],
            [
              3408175,
              1759600
            ]
          ],
          [
            [
              3408175,
              1759600
            ],
            [
              3408175,
              1759625
            ]
          ],
          [
            [
              3408175,
              1759625
            ],
            [
              3408175,
              1759650
            ]
          ],
          [
            [
              3408175,
              1759650
            ],
            [
              3408175,
              1759675
            ]
          ],
          [
            [
              3408175,
              1759675
            ],
            [
              3408175,
              1759700
            ]
          ],
          [
            [
              3408175,
              1759700
            ],
            [
              3408175,
              1759725
            ]
          ],
          [
            [
              3408175,
              1759725
            ],
            [
              3408175,
              1759750
            ]
          ],
          [
            [
              3408175,
              1759750
            ],
            [
              3408175,
              1759775
            ]
          ],
          [
            [
              3408175,
              1759775
            ],
            [
              3408175,
              1759800
            ]
          ],
          [
            [
              3408175,
              1759800
            ],
            [
              3408175,
              1759825
            ]
          ],
          [
            [
              3408175,
              1759825
            ],
            [
              3408175,
              1759850
            ]
          ],
          [
            [
              3408175,
              1759850
            ],
            [
              3408175,
              1759875
            ]
          ],
          [
            [
              3408175,
              1759875
            ],
            [
              3408175,
              1759900
            ]
          ],
          [
            [
              3408175,
              1759900
            ],
            [
              3408175,
              1759925
            ]
          ],
          [
            [
              3408175,
              1759925
            ],
            [
              3408175,
              1759950
            ]
          ],
          [
            [
              3408175,
              1759950
            ],
            [
              3408175,
              1759975
            ]
          ],
          [
            [
              3408175,
              1759975
            ],
            [
              3408175,
              1760000
            ]
          ],
          [
            [
              3408175,
              1760000
            ],
            [
              3408175,
              1760025
            ]
          ],
          [
            [
              3408175,
              1760025
            ],
            [
              3408175,
              1760050
            ]
          ],
          [
            [
              3408175,
              1760050
            ],
            [
              3408200,
              1760050
            ]
          ],
          [
            [
              3408200,
              1758950
            ],
            [
              3408225,
              1758950
            ]
          ],
          [
            [
              3408200,
              1759450
            ],
            [
              3408200,
              1759475
            ]
          ],
          [
            [
              3408200,
              1759475
            ],
            [
              3408200,
              1759500
            ]
          ],
          [
            [
              3408200,
              1759500
            ],
            [
              3408175,
              1759500
            ]
          ],
          [
            [
              3408200,
              1760050
            ],
            [
              3408200,
              1760075
            ]
          ],
          [
            [
              3408200,
              1760075
            ],
            [
              3408200,
              1760100
            ]
          ],
          [
            [
              3408200,
              1760100
            ],
            [
              3408200,
              1760125
            ]
          ],
          [
            [
              3408200,
              1760125
            ],
            [
              3408200,
              1760150
            ]
          ],
          [
            [
              3408200,
              1760150
            ],
            [
              3408200,
              1760175
            ]
          ],
          [
            [
              3408200,
              1760175
            ],
            [
              3408200,
              1760200
            ]
          ],
          [
            [
              3408200,
              1760200
            ],
            [
              3408200,
              1760225
            ]
          ],
          [
            [
              3408200,
              1760225
            ],
            [
              3408200,
              1760250
            ]
          ],
          [
            [
              3408200,
              1760250
            ],
            [
              3408200,
              1760275
            ]
          ],
          [
            [
              3408200,
              1760275
            ],
            [
              3408200,
              1760300
            ]
          ],
          [
            [
              3408200,
              1760300
            ],
            [
              3408200,
              1760325
            ]
          ],
          [
            [
              3408200,
              1760325
            ],
            [
              3408225,
              1760325
            ]
          ],
          [
            [
              3408225,
              1758950
            ],
            [
              3408250,
              1758950
            ]
          ],
          [
            [
              3408225,
              1759425
            ],
            [
              3408225,
              1759450
            ]
          ],
          [
            [
              3408225,
              1759450
            ],
            [
              3408200,
              1759450
            ]
          ],
          [
            [
              3408225,
              1760325
            ],
            [
              3408225,
              1760350
            ]
          ],
          [
            [
              3408225,
              1760350
            ],
            [
              3408225,
              1760375
            ]
          ],
          [
            [
              3408225,
              1760375
            ],
            [
              3408225,
              1760400
            ]
          ],
          [
            [
              3408225,
              1760400
            ],
            [
              3408225,
              1760425
            ]
          ],
          [
            [
              3408225,
              1760425
            ],
            [
              3408225,
              1760450
            ]
          ],
          [
            [
              3408225,
              1760450
            ],
            [
              3408225,
              1760475
            ]
          ],
          [
            [
              3408225,
              1760475
            ],
            [
              3408225,
              1760500
            ]
          ],
          [
            [
              3408225,
              1760500
            ],
            [
              3408250,
              1760500
            ]
          ],
          [
            [
              3408250,
              1758950
            ],
            [
              3408275,
              1758950
            ]
          ],
          [
            [
              3408250,
              1759400
            ],
            [
              3408250,
              1759425
            ]
          ],
          [
            [
              3408250,
              1759425
            ],
            [
              3408225,
              1759425
            ]
          ],
          [
            [
              3408250,
              1760500
            ],
            [
              3408250,
              1760525
            ]
          ],
          [
            [
              3408250,
              1760525
            ],
            [
              3408250,
              1760550
            ]
          ],
          [
            [
              3408250,
              1760550
            ],
            [
              3408250,
              1760575
            ]
          ],
          [
            [
              3408250,
              1760575
            ],
            [
              3408250,
              1760600
            ]
          ],
          [
            [
              3408250,
              1760600
            ],
            [
              3408250,
              1760625
            ]
          ],
          [
            [
              3408250,
              1760625
            ],
            [
              3408275,
              1760625
            ]
          ],
          [
            [
              3408275,
              1758925
            ],
            [
              3408300,
              1758925
            ]
          ],
          [
            [
              3408275,
              1758950
            ],
            [
              3408275,
              1758925
            ]
          ],
          [
            [
              3408275,
              1759375
            ],
            [
              3408275,
              1759400
            ]
          ],
          [
            [
              3408275,
              1759400
            ],
            [
              3408250,
              1759400
            ]
          ],
          [
            [
              3408275,
              1760625
            ],
            [
              3408275,
              1760650
            ]
          ],
          [
            [
              3408275,
              1760650
            ],
            [
              3408275,
              1760675
            ]
          ],
          [
            [
              3408275,
              1760675
            ],
            [
              3408275,
              1760700
            ]
          ],
          [
            [
              3408275,
              1760700
            ],
            [
              3408275,
              1760725
            ]
          ],
          [
            [
              3408275,
              1760725
            ],
            [
              3408275,
              1760750
            ]
          ],
          [
            [
              3408275,
              1760750
            ],
            [
              3408275,
              1760775
            ]
          ],
          [
            [
              3408275,
              1760775
            ],
            [
              3408275,
              1760800
            ]
          ],
          [
            [
              3408275,
              1760800
            ],
            [
              3408300,
              1760800
            ]
          ],
          [
            [
              3408300,
              1758925
            ],
            [
              3408325,
              1758925
            ]
          ],
          [
            [
              3408300,
              1759350
            ],
            [
              3408300,
              1759375
            ]
          ],
          [
            [
              3408300,
              1759375
            ],
            [
              3408275,
              1759375
            ]
          ],
          [
            [
              3408300,
              1760800
            ],
            [
              3408300,
              1760825
            ]
          ],
          [
            [
              3408300,
              1760825
            ],
            [
              3408300,
              1760850
            ]
          ],
          [
            [
              3408300,
              1760850
            ],
            [
              3408300,
              1760875
            ]
          ],
          [
            [
              3408300,
              1760875
            ],
            [
              3408325,
              1760875
            ]
          ],
          [
            [
              3408325,
              1758900
            ],
            [
              3408350,
              1758900
            ]
          ],
          [
            [
              3408325,
              1758925
            ],
            [
              3408325,
              1758900
            ]
          ],
          [
            [
              3408325,
              1759325
            ],
            [
              3408325,
              1759350
            ]
          ],
          [
            [
              3408325,
              1759350
            ],
            [
              3408300,
              1759350
            ]
          ],
          [
            [
              3408325,
              1760875
            ],
            [
              3408325,
              1760900
            ]
          ],
          [
            [
              3408325,
              1760900
            ],
            [
              3408325,
              1760925
            ]
          ],
          [
            [
              3408325,
              1760925
            ],
            [
              3408325,
              1760950
            ]
          ],
          [
            [
              3408325,
              1760950
            ],
            [
              3408325,
              1760975
            ]
          ],
          [
            [
              3408325,
              1760975
            ],
            [
              3408325,
              1761000
            ]
          ],
          [
            [
              3408325,
              1761000
            ],
            [
              3408325,
              1761025
            ]
          ],
          [
            [
              3408325,
              1761025
            ],
            [
              3408350,
              1761025
            ]
          ],
          [
            [
              3408350,
              1759325
            ],
            [
              3408325,
              1759325
            ]
          ]
        ]
      }
    },
    {
      "type": "Feature",
      "id": "coverage-edge",
      "properties": {
        "settlementId": "es-alicante",
        "kind": "coverage-edge",
        "clippedByCoverage": true,
        "boundarySourceViewportIds": [
          "tv-epsg3035-25-w135555-s70041-c779-r580",
          "tv-epsg3035-25-w135555-s70078-c486-r366"
        ]
      },
      "geometry": {
        "type": "MultiLineString",
        "coordinates": [
          [
            [
              3388875,
              1751025
            ],
            [
              3388900,
              1751025
            ]
          ],
          [
            [
              3388875,
              1751050
            ],
            [
              3388875,
              1751025
            ]
          ],
          [
            [
              3388875,
              1751075
            ],
            [
              3388875,
              1751050
            ]
          ],
          [
            [
              3388875,
              1751100
            ],
            [
              3388875,
              1751075
            ]
          ],
          [
            [
              3388875,
              1751125
            ],
            [
              3388875,
              1751100
            ]
          ],
          [
            [
              3388875,
              1751150
            ],
            [
              3388875,
              1751125
            ]
          ],
          [
            [
              3388875,
              1751175
            ],
            [
              3388875,
              1751150
            ]
          ],
          [
            [
              3388875,
              1751200
            ],
            [
              3388875,
              1751175
            ]
          ],
          [
            [
              3388875,
              1751225
            ],
            [
              3388875,
              1751200
            ]
          ],
          [
            [
              3388875,
              1751250
            ],
            [
              3388875,
              1751225
            ]
          ],
          [
            [
              3388875,
              1751275
            ],
            [
              3388875,
              1751250
            ]
          ],
          [
            [
              3388875,
              1751300
            ],
            [
              3388875,
              1751275
            ]
          ],
          [
            [
              3388875,
              1751325
            ],
            [
              3388875,
              1751300
            ]
          ],
          [
            [
              3388875,
              1751350
            ],
            [
              3388875,
              1751325
            ]
          ],
          [
            [
              3388875,
              1751375
            ],
            [
              3388875,
              1751350
            ]
          ],
          [
            [
              3388875,
              1751400
            ],
            [
              3388875,
              1751375
            ]
          ],
          [
            [
              3388875,
              1751425
            ],
            [
              3388875,
              1751400
            ]
          ],
          [
            [
              3388875,
              1751450
            ],
            [
              3388875,
              1751425
            ]
          ],
          [
            [
              3388875,
              1751475
            ],
            [
              3388875,
              1751450
            ]
          ],
          [
            [
              3388875,
              1751500
            ],
            [
              3388875,
              1751475
            ]
          ],
          [
            [
              3388875,
              1751525
            ],
            [
              3388875,
              1751500
            ]
          ],
          [
            [
              3388875,
              1751550
            ],
            [
              3388875,
              1751525
            ]
          ],
          [
            [
              3388875,
              1751575
            ],
            [
              3388875,
              1751550
            ]
          ],
          [
            [
              3388875,
              1751600
            ],
            [
              3388875,
              1751575
            ]
          ],
          [
            [
              3388875,
              1751625
            ],
            [
              3388875,
              1751600
            ]
          ],
          [
            [
              3388875,
              1751650
            ],
            [
              3388875,
              1751625
            ]
          ],
          [
            [
              3388875,
              1751675
            ],
            [
              3388875,
              1751650
            ]
          ],
          [
            [
              3388875,
              1751700
            ],
            [
              3388875,
              1751675
            ]
          ],
          [
            [
              3388875,
              1751725
            ],
            [
              3388875,
              1751700
            ]
          ],
          [
            [
              3388875,
              1751750
            ],
            [
              3388875,
              1751725
            ]
          ],
          [
            [
              3388875,
              1751775
            ],
            [
              3388875,
              1751750
            ]
          ],
          [
            [
              3388875,
              1751800
            ],
            [
              3388875,
              1751775
            ]
          ],
          [
            [
              3388875,
              1751825
            ],
            [
              3388875,
              1751800
            ]
          ],
          [
            [
              3388875,
              1751850
            ],
            [
              3388875,
              1751825
            ]
          ],
          [
            [
              3388875,
              1751875
            ],
            [
              3388875,
              1751850
            ]
          ],
          [
            [
              3388875,
              1751900
            ],
            [
              3388875,
              1751875
            ]
          ],
          [
            [
              3388875,
              1751925
            ],
            [
              3388875,
              1751900
            ]
          ],
          [
            [
              3388875,
              1751950
            ],
            [
              3388875,
              1751925
            ]
          ],
          [
            [
              3388875,
              1751975
            ],
            [
              3388875,
              1751950
            ]
          ],
          [
            [
              3388875,
              1752000
            ],
            [
              3388875,
              1751975
            ]
          ],
          [
            [
              3388875,
              1752025
            ],
            [
              3388875,
              1752000
            ]
          ],
          [
            [
              3388875,
              1752050
            ],
            [
              3388875,
              1752025
            ]
          ],
          [
            [
              3388875,
              1752075
            ],
            [
              3388875,
              1752050
            ]
          ],
          [
            [
              3388875,
              1752100
            ],
            [
              3388875,
              1752075
            ]
          ],
          [
            [
              3388875,
              1752125
            ],
            [
              3388875,
              1752100
            ]
          ],
          [
            [
              3388875,
              1752150
            ],
            [
              3388875,
              1752125
            ]
          ],
          [
            [
              3388875,
              1752175
            ],
            [
              3388875,
              1752150
            ]
          ],
          [
            [
              3388875,
              1752200
            ],
            [
              3388875,
              1752175
            ]
          ],
          [
            [
              3388875,
              1752225
            ],
            [
              3388875,
              1752200
            ]
          ],
          [
            [
              3388875,
              1752250
            ],
            [
              3388875,
              1752225
            ]
          ],
          [
            [
              3388875,
              1752275
            ],
            [
              3388875,
              1752250
            ]
          ],
          [
            [
              3388875,
              1752300
            ],
            [
              3388875,
              1752275
            ]
          ],
          [
            [
              3388875,
              1752325
            ],
            [
              3388875,
              1752300
            ]
          ],
          [
            [
              3388875,
              1752350
            ],
            [
              3388875,
              1752325
            ]
          ],
          [
            [
              3388875,
              1752375
            ],
            [
              3388875,
              1752350
            ]
          ],
          [
            [
              3388875,
              1752400
            ],
            [
              3388875,
              1752375
            ]
          ],
          [
            [
              3388875,
              1752425
            ],
            [
              3388875,
              1752400
            ]
          ],
          [
            [
              3388875,
              1752450
            ],
            [
              3388875,
              1752425
            ]
          ],
          [
            [
              3388875,
              1752475
            ],
            [
              3388875,
              1752450
            ]
          ],
          [
            [
              3388875,
              1752500
            ],
            [
              3388875,
              1752475
            ]
          ],
          [
            [
              3388875,
              1752525
            ],
            [
              3388875,
              1752500
            ]
          ],
          [
            [
              3388875,
              1752550
            ],
            [
              3388875,
              1752525
            ]
          ],
          [
            [
              3388875,
              1752575
            ],
            [
              3388875,
              1752550
            ]
          ],
          [
            [
              3388875,
              1752600
            ],
            [
              3388875,
              1752575
            ]
          ],
          [
            [
              3388875,
              1752625
            ],
            [
              3388875,
              1752600
            ]
          ],
          [
            [
              3388875,
              1752650
            ],
            [
              3388875,
              1752625
            ]
          ],
          [
            [
              3388875,
              1752675
            ],
            [
              3388875,
              1752650
            ]
          ],
          [
            [
              3388875,
              1752700
            ],
            [
              3388875,
              1752675
            ]
          ],
          [
            [
              3388875,
              1752725
            ],
            [
              3388875,
              1752700
            ]
          ],
          [
            [
              3388875,
              1752750
            ],
            [
              3388875,
              1752725
            ]
          ],
          [
            [
              3388875,
              1752775
            ],
            [
              3388875,
              1752750
            ]
          ],
          [
            [
              3388875,
              1752800
            ],
            [
              3388875,
              1752775
            ]
          ],
          [
            [
              3388875,
              1752825
            ],
            [
              3388875,
              1752800
            ]
          ],
          [
            [
              3388875,
              1752850
            ],
            [
              3388875,
              1752825
            ]
          ],
          [
            [
              3388875,
              1752875
            ],
            [
              3388875,
              1752850
            ]
          ],
          [
            [
              3388875,
              1752900
            ],
            [
              3388875,
              1752875
            ]
          ],
          [
            [
              3388875,
              1752925
            ],
            [
              3388875,
              1752900
            ]
          ],
          [
            [
              3388875,
              1752950
            ],
            [
              3388875,
              1752925
            ]
          ],
          [
            [
              3388875,
              1752975
            ],
            [
              3388875,
              1752950
            ]
          ],
          [
            [
              3388875,
              1753000
            ],
            [
              3388875,
              1752975
            ]
          ],
          [
            [
              3388875,
              1753025
            ],
            [
              3388875,
              1753000
            ]
          ],
          [
            [
              3388875,
              1753050
            ],
            [
              3388875,
              1753025
            ]
          ],
          [
            [
              3388875,
              1753075
            ],
            [
              3388875,
              1753050
            ]
          ],
          [
            [
              3388875,
              1753100
            ],
            [
              3388875,
              1753075
            ]
          ],
          [
            [
              3388875,
              1753125
            ],
            [
              3388875,
              1753100
            ]
          ],
          [
            [
              3388875,
              1753150
            ],
            [
              3388875,
              1753125
            ]
          ],
          [
            [
              3388875,
              1753175
            ],
            [
              3388875,
              1753150
            ]
          ],
          [
            [
              3388875,
              1753200
            ],
            [
              3388875,
              1753175
            ]
          ],
          [
            [
              3388875,
              1753225
            ],
            [
              3388875,
              1753200
            ]
          ],
          [
            [
              3388875,
              1753250
            ],
            [
              3388875,
              1753225
            ]
          ],
          [
            [
              3388875,
              1753275
            ],
            [
              3388875,
              1753250
            ]
          ],
          [
            [
              3388875,
              1753300
            ],
            [
              3388875,
              1753275
            ]
          ],
          [
            [
              3388875,
              1753325
            ],
            [
              3388875,
              1753300
            ]
          ],
          [
            [
              3388875,
              1753350
            ],
            [
              3388875,
              1753325
            ]
          ],
          [
            [
              3388875,
              1753375
            ],
            [
              3388875,
              1753350
            ]
          ],
          [
            [
              3388875,
              1753400
            ],
            [
              3388875,
              1753375
            ]
          ],
          [
            [
              3388875,
              1753425
            ],
            [
              3388875,
              1753400
            ]
          ],
          [
            [
              3388875,
              1753450
            ],
            [
              3388875,
              1753425
            ]
          ],
          [
            [
              3388875,
              1753475
            ],
            [
              3388875,
              1753450
            ]
          ],
          [
            [
              3388875,
              1753500
            ],
            [
              3388875,
              1753475
            ]
          ],
          [
            [
              3388875,
              1753525
            ],
            [
              3388875,
              1753500
            ]
          ],
          [
            [
              3388875,
              1753550
            ],
            [
              3388875,
              1753525
            ]
          ],
          [
            [
              3388875,
              1753575
            ],
            [
              3388875,
              1753550
            ]
          ],
          [
            [
              3388875,
              1753600
            ],
            [
              3388875,
              1753575
            ]
          ],
          [
            [
              3388875,
              1753625
            ],
            [
              3388875,
              1753600
            ]
          ],
          [
            [
              3388875,
              1753650
            ],
            [
              3388875,
              1753625
            ]
          ],
          [
            [
              3388875,
              1753675
            ],
            [
              3388875,
              1753650
            ]
          ],
          [
            [
              3388875,
              1753700
            ],
            [
              3388875,
              1753675
            ]
          ],
          [
            [
              3388875,
              1753725
            ],
            [
              3388875,
              1753700
            ]
          ],
          [
            [
              3388875,
              1753750
            ],
            [
              3388875,
              1753725
            ]
          ],
          [
            [
              3388875,
              1753775
            ],
            [
              3388875,
              1753750
            ]
          ],
          [
            [
              3388875,
              1753800
            ],
            [
              3388875,
              1753775
            ]
          ],
          [
            [
              3388875,
              1753825
            ],
            [
              3388875,
              1753800
            ]
          ],
          [
            [
              3388875,
              1753850
            ],
            [
              3388875,
              1753825
            ]
          ],
          [
            [
              3388875,
              1753875
            ],
            [
              3388875,
              1753850
            ]
          ],
          [
            [
              3388875,
              1753900
            ],
            [
              3388875,
              1753875
            ]
          ],
          [
            [
              3388875,
              1753925
            ],
            [
              3388875,
              1753900
            ]
          ],
          [
            [
              3388875,
              1753950
            ],
            [
              3388875,
              1753925
            ]
          ],
          [
            [
              3388875,
              1753975
            ],
            [
              3388875,
              1753950
            ]
          ],
          [
            [
              3388875,
              1754000
            ],
            [
              3388875,
              1753975
            ]
          ],
          [
            [
              3388875,
              1754025
            ],
            [
              3388875,
              1754000
            ]
          ],
          [
            [
              3388875,
              1754050
            ],
            [
              3388875,
              1754025
            ]
          ],
          [
            [
              3388875,
              1754075
            ],
            [
              3388875,
              1754050
            ]
          ],
          [
            [
              3388875,
              1754100
            ],
            [
              3388875,
              1754075
            ]
          ],
          [
            [
              3388875,
              1754125
            ],
            [
              3388875,
              1754100
            ]
          ],
          [
            [
              3388875,
              1754150
            ],
            [
              3388875,
              1754125
            ]
          ],
          [
            [
              3388875,
              1754175
            ],
            [
              3388875,
              1754150
            ]
          ],
          [
            [
              3388875,
              1754200
            ],
            [
              3388875,
              1754175
            ]
          ],
          [
            [
              3388875,
              1754225
            ],
            [
              3388875,
              1754200
            ]
          ],
          [
            [
              3388875,
              1754250
            ],
            [
              3388875,
              1754225
            ]
          ],
          [
            [
              3388875,
              1754275
            ],
            [
              3388875,
              1754250
            ]
          ],
          [
            [
              3388875,
              1754300
            ],
            [
              3388875,
              1754275
            ]
          ],
          [
            [
              3388875,
              1754325
            ],
            [
              3388875,
              1754300
            ]
          ],
          [
            [
              3388875,
              1754350
            ],
            [
              3388875,
              1754325
            ]
          ],
          [
            [
              3388875,
              1754375
            ],
            [
              3388875,
              1754350
            ]
          ],
          [
            [
              3388875,
              1754400
            ],
            [
              3388875,
              1754375
            ]
          ],
          [
            [
              3388875,
              1754425
            ],
            [
              3388875,
              1754400
            ]
          ],
          [
            [
              3388875,
              1754450
            ],
            [
              3388875,
              1754425
            ]
          ],
          [
            [
              3388875,
              1754475
            ],
            [
              3388875,
              1754450
            ]
          ],
          [
            [
              3388875,
              1754500
            ],
            [
              3388875,
              1754475
            ]
          ],
          [
            [
              3388875,
              1754525
            ],
            [
              3388875,
              1754500
            ]
          ],
          [
            [
              3388875,
              1754550
            ],
            [
              3388875,
              1754525
            ]
          ],
          [
            [
              3388875,
              1754575
            ],
            [
              3388875,
              1754550
            ]
          ],
          [
            [
              3388875,
              1754600
            ],
            [
              3388875,
              1754575
            ]
          ],
          [
            [
              3388875,
              1754625
            ],
            [
              3388875,
              1754600
            ]
          ],
          [
            [
              3388875,
              1754650
            ],
            [
              3388875,
              1754625
            ]
          ],
          [
            [
              3388875,
              1754675
            ],
            [
              3388875,
              1754650
            ]
          ],
          [
            [
              3388875,
              1754700
            ],
            [
              3388875,
              1754675
            ]
          ],
          [
            [
              3388875,
              1754725
            ],
            [
              3388875,
              1754700
            ]
          ],
          [
            [
              3388875,
              1754750
            ],
            [
              3388875,
              1754725
            ]
          ],
          [
            [
              3388875,
              1754775
            ],
            [
              3388875,
              1754750
            ]
          ],
          [
            [
              3388875,
              1754800
            ],
            [
              3388875,
              1754775
            ]
          ],
          [
            [
              3388875,
              1754825
            ],
            [
              3388875,
              1754800
            ]
          ],
          [
            [
              3388875,
              1754850
            ],
            [
              3388875,
              1754825
            ]
          ],
          [
            [
              3388875,
              1754875
            ],
            [
              3388875,
              1754850
            ]
          ],
          [
            [
              3388875,
              1754900
            ],
            [
              3388875,
              1754875
            ]
          ],
          [
            [
              3388875,
              1754925
            ],
            [
              3388875,
              1754900
            ]
          ],
          [
            [
              3388875,
              1754950
            ],
            [
              3388875,
              1754925
            ]
          ],
          [
            [
              3388875,
              1754975
            ],
            [
              3388875,
              1754950
            ]
          ],
          [
            [
              3388875,
              1755000
            ],
            [
              3388875,
              1754975
            ]
          ],
          [
            [
              3388875,
              1755025
            ],
            [
              3388875,
              1755000
            ]
          ],
          [
            [
              3388875,
              1755050
            ],
            [
              3388875,
              1755025
            ]
          ],
          [
            [
              3388875,
              1755075
            ],
            [
              3388875,
              1755050
            ]
          ],
          [
            [
              3388875,
              1755100
            ],
            [
              3388875,
              1755075
            ]
          ],
          [
            [
              3388875,
              1755125
            ],
            [
              3388875,
              1755100
            ]
          ],
          [
            [
              3388875,
              1755150
            ],
            [
              3388875,
              1755125
            ]
          ],
          [
            [
              3388875,
              1755175
            ],
            [
              3388875,
              1755150
            ]
          ],
          [
            [
              3388875,
              1755200
            ],
            [
              3388875,
              1755175
            ]
          ],
          [
            [
              3388875,
              1755225
            ],
            [
              3388875,
              1755200
            ]
          ],
          [
            [
              3388875,
              1755250
            ],
            [
              3388875,
              1755225
            ]
          ],
          [
            [
              3388875,
              1755275
            ],
            [
              3388875,
              1755250
            ]
          ],
          [
            [
              3388875,
              1755300
            ],
            [
              3388875,
              1755275
            ]
          ],
          [
            [
              3388875,
              1755325
            ],
            [
              3388875,
              1755300
            ]
          ],
          [
            [
              3388875,
              1755350
            ],
            [
              3388875,
              1755325
            ]
          ],
          [
            [
              3388875,
              1755375
            ],
            [
              3388875,
              1755350
            ]
          ],
          [
            [
              3388875,
              1755400
            ],
            [
              3388875,
              1755375
            ]
          ],
          [
            [
              3388875,
              1755425
            ],
            [
              3388875,
              1755400
            ]
          ],
          [
            [
              3388875,
              1755450
            ],
            [
              3388875,
              1755425
            ]
          ],
          [
            [
              3388875,
              1755475
            ],
            [
              3388875,
              1755450
            ]
          ],
          [
            [
              3388875,
              1755500
            ],
            [
              3388875,
              1755475
            ]
          ],
          [
            [
              3388875,
              1755525
            ],
            [
              3388875,
              1755500
            ]
          ],
          [
            [
              3388875,
              1755550
            ],
            [
              3388875,
              1755525
            ]
          ],
          [
            [
              3388875,
              1755575
            ],
            [
              3388875,
              1755550
            ]
          ],
          [
            [
              3388875,
              1755600
            ],
            [
              3388875,
              1755575
            ]
          ],
          [
            [
              3388875,
              1755625
            ],
            [
              3388875,
              1755600
            ]
          ],
          [
            [
              3388875,
              1755650
            ],
            [
              3388875,
              1755625
            ]
          ],
          [
            [
              3388875,
              1755675
            ],
            [
              3388875,
              1755650
            ]
          ],
          [
            [
              3388875,
              1755700
            ],
            [
              3388875,
              1755675
            ]
          ],
          [
            [
              3388875,
              1755725
            ],
            [
              3388875,
              1755700
            ]
          ],
          [
            [
              3388875,
              1755750
            ],
            [
              3388875,
              1755725
            ]
          ],
          [
            [
              3388875,
              1755775
            ],
            [
              3388875,
              1755750
            ]
          ],
          [
            [
              3388875,
              1755800
            ],
            [
              3388875,
              1755775
            ]
          ],
          [
            [
              3388875,
              1755825
            ],
            [
              3388875,
              1755800
            ]
          ],
          [
            [
              3388875,
              1755850
            ],
            [
              3388875,
              1755825
            ]
          ],
          [
            [
              3388875,
              1755875
            ],
            [
              3388875,
              1755850
            ]
          ],
          [
            [
              3388875,
              1755900
            ],
            [
              3388875,
              1755875
            ]
          ],
          [
            [
              3388875,
              1755925
            ],
            [
              3388875,
              1755900
            ]
          ],
          [
            [
              3388875,
              1755950
            ],
            [
              3388875,
              1755925
            ]
          ],
          [
            [
              3388875,
              1755975
            ],
            [
              3388875,
              1755950
            ]
          ],
          [
            [
              3388875,
              1756000
            ],
            [
              3388875,
              1755975
            ]
          ],
          [
            [
              3388875,
              1756025
            ],
            [
              3388875,
              1756000
            ]
          ],
          [
            [
              3388875,
              1756050
            ],
            [
              3388875,
              1756025
            ]
          ],
          [
            [
              3388875,
              1756075
            ],
            [
              3388875,
              1756050
            ]
          ],
          [
            [
              3388875,
              1756100
            ],
            [
              3388875,
              1756075
            ]
          ],
          [
            [
              3388875,
              1756125
            ],
            [
              3388875,
              1756100
            ]
          ],
          [
            [
              3388875,
              1756150
            ],
            [
              3388875,
              1756125
            ]
          ],
          [
            [
              3388875,
              1756175
            ],
            [
              3388875,
              1756150
            ]
          ],
          [
            [
              3388875,
              1756200
            ],
            [
              3388875,
              1756175
            ]
          ],
          [
            [
              3388875,
              1756225
            ],
            [
              3388875,
              1756200
            ]
          ],
          [
            [
              3388875,
              1756250
            ],
            [
              3388875,
              1756225
            ]
          ],
          [
            [
              3388875,
              1756275
            ],
            [
              3388875,
              1756250
            ]
          ],
          [
            [
              3388875,
              1756300
            ],
            [
              3388875,
              1756275
            ]
          ],
          [
            [
              3388875,
              1756325
            ],
            [
              3388875,
              1756300
            ]
          ],
          [
            [
              3388875,
              1756350
            ],
            [
              3388875,
              1756325
            ]
          ],
          [
            [
              3388875,
              1756375
            ],
            [
              3388875,
              1756350
            ]
          ],
          [
            [
              3388875,
              1756400
            ],
            [
              3388875,
              1756375
            ]
          ],
          [
            [
              3388875,
              1756425
            ],
            [
              3388875,
              1756400
            ]
          ],
          [
            [
              3388875,
              1756450
            ],
            [
              3388875,
              1756425
            ]
          ],
          [
            [
              3388875,
              1756475
            ],
            [
              3388875,
              1756450
            ]
          ],
          [
            [
              3388875,
              1756500
            ],
            [
              3388875,
              1756475
            ]
          ],
          [
            [
              3388875,
              1756525
            ],
            [
              3388875,
              1756500
            ]
          ],
          [
            [
              3388875,
              1756550
            ],
            [
              3388875,
              1756525
            ]
          ],
          [
            [
              3388875,
              1756575
            ],
            [
              3388875,
              1756550
            ]
          ],
          [
            [
              3388875,
              1756600
            ],
            [
              3388875,
              1756575
            ]
          ],
          [
            [
              3388875,
              1756625
            ],
            [
              3388875,
              1756600
            ]
          ],
          [
            [
              3388875,
              1756650
            ],
            [
              3388875,
              1756625
            ]
          ],
          [
            [
              3388875,
              1756675
            ],
            [
              3388875,
              1756650
            ]
          ],
          [
            [
              3388875,
              1756700
            ],
            [
              3388875,
              1756675
            ]
          ],
          [
            [
              3388875,
              1756725
            ],
            [
              3388875,
              1756700
            ]
          ],
          [
            [
              3388875,
              1756750
            ],
            [
              3388875,
              1756725
            ]
          ],
          [
            [
              3388875,
              1756775
            ],
            [
              3388875,
              1756750
            ]
          ],
          [
            [
              3388875,
              1756800
            ],
            [
              3388875,
              1756775
            ]
          ],
          [
            [
              3388875,
              1756825
            ],
            [
              3388875,
              1756800
            ]
          ],
          [
            [
              3388875,
              1756850
            ],
            [
              3388875,
              1756825
            ]
          ],
          [
            [
              3388875,
              1756875
            ],
            [
              3388875,
              1756850
            ]
          ],
          [
            [
              3388875,
              1756900
            ],
            [
              3388875,
              1756875
            ]
          ],
          [
            [
              3388875,
              1756925
            ],
            [
              3388875,
              1756900
            ]
          ],
          [
            [
              3388875,
              1756950
            ],
            [
              3388875,
              1756925
            ]
          ],
          [
            [
              3388875,
              1756975
            ],
            [
              3388875,
              1756950
            ]
          ],
          [
            [
              3388875,
              1757000
            ],
            [
              3388875,
              1756975
            ]
          ],
          [
            [
              3388875,
              1757025
            ],
            [
              3388875,
              1757000
            ]
          ],
          [
            [
              3388875,
              1757050
            ],
            [
              3388875,
              1757025
            ]
          ],
          [
            [
              3388875,
              1757075
            ],
            [
              3388875,
              1757050
            ]
          ],
          [
            [
              3388875,
              1757100
            ],
            [
              3388875,
              1757075
            ]
          ],
          [
            [
              3388875,
              1757125
            ],
            [
              3388875,
              1757100
            ]
          ],
          [
            [
              3388875,
              1757150
            ],
            [
              3388875,
              1757125
            ]
          ],
          [
            [
              3388875,
              1757175
            ],
            [
              3388875,
              1757150
            ]
          ],
          [
            [
              3388875,
              1757200
            ],
            [
              3388875,
              1757175
            ]
          ],
          [
            [
              3388875,
              1757225
            ],
            [
              3388875,
              1757200
            ]
          ],
          [
            [
              3388875,
              1757250
            ],
            [
              3388875,
              1757225
            ]
          ],
          [
            [
              3388875,
              1757275
            ],
            [
              3388875,
              1757250
            ]
          ],
          [
            [
              3388875,
              1757300
            ],
            [
              3388875,
              1757275
            ]
          ],
          [
            [
              3388875,
              1757325
            ],
            [
              3388875,
              1757300
            ]
          ],
          [
            [
              3388875,
              1757350
            ],
            [
              3388875,
              1757325
            ]
          ],
          [
            [
              3388875,
              1757375
            ],
            [
              3388875,
              1757350
            ]
          ],
          [
            [
              3388875,
              1757400
            ],
            [
              3388875,
              1757375
            ]
          ],
          [
            [
              3388875,
              1757425
            ],
            [
              3388875,
              1757400
            ]
          ],
          [
            [
              3388875,
              1757450
            ],
            [
              3388875,
              1757425
            ]
          ],
          [
            [
              3388875,
              1757475
            ],
            [
              3388875,
              1757450
            ]
          ],
          [
            [
              3388875,
              1757500
            ],
            [
              3388875,
              1757475
            ]
          ],
          [
            [
              3388875,
              1757525
            ],
            [
              3388875,
              1757500
            ]
          ],
          [
            [
              3388875,
              1757550
            ],
            [
              3388875,
              1757525
            ]
          ],
          [
            [
              3388875,
              1757575
            ],
            [
              3388875,
              1757550
            ]
          ],
          [
            [
              3388875,
              1757600
            ],
            [
              3388875,
              1757575
            ]
          ],
          [
            [
              3388875,
              1757625
            ],
            [
              3388875,
              1757600
            ]
          ],
          [
            [
              3388875,
              1757650
            ],
            [
              3388875,
              1757625
            ]
          ],
          [
            [
              3388875,
              1757675
            ],
            [
              3388875,
              1757650
            ]
          ],
          [
            [
              3388875,
              1757700
            ],
            [
              3388875,
              1757675
            ]
          ],
          [
            [
              3388875,
              1757725
            ],
            [
              3388875,
              1757700
            ]
          ],
          [
            [
              3388875,
              1757750
            ],
            [
              3388875,
              1757725
            ]
          ],
          [
            [
              3388875,
              1757775
            ],
            [
              3388875,
              1757750
            ]
          ],
          [
            [
              3388875,
              1757800
            ],
            [
              3388875,
              1757775
            ]
          ],
          [
            [
              3388875,
              1757825
            ],
            [
              3388875,
              1757800
            ]
          ],
          [
            [
              3388875,
              1757850
            ],
            [
              3388875,
              1757825
            ]
          ],
          [
            [
              3388875,
              1757875
            ],
            [
              3388875,
              1757850
            ]
          ],
          [
            [
              3388875,
              1757900
            ],
            [
              3388875,
              1757875
            ]
          ],
          [
            [
              3388875,
              1757925
            ],
            [
              3388875,
              1757900
            ]
          ],
          [
            [
              3388875,
              1757950
            ],
            [
              3388875,
              1757925
            ]
          ],
          [
            [
              3388875,
              1757975
            ],
            [
              3388875,
              1757950
            ]
          ],
          [
            [
              3388875,
              1758000
            ],
            [
              3388875,
              1757975
            ]
          ],
          [
            [
              3388875,
              1758025
            ],
            [
              3388875,
              1758000
            ]
          ],
          [
            [
              3388875,
              1758050
            ],
            [
              3388875,
              1758025
            ]
          ],
          [
            [
              3388875,
              1758075
            ],
            [
              3388875,
              1758050
            ]
          ],
          [
            [
              3388875,
              1758100
            ],
            [
              3388875,
              1758075
            ]
          ],
          [
            [
              3388875,
              1758125
            ],
            [
              3388875,
              1758100
            ]
          ],
          [
            [
              3388875,
              1758150
            ],
            [
              3388875,
              1758125
            ]
          ],
          [
            [
              3388875,
              1758175
            ],
            [
              3388875,
              1758150
            ]
          ],
          [
            [
              3388875,
              1758200
            ],
            [
              3388875,
              1758175
            ]
          ],
          [
            [
              3388875,
              1758225
            ],
            [
              3388875,
              1758200
            ]
          ],
          [
            [
              3388875,
              1758250
            ],
            [
              3388875,
              1758225
            ]
          ],
          [
            [
              3388875,
              1758275
            ],
            [
              3388875,
              1758250
            ]
          ],
          [
            [
              3388875,
              1758300
            ],
            [
              3388875,
              1758275
            ]
          ],
          [
            [
              3388875,
              1758325
            ],
            [
              3388875,
              1758300
            ]
          ],
          [
            [
              3388875,
              1758350
            ],
            [
              3388875,
              1758325
            ]
          ],
          [
            [
              3388875,
              1758375
            ],
            [
              3388875,
              1758350
            ]
          ],
          [
            [
              3388875,
              1758400
            ],
            [
              3388875,
              1758375
            ]
          ],
          [
            [
              3388875,
              1758425
            ],
            [
              3388875,
              1758400
            ]
          ],
          [
            [
              3388875,
              1758450
            ],
            [
              3388875,
              1758425
            ]
          ],
          [
            [
              3388875,
              1758475
            ],
            [
              3388875,
              1758450
            ]
          ],
          [
            [
              3388875,
              1758500
            ],
            [
              3388875,
              1758475
            ]
          ],
          [
            [
              3388875,
              1758525
            ],
            [
              3388875,
              1758500
            ]
          ],
          [
            [
              3388875,
              1758550
            ],
            [
              3388875,
              1758525
            ]
          ],
          [
            [
              3388875,
              1758575
            ],
            [
              3388875,
              1758550
            ]
          ],
          [
            [
              3388875,
              1758600
            ],
            [
              3388875,
              1758575
            ]
          ],
          [
            [
              3388875,
              1758625
            ],
            [
              3388875,
              1758600
            ]
          ],
          [
            [
              3388875,
              1758650
            ],
            [
              3388875,
              1758625
            ]
          ],
          [
            [
              3388875,
              1758675
            ],
            [
              3388875,
              1758650
            ]
          ],
          [
            [
              3388875,
              1758700
            ],
            [
              3388875,
              1758675
            ]
          ],
          [
            [
              3388875,
              1758725
            ],
            [
              3388875,
              1758700
            ]
          ],
          [
            [
              3388875,
              1758750
            ],
            [
              3388875,
              1758725
            ]
          ],
          [
            [
              3388875,
              1758775
            ],
            [
              3388875,
              1758750
            ]
          ],
          [
            [
              3388875,
              1758800
            ],
            [
              3388875,
              1758775
            ]
          ],
          [
            [
              3388875,
              1758825
            ],
            [
              3388875,
              1758800
            ]
          ],
          [
            [
              3388875,
              1758850
            ],
            [
              3388875,
              1758825
            ]
          ],
          [
            [
              3388875,
              1758875
            ],
            [
              3388875,
              1758850
            ]
          ],
          [
            [
              3388875,
              1758900
            ],
            [
              3388875,
              1758875
            ]
          ],
          [
            [
              3388875,
              1758925
            ],
            [
              3388875,
              1758900
            ]
          ],
          [
            [
              3388875,
              1758950
            ],
            [
              3388875,
              1758925
            ]
          ],
          [
            [
              3388875,
              1758975
            ],
            [
              3388875,
              1758950
            ]
          ],
          [
            [
              3388875,
              1759000
            ],
            [
              3388875,
              1758975
            ]
          ],
          [
            [
              3388875,
              1759025
            ],
            [
              3388875,
              1759000
            ]
          ],
          [
            [
              3388875,
              1759050
            ],
            [
              3388875,
              1759025
            ]
          ],
          [
            [
              3388875,
              1759075
            ],
            [
              3388875,
              1759050
            ]
          ],
          [
            [
              3388875,
              1759100
            ],
            [
              3388875,
              1759075
            ]
          ],
          [
            [
              3388875,
              1759125
            ],
            [
              3388875,
              1759100
            ]
          ],
          [
            [
              3388875,
              1759150
            ],
            [
              3388875,
              1759125
            ]
          ],
          [
            [
              3388875,
              1759175
            ],
            [
              3388875,
              1759150
            ]
          ],
          [
            [
              3388875,
              1759200
            ],
            [
              3388875,
              1759175
            ]
          ],
          [
            [
              3388875,
              1759225
            ],
            [
              3388875,
              1759200
            ]
          ],
          [
            [
              3388875,
              1759250
            ],
            [
              3388875,
              1759225
            ]
          ],
          [
            [
              3388875,
              1759275
            ],
            [
              3388875,
              1759250
            ]
          ],
          [
            [
              3388875,
              1759300
            ],
            [
              3388875,
              1759275
            ]
          ],
          [
            [
              3388875,
              1759325
            ],
            [
              3388875,
              1759300
            ]
          ],
          [
            [
              3388875,
              1759350
            ],
            [
              3388875,
              1759325
            ]
          ],
          [
            [
              3388875,
              1759375
            ],
            [
              3388875,
              1759350
            ]
          ],
          [
            [
              3388875,
              1759400
            ],
            [
              3388875,
              1759375
            ]
          ],
          [
            [
              3388875,
              1759425
            ],
            [
              3388875,
              1759400
            ]
          ],
          [
            [
              3388875,
              1759450
            ],
            [
              3388875,
              1759425
            ]
          ],
          [
            [
              3388875,
              1759475
            ],
            [
              3388875,
              1759450
            ]
          ],
          [
            [
              3388875,
              1759500
            ],
            [
              3388875,
              1759475
            ]
          ],
          [
            [
              3388875,
              1759525
            ],
            [
              3388875,
              1759500
            ]
          ],
          [
            [
              3388875,
              1759550
            ],
            [
              3388875,
              1759525
            ]
          ],
          [
            [
              3388875,
              1759575
            ],
            [
              3388875,
              1759550
            ]
          ],
          [
            [
              3388875,
              1759600
            ],
            [
              3388875,
              1759575
            ]
          ],
          [
            [
              3388875,
              1759625
            ],
            [
              3388875,
              1759600
            ]
          ],
          [
            [
              3388875,
              1759650
            ],
            [
              3388875,
              1759625
            ]
          ],
          [
            [
              3388875,
              1759675
            ],
            [
              3388875,
              1759650
            ]
          ],
          [
            [
              3388875,
              1759700
            ],
            [
              3388875,
              1759675
            ]
          ],
          [
            [
              3388875,
              1759725
            ],
            [
              3388875,
              1759700
            ]
          ],
          [
            [
              3388875,
              1759750
            ],
            [
              3388875,
              1759725
            ]
          ],
          [
            [
              3388875,
              1759775
            ],
            [
              3388875,
              1759750
            ]
          ],
          [
            [
              3388875,
              1759800
            ],
            [
              3388875,
              1759775
            ]
          ],
          [
            [
              3388875,
              1759825
            ],
            [
              3388875,
              1759800
            ]
          ],
          [
            [
              3388875,
              1759850
            ],
            [
              3388875,
              1759825
            ]
          ],
          [
            [
              3388875,
              1759875
            ],
            [
              3388875,
              1759850
            ]
          ],
          [
            [
              3388875,
              1759900
            ],
            [
              3388875,
              1759875
            ]
          ],
          [
            [
              3388875,
              1759925
            ],
            [
              3388875,
              1759900
            ]
          ],
          [
            [
              3388875,
              1759950
            ],
            [
              3388875,
              1759925
            ]
          ],
          [
            [
              3388875,
              1759975
            ],
            [
              3388875,
              1759950
            ]
          ],
          [
            [
              3388875,
              1760000
            ],
            [
              3388875,
              1759975
            ]
          ],
          [
            [
              3388875,
              1760025
            ],
            [
              3388875,
              1760000
            ]
          ],
          [
            [
              3388875,
              1760050
            ],
            [
              3388875,
              1760025
            ]
          ],
          [
            [
              3388875,
              1760075
            ],
            [
              3388875,
              1760050
            ]
          ],
          [
            [
              3388875,
              1760100
            ],
            [
              3388875,
              1760075
            ]
          ],
          [
            [
              3388875,
              1760125
            ],
            [
              3388875,
              1760100
            ]
          ],
          [
            [
              3388875,
              1760150
            ],
            [
              3388875,
              1760125
            ]
          ],
          [
            [
              3388875,
              1760175
            ],
            [
              3388875,
              1760150
            ]
          ],
          [
            [
              3388875,
              1760200
            ],
            [
              3388875,
              1760175
            ]
          ],
          [
            [
              3388875,
              1760225
            ],
            [
              3388875,
              1760200
            ]
          ],
          [
            [
              3388875,
              1760250
            ],
            [
              3388875,
              1760225
            ]
          ],
          [
            [
              3388875,
              1760275
            ],
            [
              3388875,
              1760250
            ]
          ],
          [
            [
              3388875,
              1760300
            ],
            [
              3388875,
              1760275
            ]
          ],
          [
            [
              3388875,
              1760325
            ],
            [
              3388875,
              1760300
            ]
          ],
          [
            [
              3388875,
              1760350
            ],
            [
              3388875,
              1760325
            ]
          ],
          [
            [
              3388875,
              1760375
            ],
            [
              3388875,
              1760350
            ]
          ],
          [
            [
              3388875,
              1760400
            ],
            [
              3388875,
              1760375
            ]
          ],
          [
            [
              3388875,
              1760425
            ],
            [
              3388875,
              1760400
            ]
          ],
          [
            [
              3388875,
              1760450
            ],
            [
              3388875,
              1760425
            ]
          ],
          [
            [
              3388875,
              1760475
            ],
            [
              3388875,
              1760450
            ]
          ],
          [
            [
              3388875,
              1760500
            ],
            [
              3388875,
              1760475
            ]
          ],
          [
            [
              3388875,
              1760525
            ],
            [
              3388875,
              1760500
            ]
          ],
          [
            [
              3388875,
              1760550
            ],
            [
              3388875,
              1760525
            ]
          ],
          [
            [
              3388875,
              1760575
            ],
            [
              3388875,
              1760550
            ]
          ],
          [
            [
              3388875,
              1760600
            ],
            [
              3388875,
              1760575
            ]
          ],
          [
            [
              3388875,
              1760625
            ],
            [
              3388875,
              1760600
            ]
          ],
          [
            [
              3388875,
              1760650
            ],
            [
              3388875,
              1760625
            ]
          ],
          [
            [
              3388875,
              1760675
            ],
            [
              3388875,
              1760650
            ]
          ],
          [
            [
              3388875,
              1760700
            ],
            [
              3388875,
              1760675
            ]
          ],
          [
            [
              3388875,
              1760725
            ],
            [
              3388875,
              1760700
            ]
          ],
          [
            [
              3388875,
              1760750
            ],
            [
              3388875,
              1760725
            ]
          ],
          [
            [
              3388875,
              1760775
            ],
            [
              3388875,
              1760750
            ]
          ],
          [
            [
              3388875,
              1760800
            ],
            [
              3388875,
              1760775
            ]
          ],
          [
            [
              3388875,
              1760825
            ],
            [
              3388875,
              1760800
            ]
          ],
          [
            [
              3388875,
              1760850
            ],
            [
              3388875,
              1760825
            ]
          ],
          [
            [
              3388875,
              1760875
            ],
            [
              3388875,
              1760850
            ]
          ],
          [
            [
              3388875,
              1760900
            ],
            [
              3388875,
              1760875
            ]
          ],
          [
            [
              3388875,
              1760925
            ],
            [
              3388875,
              1760900
            ]
          ],
          [
            [
              3388875,
              1760950
            ],
            [
              3388875,
              1760925
            ]
          ],
          [
            [
              3388875,
              1760975
            ],
            [
              3388875,
              1760950
            ]
          ],
          [
            [
              3388875,
              1761000
            ],
            [
              3388875,
              1760975
            ]
          ],
          [
            [
              3388875,
              1761025
            ],
            [
              3388875,
              1761000
            ]
          ],
          [
            [
              3388875,
              1761050
            ],
            [
              3388875,
              1761025
            ]
          ],
          [
            [
              3388875,
              1761075
            ],
            [
              3388875,
              1761050
            ]
          ],
          [
            [
              3388875,
              1761100
            ],
            [
              3388875,
              1761075
            ]
          ],
          [
            [
              3388875,
              1761125
            ],
            [
              3388875,
              1761100
            ]
          ],
          [
            [
              3388875,
              1761150
            ],
            [
              3388875,
              1761125
            ]
          ],
          [
            [
              3388875,
              1761175
            ],
            [
              3388875,
              1761150
            ]
          ],
          [
            [
              3388875,
              1761200
            ],
            [
              3388875,
              1761175
            ]
          ],
          [
            [
              3388875,
              1761225
            ],
            [
              3388875,
              1761200
            ]
          ],
          [
            [
              3388875,
              1761250
            ],
            [
              3388875,
              1761225
            ]
          ],
          [
            [
              3388875,
              1761275
            ],
            [
              3388875,
              1761250
            ]
          ],
          [
            [
              3388875,
              1761300
            ],
            [
              3388875,
              1761275
            ]
          ],
          [
            [
              3388875,
              1761325
            ],
            [
              3388875,
              1761300
            ]
          ],
          [
            [
              3388875,
              1761350
            ],
            [
              3388875,
              1761325
            ]
          ],
          [
            [
              3388875,
              1761375
            ],
            [
              3388875,
              1761350
            ]
          ],
          [
            [
              3388875,
              1761400
            ],
            [
              3388875,
              1761375
            ]
          ],
          [
            [
              3388875,
              1761425
            ],
            [
              3388875,
              1761400
            ]
          ],
          [
            [
              3388875,
              1761450
            ],
            [
              3388875,
              1761425
            ]
          ],
          [
            [
              3388875,
              1761475
            ],
            [
              3388875,
              1761450
            ]
          ],
          [
            [
              3388875,
              1761500
            ],
            [
              3388875,
              1761475
            ]
          ],
          [
            [
              3388875,
              1761525
            ],
            [
              3388875,
              1761500
            ]
          ],
          [
            [
              3388875,
              1761550
            ],
            [
              3388875,
              1761525
            ]
          ],
          [
            [
              3388875,
              1761575
            ],
            [
              3388875,
              1761550
            ]
          ],
          [
            [
              3388875,
              1761600
            ],
            [
              3388875,
              1761575
            ]
          ],
          [
            [
              3388875,
              1761625
            ],
            [
              3388875,
              1761600
            ]
          ],
          [
            [
              3388875,
              1761650
            ],
            [
              3388875,
              1761625
            ]
          ],
          [
            [
              3388875,
              1761675
            ],
            [
              3388875,
              1761650
            ]
          ],
          [
            [
              3388875,
              1761700
            ],
            [
              3388875,
              1761675
            ]
          ],
          [
            [
              3388875,
              1761725
            ],
            [
              3388875,
              1761700
            ]
          ],
          [
            [
              3388875,
              1761750
            ],
            [
              3388875,
              1761725
            ]
          ],
          [
            [
              3388875,
              1761775
            ],
            [
              3388875,
              1761750
            ]
          ],
          [
            [
              3388875,
              1761800
            ],
            [
              3388875,
              1761775
            ]
          ],
          [
            [
              3388875,
              1761825
            ],
            [
              3388875,
              1761800
            ]
          ],
          [
            [
              3388875,
              1761850
            ],
            [
              3388875,
              1761825
            ]
          ],
          [
            [
              3388875,
              1761875
            ],
            [
              3388875,
              1761850
            ]
          ],
          [
            [
              3388875,
              1761900
            ],
            [
              3388875,
              1761875
            ]
          ],
          [
            [
              3388875,
              1761925
            ],
            [
              3388875,
              1761900
            ]
          ],
          [
            [
              3388875,
              1761950
            ],
            [
              3388875,
              1761925
            ]
          ],
          [
            [
              3388875,
              1761975
            ],
            [
              3388875,
              1761950
            ]
          ],
          [
            [
              3388875,
              1762000
            ],
            [
              3388875,
              1761975
            ]
          ],
          [
            [
              3388875,
              1762025
            ],
            [
              3388875,
              1762000
            ]
          ],
          [
            [
              3388875,
              1762050
            ],
            [
              3388875,
              1762025
            ]
          ],
          [
            [
              3388875,
              1762075
            ],
            [
              3388875,
              1762050
            ]
          ],
          [
            [
              3388875,
              1762100
            ],
            [
              3388875,
              1762075
            ]
          ],
          [
            [
              3388875,
              1762125
            ],
            [
              3388875,
              1762100
            ]
          ],
          [
            [
              3388875,
              1762150
            ],
            [
              3388875,
              1762125
            ]
          ],
          [
            [
              3388875,
              1762175
            ],
            [
              3388875,
              1762150
            ]
          ],
          [
            [
              3388875,
              1762200
            ],
            [
              3388875,
              1762175
            ]
          ],
          [
            [
              3388875,
              1762225
            ],
            [
              3388875,
              1762200
            ]
          ],
          [
            [
              3388875,
              1762250
            ],
            [
              3388875,
              1762225
            ]
          ],
          [
            [
              3388875,
              1762275
            ],
            [
              3388875,
              1762250
            ]
          ],
          [
            [
              3388875,
              1762300
            ],
            [
              3388875,
              1762275
            ]
          ],
          [
            [
              3388875,
              1762325
            ],
            [
              3388875,
              1762300
            ]
          ],
          [
            [
              3388875,
              1762350
            ],
            [
              3388875,
              1762325
            ]
          ],
          [
            [
              3388875,
              1762375
            ],
            [
              3388875,
              1762350
            ]
          ],
          [
            [
              3388875,
              1762400
            ],
            [
              3388875,
              1762375
            ]
          ],
          [
            [
              3388875,
              1762425
            ],
            [
              3388875,
              1762400
            ]
          ],
          [
            [
              3388875,
              1762450
            ],
            [
              3388875,
              1762425
            ]
          ],
          [
            [
              3388875,
              1762475
            ],
            [
              3388875,
              1762450
            ]
          ],
          [
            [
              3388875,
              1762500
            ],
            [
              3388875,
              1762475
            ]
          ],
          [
            [
              3388875,
              1762525
            ],
            [
              3388875,
              1762500
            ]
          ],
          [
            [
              3388875,
              1762550
            ],
            [
              3388875,
              1762525
            ]
          ],
          [
            [
              3388875,
              1762575
            ],
            [
              3388875,
              1762550
            ]
          ],
          [
            [
              3388875,
              1762600
            ],
            [
              3388875,
              1762575
            ]
          ],
          [
            [
              3388875,
              1762625
            ],
            [
              3388875,
              1762600
            ]
          ],
          [
            [
              3388875,
              1762650
            ],
            [
              3388875,
              1762625
            ]
          ],
          [
            [
              3388875,
              1762675
            ],
            [
              3388875,
              1762650
            ]
          ],
          [
            [
              3388875,
              1762700
            ],
            [
              3388875,
              1762675
            ]
          ],
          [
            [
              3388875,
              1762725
            ],
            [
              3388875,
              1762700
            ]
          ],
          [
            [
              3388875,
              1762750
            ],
            [
              3388875,
              1762725
            ]
          ],
          [
            [
              3388875,
              1762775
            ],
            [
              3388875,
              1762750
            ]
          ],
          [
            [
              3388875,
              1762800
            ],
            [
              3388875,
              1762775
            ]
          ],
          [
            [
              3388875,
              1762825
            ],
            [
              3388875,
              1762800
            ]
          ],
          [
            [
              3388875,
              1762850
            ],
            [
              3388875,
              1762825
            ]
          ],
          [
            [
              3388875,
              1762875
            ],
            [
              3388875,
              1762850
            ]
          ],
          [
            [
              3388875,
              1762900
            ],
            [
              3388875,
              1762875
            ]
          ],
          [
            [
              3388875,
              1762925
            ],
            [
              3388875,
              1762900
            ]
          ],
          [
            [
              3388875,
              1762950
            ],
            [
              3388875,
              1762925
            ]
          ],
          [
            [
              3388875,
              1762975
            ],
            [
              3388875,
              1762950
            ]
          ],
          [
            [
              3388875,
              1763000
            ],
            [
              3388875,
              1762975
            ]
          ],
          [
            [
              3388875,
              1763025
            ],
            [
              3388875,
              1763000
            ]
          ],
          [
            [
              3388875,
              1763050
            ],
            [
              3388875,
              1763025
            ]
          ],
          [
            [
              3388875,
              1763075
            ],
            [
              3388875,
              1763050
            ]
          ],
          [
            [
              3388875,
              1763100
            ],
            [
              3388875,
              1763075
            ]
          ],
          [
            [
              3388875,
              1763125
            ],
            [
              3388875,
              1763100
            ]
          ],
          [
            [
              3388875,
              1763150
            ],
            [
              3388875,
              1763125
            ]
          ],
          [
            [
              3388875,
              1763175
            ],
            [
              3388875,
              1763150
            ]
          ],
          [
            [
              3388875,
              1763200
            ],
            [
              3388875,
              1763175
            ]
          ],
          [
            [
              3388875,
              1763225
            ],
            [
              3388875,
              1763200
            ]
          ],
          [
            [
              3388875,
              1763250
            ],
            [
              3388875,
              1763225
            ]
          ],
          [
            [
              3388875,
              1763275
            ],
            [
              3388875,
              1763250
            ]
          ],
          [
            [
              3388875,
              1763300
            ],
            [
              3388875,
              1763275
            ]
          ],
          [
            [
              3388875,
              1763325
            ],
            [
              3388875,
              1763300
            ]
          ],
          [
            [
              3388875,
              1763350
            ],
            [
              3388875,
              1763325
            ]
          ],
          [
            [
              3388875,
              1763375
            ],
            [
              3388875,
              1763350
            ]
          ],
          [
            [
              3388875,
              1763400
            ],
            [
              3388875,
              1763375
            ]
          ],
          [
            [
              3388875,
              1763425
            ],
            [
              3388875,
              1763400
            ]
          ],
          [
            [
              3388875,
              1763450
            ],
            [
              3388875,
              1763425
            ]
          ],
          [
            [
              3388875,
              1763475
            ],
            [
              3388875,
              1763450
            ]
          ],
          [
            [
              3388875,
              1763500
            ],
            [
              3388875,
              1763475
            ]
          ],
          [
            [
              3388875,
              1763525
            ],
            [
              3388875,
              1763500
            ]
          ],
          [
            [
              3388875,
              1763550
            ],
            [
              3388875,
              1763525
            ]
          ],
          [
            [
              3388875,
              1763575
            ],
            [
              3388875,
              1763550
            ]
          ],
          [
            [
              3388875,
              1763600
            ],
            [
              3388875,
              1763575
            ]
          ],
          [
            [
              3388875,
              1763625
            ],
            [
              3388875,
              1763600
            ]
          ],
          [
            [
              3388875,
              1763650
            ],
            [
              3388875,
              1763625
            ]
          ],
          [
            [
              3388875,
              1763675
            ],
            [
              3388875,
              1763650
            ]
          ],
          [
            [
              3388875,
              1763700
            ],
            [
              3388875,
              1763675
            ]
          ],
          [
            [
              3388875,
              1763725
            ],
            [
              3388875,
              1763700
            ]
          ],
          [
            [
              3388875,
              1763750
            ],
            [
              3388875,
              1763725
            ]
          ],
          [
            [
              3388875,
              1763775
            ],
            [
              3388875,
              1763750
            ]
          ],
          [
            [
              3388875,
              1763800
            ],
            [
              3388875,
              1763775
            ]
          ],
          [
            [
              3388875,
              1763825
            ],
            [
              3388875,
              1763800
            ]
          ],
          [
            [
              3388875,
              1763850
            ],
            [
              3388875,
              1763825
            ]
          ],
          [
            [
              3388875,
              1763875
            ],
            [
              3388875,
              1763850
            ]
          ],
          [
            [
              3388875,
              1763900
            ],
            [
              3388875,
              1763875
            ]
          ],
          [
            [
              3388875,
              1763925
            ],
            [
              3388875,
              1763900
            ]
          ],
          [
            [
              3388875,
              1763950
            ],
            [
              3388875,
              1763925
            ]
          ],
          [
            [
              3388875,
              1763975
            ],
            [
              3388875,
              1763950
            ]
          ],
          [
            [
              3388875,
              1764000
            ],
            [
              3388875,
              1763975
            ]
          ],
          [
            [
              3388875,
              1764025
            ],
            [
              3388875,
              1764000
            ]
          ],
          [
            [
              3388875,
              1764050
            ],
            [
              3388875,
              1764025
            ]
          ],
          [
            [
              3388875,
              1764075
            ],
            [
              3388875,
              1764050
            ]
          ],
          [
            [
              3388875,
              1764100
            ],
            [
              3388875,
              1764075
            ]
          ],
          [
            [
              3388875,
              1764125
            ],
            [
              3388875,
              1764100
            ]
          ],
          [
            [
              3388875,
              1764150
            ],
            [
              3388875,
              1764125
            ]
          ],
          [
            [
              3388875,
              1764175
            ],
            [
              3388875,
              1764150
            ]
          ],
          [
            [
              3388875,
              1764200
            ],
            [
              3388875,
              1764175
            ]
          ],
          [
            [
              3388875,
              1764225
            ],
            [
              3388875,
              1764200
            ]
          ],
          [
            [
              3388875,
              1764250
            ],
            [
              3388875,
              1764225
            ]
          ],
          [
            [
              3388875,
              1764275
            ],
            [
              3388875,
              1764250
            ]
          ],
          [
            [
              3388875,
              1764300
            ],
            [
              3388875,
              1764275
            ]
          ],
          [
            [
              3388875,
              1764325
            ],
            [
              3388875,
              1764300
            ]
          ],
          [
            [
              3388875,
              1764350
            ],
            [
              3388875,
              1764325
            ]
          ],
          [
            [
              3388875,
              1764375
            ],
            [
              3388875,
              1764350
            ]
          ],
          [
            [
              3388875,
              1764400
            ],
            [
              3388875,
              1764375
            ]
          ],
          [
            [
              3388875,
              1764425
            ],
            [
              3388875,
              1764400
            ]
          ],
          [
            [
              3388875,
              1764450
            ],
            [
              3388875,
              1764425
            ]
          ],
          [
            [
              3388875,
              1764475
            ],
            [
              3388875,
              1764450
            ]
          ],
          [
            [
              3388875,
              1764500
            ],
            [
              3388875,
              1764475
            ]
          ],
          [
            [
              3388875,
              1764525
            ],
            [
              3388875,
              1764500
            ]
          ],
          [
            [
              3388875,
              1764550
            ],
            [
              3388875,
              1764525
            ]
          ],
          [
            [
              3388875,
              1764575
            ],
            [
              3388875,
              1764550
            ]
          ],
          [
            [
              3388875,
              1764600
            ],
            [
              3388875,
              1764575
            ]
          ],
          [
            [
              3388875,
              1764625
            ],
            [
              3388875,
              1764600
            ]
          ],
          [
            [
              3388875,
              1764650
            ],
            [
              3388875,
              1764625
            ]
          ],
          [
            [
              3388875,
              1764675
            ],
            [
              3388875,
              1764650
            ]
          ],
          [
            [
              3388875,
              1764700
            ],
            [
              3388875,
              1764675
            ]
          ],
          [
            [
              3388875,
              1764725
            ],
            [
              3388875,
              1764700
            ]
          ],
          [
            [
              3388875,
              1764750
            ],
            [
              3388875,
              1764725
            ]
          ],
          [
            [
              3388875,
              1764775
            ],
            [
              3388875,
              1764750
            ]
          ],
          [
            [
              3388875,
              1764800
            ],
            [
              3388875,
              1764775
            ]
          ],
          [
            [
              3388875,
              1764825
            ],
            [
              3388875,
              1764800
            ]
          ],
          [
            [
              3388875,
              1764850
            ],
            [
              3388875,
              1764825
            ]
          ],
          [
            [
              3388875,
              1764875
            ],
            [
              3388875,
              1764850
            ]
          ],
          [
            [
              3388875,
              1764900
            ],
            [
              3388875,
              1764875
            ]
          ],
          [
            [
              3388875,
              1764925
            ],
            [
              3388875,
              1764900
            ]
          ],
          [
            [
              3388875,
              1764950
            ],
            [
              3388875,
              1764925
            ]
          ],
          [
            [
              3388875,
              1764975
            ],
            [
              3388875,
              1764950
            ]
          ],
          [
            [
              3388875,
              1765000
            ],
            [
              3388875,
              1764975
            ]
          ],
          [
            [
              3388875,
              1765025
            ],
            [
              3388875,
              1765000
            ]
          ],
          [
            [
              3388875,
              1765050
            ],
            [
              3388875,
              1765025
            ]
          ],
          [
            [
              3388875,
              1765075
            ],
            [
              3388875,
              1765050
            ]
          ],
          [
            [
              3388875,
              1765100
            ],
            [
              3388875,
              1765075
            ]
          ],
          [
            [
              3388875,
              1765125
            ],
            [
              3388875,
              1765100
            ]
          ],
          [
            [
              3388875,
              1765150
            ],
            [
              3388875,
              1765125
            ]
          ],
          [
            [
              3388875,
              1765175
            ],
            [
              3388875,
              1765150
            ]
          ],
          [
            [
              3388875,
              1765200
            ],
            [
              3388875,
              1765175
            ]
          ],
          [
            [
              3388875,
              1765225
            ],
            [
              3388875,
              1765200
            ]
          ],
          [
            [
              3388875,
              1765250
            ],
            [
              3388875,
              1765225
            ]
          ],
          [
            [
              3388875,
              1765275
            ],
            [
              3388875,
              1765250
            ]
          ],
          [
            [
              3388875,
              1765300
            ],
            [
              3388875,
              1765275
            ]
          ],
          [
            [
              3388875,
              1765325
            ],
            [
              3388875,
              1765300
            ]
          ],
          [
            [
              3388875,
              1765350
            ],
            [
              3388875,
              1765325
            ]
          ],
          [
            [
              3388875,
              1765375
            ],
            [
              3388875,
              1765350
            ]
          ],
          [
            [
              3388875,
              1765400
            ],
            [
              3388875,
              1765375
            ]
          ],
          [
            [
              3388875,
              1765425
            ],
            [
              3388875,
              1765400
            ]
          ],
          [
            [
              3388875,
              1765450
            ],
            [
              3388875,
              1765425
            ]
          ],
          [
            [
              3388875,
              1765475
            ],
            [
              3388875,
              1765450
            ]
          ],
          [
            [
              3388875,
              1765500
            ],
            [
              3388875,
              1765475
            ]
          ],
          [
            [
              3388875,
              1765525
            ],
            [
              3388875,
              1765500
            ]
          ],
          [
            [
              3388900,
              1751025
            ],
            [
              3388925,
              1751025
            ]
          ],
          [
            [
              3388900,
              1765525
            ],
            [
              3388875,
              1765525
            ]
          ],
          [
            [
              3388925,
              1751025
            ],
            [
              3388950,
              1751025
            ]
          ],
          [
            [
              3388925,
              1765525
            ],
            [
              3388900,
              1765525
            ]
          ],
          [
            [
              3388950,
              1751025
            ],
            [
              3388975,
              1751025
            ]
          ],
          [
            [
              3388950,
              1765525
            ],
            [
              3388925,
              1765525
            ]
          ],
          [
            [
              3388975,
              1751025
            ],
            [
              3389000,
              1751025
            ]
          ],
          [
            [
              3388975,
              1765525
            ],
            [
              3388950,
              1765525
            ]
          ],
          [
            [
              3389000,
              1751025
            ],
            [
              3389025,
              1751025
            ]
          ],
          [
            [
              3389000,
              1765525
            ],
            [
              3388975,
              1765525
            ]
          ],
          [
            [
              3389025,
              1751025
            ],
            [
              3389050,
              1751025
            ]
          ],
          [
            [
              3389025,
              1765525
            ],
            [
              3389000,
              1765525
            ]
          ],
          [
            [
              3389050,
              1751025
            ],
            [
              3389075,
              1751025
            ]
          ],
          [
            [
              3389050,
              1765525
            ],
            [
              3389025,
              1765525
            ]
          ],
          [
            [
              3389075,
              1751025
            ],
            [
              3389100,
              1751025
            ]
          ],
          [
            [
              3389075,
              1765525
            ],
            [
              3389050,
              1765525
            ]
          ],
          [
            [
              3389100,
              1751025
            ],
            [
              3389125,
              1751025
            ]
          ],
          [
            [
              3389100,
              1765525
            ],
            [
              3389075,
              1765525
            ]
          ],
          [
            [
              3389125,
              1751025
            ],
            [
              3389150,
              1751025
            ]
          ],
          [
            [
              3389125,
              1765525
            ],
            [
              3389100,
              1765525
            ]
          ],
          [
            [
              3389150,
              1751025
            ],
            [
              3389175,
              1751025
            ]
          ],
          [
            [
              3389150,
              1765525
            ],
            [
              3389125,
              1765525
            ]
          ],
          [
            [
              3389175,
              1751025
            ],
            [
              3389200,
              1751025
            ]
          ],
          [
            [
              3389175,
              1765525
            ],
            [
              3389150,
              1765525
            ]
          ],
          [
            [
              3389200,
              1751025
            ],
            [
              3389225,
              1751025
            ]
          ],
          [
            [
              3389200,
              1765525
            ],
            [
              3389175,
              1765525
            ]
          ],
          [
            [
              3389225,
              1751025
            ],
            [
              3389250,
              1751025
            ]
          ],
          [
            [
              3389225,
              1765525
            ],
            [
              3389200,
              1765525
            ]
          ],
          [
            [
              3389250,
              1751025
            ],
            [
              3389275,
              1751025
            ]
          ],
          [
            [
              3389250,
              1765525
            ],
            [
              3389225,
              1765525
            ]
          ],
          [
            [
              3389275,
              1751025
            ],
            [
              3389300,
              1751025
            ]
          ],
          [
            [
              3389275,
              1765525
            ],
            [
              3389250,
              1765525
            ]
          ],
          [
            [
              3389300,
              1751025
            ],
            [
              3389325,
              1751025
            ]
          ],
          [
            [
              3389300,
              1765525
            ],
            [
              3389275,
              1765525
            ]
          ],
          [
            [
              3389325,
              1751025
            ],
            [
              3389350,
              1751025
            ]
          ],
          [
            [
              3389325,
              1765525
            ],
            [
              3389300,
              1765525
            ]
          ],
          [
            [
              3389350,
              1751025
            ],
            [
              3389375,
              1751025
            ]
          ],
          [
            [
              3389350,
              1765525
            ],
            [
              3389325,
              1765525
            ]
          ],
          [
            [
              3389375,
              1751025
            ],
            [
              3389400,
              1751025
            ]
          ],
          [
            [
              3389375,
              1765525
            ],
            [
              3389350,
              1765525
            ]
          ],
          [
            [
              3389400,
              1751025
            ],
            [
              3389425,
              1751025
            ]
          ],
          [
            [
              3389400,
              1765525
            ],
            [
              3389375,
              1765525
            ]
          ],
          [
            [
              3389425,
              1751025
            ],
            [
              3389450,
              1751025
            ]
          ],
          [
            [
              3389425,
              1765525
            ],
            [
              3389400,
              1765525
            ]
          ],
          [
            [
              3389450,
              1751025
            ],
            [
              3389475,
              1751025
            ]
          ],
          [
            [
              3389450,
              1765525
            ],
            [
              3389425,
              1765525
            ]
          ],
          [
            [
              3389475,
              1751025
            ],
            [
              3389500,
              1751025
            ]
          ],
          [
            [
              3389475,
              1765525
            ],
            [
              3389450,
              1765525
            ]
          ],
          [
            [
              3389500,
              1751025
            ],
            [
              3389525,
              1751025
            ]
          ],
          [
            [
              3389500,
              1765525
            ],
            [
              3389475,
              1765525
            ]
          ],
          [
            [
              3389525,
              1751025
            ],
            [
              3389550,
              1751025
            ]
          ],
          [
            [
              3389525,
              1765525
            ],
            [
              3389500,
              1765525
            ]
          ],
          [
            [
              3389550,
              1751025
            ],
            [
              3389575,
              1751025
            ]
          ],
          [
            [
              3389550,
              1765525
            ],
            [
              3389525,
              1765525
            ]
          ],
          [
            [
              3389575,
              1751025
            ],
            [
              3389600,
              1751025
            ]
          ],
          [
            [
              3389575,
              1765525
            ],
            [
              3389550,
              1765525
            ]
          ],
          [
            [
              3389600,
              1751025
            ],
            [
              3389625,
              1751025
            ]
          ],
          [
            [
              3389600,
              1765525
            ],
            [
              3389575,
              1765525
            ]
          ],
          [
            [
              3389625,
              1751025
            ],
            [
              3389650,
              1751025
            ]
          ],
          [
            [
              3389625,
              1765525
            ],
            [
              3389600,
              1765525
            ]
          ],
          [
            [
              3389650,
              1751025
            ],
            [
              3389675,
              1751025
            ]
          ],
          [
            [
              3389650,
              1765525
            ],
            [
              3389625,
              1765525
            ]
          ],
          [
            [
              3389675,
              1751025
            ],
            [
              3389700,
              1751025
            ]
          ],
          [
            [
              3389675,
              1765525
            ],
            [
              3389650,
              1765525
            ]
          ],
          [
            [
              3389700,
              1751025
            ],
            [
              3389725,
              1751025
            ]
          ],
          [
            [
              3389700,
              1765525
            ],
            [
              3389675,
              1765525
            ]
          ],
          [
            [
              3389725,
              1751025
            ],
            [
              3389750,
              1751025
            ]
          ],
          [
            [
              3389725,
              1765525
            ],
            [
              3389700,
              1765525
            ]
          ],
          [
            [
              3389750,
              1751025
            ],
            [
              3389775,
              1751025
            ]
          ],
          [
            [
              3389750,
              1765525
            ],
            [
              3389725,
              1765525
            ]
          ],
          [
            [
              3389775,
              1751025
            ],
            [
              3389800,
              1751025
            ]
          ],
          [
            [
              3389775,
              1765525
            ],
            [
              3389750,
              1765525
            ]
          ],
          [
            [
              3389800,
              1751025
            ],
            [
              3389825,
              1751025
            ]
          ],
          [
            [
              3389800,
              1765525
            ],
            [
              3389775,
              1765525
            ]
          ],
          [
            [
              3389825,
              1751025
            ],
            [
              3389850,
              1751025
            ]
          ],
          [
            [
              3389825,
              1765525
            ],
            [
              3389800,
              1765525
            ]
          ],
          [
            [
              3389850,
              1751025
            ],
            [
              3389875,
              1751025
            ]
          ],
          [
            [
              3389850,
              1765525
            ],
            [
              3389825,
              1765525
            ]
          ],
          [
            [
              3389875,
              1751025
            ],
            [
              3389900,
              1751025
            ]
          ],
          [
            [
              3389875,
              1765525
            ],
            [
              3389850,
              1765525
            ]
          ],
          [
            [
              3389900,
              1751025
            ],
            [
              3389925,
              1751025
            ]
          ],
          [
            [
              3389900,
              1765525
            ],
            [
              3389875,
              1765525
            ]
          ],
          [
            [
              3389925,
              1751025
            ],
            [
              3389950,
              1751025
            ]
          ],
          [
            [
              3389925,
              1765525
            ],
            [
              3389900,
              1765525
            ]
          ],
          [
            [
              3389950,
              1751025
            ],
            [
              3389975,
              1751025
            ]
          ],
          [
            [
              3389950,
              1765525
            ],
            [
              3389925,
              1765525
            ]
          ],
          [
            [
              3389975,
              1751025
            ],
            [
              3390000,
              1751025
            ]
          ],
          [
            [
              3389975,
              1765525
            ],
            [
              3389950,
              1765525
            ]
          ],
          [
            [
              3390000,
              1751025
            ],
            [
              3390025,
              1751025
            ]
          ],
          [
            [
              3390000,
              1765525
            ],
            [
              3389975,
              1765525
            ]
          ],
          [
            [
              3390025,
              1751025
            ],
            [
              3390050,
              1751025
            ]
          ],
          [
            [
              3390025,
              1765525
            ],
            [
              3390000,
              1765525
            ]
          ],
          [
            [
              3390050,
              1751025
            ],
            [
              3390075,
              1751025
            ]
          ],
          [
            [
              3390050,
              1765525
            ],
            [
              3390025,
              1765525
            ]
          ],
          [
            [
              3390075,
              1751025
            ],
            [
              3390100,
              1751025
            ]
          ],
          [
            [
              3390075,
              1765525
            ],
            [
              3390050,
              1765525
            ]
          ],
          [
            [
              3390100,
              1751025
            ],
            [
              3390125,
              1751025
            ]
          ],
          [
            [
              3390100,
              1765525
            ],
            [
              3390075,
              1765525
            ]
          ],
          [
            [
              3390125,
              1751025
            ],
            [
              3390150,
              1751025
            ]
          ],
          [
            [
              3390125,
              1765525
            ],
            [
              3390100,
              1765525
            ]
          ],
          [
            [
              3390150,
              1751025
            ],
            [
              3390175,
              1751025
            ]
          ],
          [
            [
              3390150,
              1765525
            ],
            [
              3390125,
              1765525
            ]
          ],
          [
            [
              3390175,
              1751025
            ],
            [
              3390200,
              1751025
            ]
          ],
          [
            [
              3390175,
              1765525
            ],
            [
              3390150,
              1765525
            ]
          ],
          [
            [
              3390200,
              1751025
            ],
            [
              3390225,
              1751025
            ]
          ],
          [
            [
              3390200,
              1765525
            ],
            [
              3390175,
              1765525
            ]
          ],
          [
            [
              3390225,
              1751025
            ],
            [
              3390250,
              1751025
            ]
          ],
          [
            [
              3390225,
              1765525
            ],
            [
              3390200,
              1765525
            ]
          ],
          [
            [
              3390250,
              1751025
            ],
            [
              3390275,
              1751025
            ]
          ],
          [
            [
              3390250,
              1765525
            ],
            [
              3390225,
              1765525
            ]
          ],
          [
            [
              3390275,
              1751025
            ],
            [
              3390300,
              1751025
            ]
          ],
          [
            [
              3390275,
              1765525
            ],
            [
              3390250,
              1765525
            ]
          ],
          [
            [
              3390300,
              1751025
            ],
            [
              3390325,
              1751025
            ]
          ],
          [
            [
              3390300,
              1765525
            ],
            [
              3390275,
              1765525
            ]
          ],
          [
            [
              3390325,
              1751025
            ],
            [
              3390350,
              1751025
            ]
          ],
          [
            [
              3390325,
              1765525
            ],
            [
              3390300,
              1765525
            ]
          ],
          [
            [
              3390350,
              1751025
            ],
            [
              3390375,
              1751025
            ]
          ],
          [
            [
              3390350,
              1765525
            ],
            [
              3390325,
              1765525
            ]
          ],
          [
            [
              3390375,
              1751025
            ],
            [
              3390400,
              1751025
            ]
          ],
          [
            [
              3390375,
              1765525
            ],
            [
              3390350,
              1765525
            ]
          ],
          [
            [
              3390400,
              1751025
            ],
            [
              3390425,
              1751025
            ]
          ],
          [
            [
              3390400,
              1765525
            ],
            [
              3390375,
              1765525
            ]
          ],
          [
            [
              3390425,
              1751025
            ],
            [
              3390450,
              1751025
            ]
          ],
          [
            [
              3390425,
              1765525
            ],
            [
              3390400,
              1765525
            ]
          ],
          [
            [
              3390450,
              1751025
            ],
            [
              3390475,
              1751025
            ]
          ],
          [
            [
              3390450,
              1765525
            ],
            [
              3390425,
              1765525
            ]
          ],
          [
            [
              3390475,
              1751025
            ],
            [
              3390500,
              1751025
            ]
          ],
          [
            [
              3390475,
              1765525
            ],
            [
              3390450,
              1765525
            ]
          ],
          [
            [
              3390500,
              1751025
            ],
            [
              3390525,
              1751025
            ]
          ],
          [
            [
              3390500,
              1765525
            ],
            [
              3390475,
              1765525
            ]
          ],
          [
            [
              3390525,
              1751025
            ],
            [
              3390550,
              1751025
            ]
          ],
          [
            [
              3390525,
              1765525
            ],
            [
              3390500,
              1765525
            ]
          ],
          [
            [
              3390550,
              1751025
            ],
            [
              3390575,
              1751025
            ]
          ],
          [
            [
              3390550,
              1765525
            ],
            [
              3390525,
              1765525
            ]
          ],
          [
            [
              3390575,
              1751025
            ],
            [
              3390600,
              1751025
            ]
          ],
          [
            [
              3390575,
              1765525
            ],
            [
              3390550,
              1765525
            ]
          ],
          [
            [
              3390600,
              1751025
            ],
            [
              3390625,
              1751025
            ]
          ],
          [
            [
              3390600,
              1765525
            ],
            [
              3390575,
              1765525
            ]
          ],
          [
            [
              3390625,
              1751025
            ],
            [
              3390650,
              1751025
            ]
          ],
          [
            [
              3390625,
              1765525
            ],
            [
              3390600,
              1765525
            ]
          ],
          [
            [
              3390650,
              1751025
            ],
            [
              3390675,
              1751025
            ]
          ],
          [
            [
              3390650,
              1765525
            ],
            [
              3390625,
              1765525
            ]
          ],
          [
            [
              3390675,
              1751025
            ],
            [
              3390700,
              1751025
            ]
          ],
          [
            [
              3390675,
              1765525
            ],
            [
              3390650,
              1765525
            ]
          ],
          [
            [
              3390700,
              1751025
            ],
            [
              3390725,
              1751025
            ]
          ],
          [
            [
              3390700,
              1765525
            ],
            [
              3390675,
              1765525
            ]
          ],
          [
            [
              3390725,
              1751025
            ],
            [
              3390750,
              1751025
            ]
          ],
          [
            [
              3390725,
              1765525
            ],
            [
              3390700,
              1765525
            ]
          ],
          [
            [
              3390750,
              1751025
            ],
            [
              3390775,
              1751025
            ]
          ],
          [
            [
              3390750,
              1765525
            ],
            [
              3390725,
              1765525
            ]
          ],
          [
            [
              3390775,
              1751025
            ],
            [
              3390800,
              1751025
            ]
          ],
          [
            [
              3390775,
              1765525
            ],
            [
              3390750,
              1765525
            ]
          ],
          [
            [
              3390800,
              1751025
            ],
            [
              3390825,
              1751025
            ]
          ],
          [
            [
              3390800,
              1765525
            ],
            [
              3390775,
              1765525
            ]
          ],
          [
            [
              3390825,
              1751025
            ],
            [
              3390850,
              1751025
            ]
          ],
          [
            [
              3390825,
              1765525
            ],
            [
              3390800,
              1765525
            ]
          ],
          [
            [
              3390850,
              1751025
            ],
            [
              3390875,
              1751025
            ]
          ],
          [
            [
              3390850,
              1765525
            ],
            [
              3390825,
              1765525
            ]
          ],
          [
            [
              3390875,
              1751025
            ],
            [
              3390900,
              1751025
            ]
          ],
          [
            [
              3390875,
              1765525
            ],
            [
              3390850,
              1765525
            ]
          ],
          [
            [
              3390900,
              1751025
            ],
            [
              3390925,
              1751025
            ]
          ],
          [
            [
              3390900,
              1765525
            ],
            [
              3390875,
              1765525
            ]
          ],
          [
            [
              3390925,
              1751025
            ],
            [
              3390950,
              1751025
            ]
          ],
          [
            [
              3390925,
              1765525
            ],
            [
              3390900,
              1765525
            ]
          ],
          [
            [
              3390950,
              1751025
            ],
            [
              3390975,
              1751025
            ]
          ],
          [
            [
              3390950,
              1765525
            ],
            [
              3390925,
              1765525
            ]
          ],
          [
            [
              3390975,
              1751025
            ],
            [
              3391000,
              1751025
            ]
          ],
          [
            [
              3390975,
              1765525
            ],
            [
              3390950,
              1765525
            ]
          ],
          [
            [
              3391000,
              1751025
            ],
            [
              3391025,
              1751025
            ]
          ],
          [
            [
              3391000,
              1765525
            ],
            [
              3390975,
              1765525
            ]
          ],
          [
            [
              3391025,
              1751025
            ],
            [
              3391050,
              1751025
            ]
          ],
          [
            [
              3391025,
              1765525
            ],
            [
              3391000,
              1765525
            ]
          ],
          [
            [
              3391050,
              1751025
            ],
            [
              3391075,
              1751025
            ]
          ],
          [
            [
              3391050,
              1765525
            ],
            [
              3391025,
              1765525
            ]
          ],
          [
            [
              3391075,
              1751025
            ],
            [
              3391100,
              1751025
            ]
          ],
          [
            [
              3391075,
              1765525
            ],
            [
              3391050,
              1765525
            ]
          ],
          [
            [
              3391100,
              1751025
            ],
            [
              3391125,
              1751025
            ]
          ],
          [
            [
              3391100,
              1765525
            ],
            [
              3391075,
              1765525
            ]
          ],
          [
            [
              3391125,
              1751025
            ],
            [
              3391150,
              1751025
            ]
          ],
          [
            [
              3391125,
              1765525
            ],
            [
              3391100,
              1765525
            ]
          ],
          [
            [
              3391150,
              1751025
            ],
            [
              3391175,
              1751025
            ]
          ],
          [
            [
              3391150,
              1765525
            ],
            [
              3391125,
              1765525
            ]
          ],
          [
            [
              3391175,
              1751025
            ],
            [
              3391200,
              1751025
            ]
          ],
          [
            [
              3391175,
              1765525
            ],
            [
              3391150,
              1765525
            ]
          ],
          [
            [
              3391200,
              1751025
            ],
            [
              3391225,
              1751025
            ]
          ],
          [
            [
              3391200,
              1765525
            ],
            [
              3391175,
              1765525
            ]
          ],
          [
            [
              3391225,
              1751025
            ],
            [
              3391250,
              1751025
            ]
          ],
          [
            [
              3391225,
              1765525
            ],
            [
              3391200,
              1765525
            ]
          ],
          [
            [
              3391250,
              1751025
            ],
            [
              3391275,
              1751025
            ]
          ],
          [
            [
              3391250,
              1765525
            ],
            [
              3391225,
              1765525
            ]
          ],
          [
            [
              3391275,
              1751025
            ],
            [
              3391300,
              1751025
            ]
          ],
          [
            [
              3391275,
              1765525
            ],
            [
              3391250,
              1765525
            ]
          ],
          [
            [
              3391300,
              1751025
            ],
            [
              3391325,
              1751025
            ]
          ],
          [
            [
              3391300,
              1765525
            ],
            [
              3391275,
              1765525
            ]
          ],
          [
            [
              3391325,
              1751025
            ],
            [
              3391350,
              1751025
            ]
          ],
          [
            [
              3391325,
              1765525
            ],
            [
              3391300,
              1765525
            ]
          ],
          [
            [
              3391350,
              1751025
            ],
            [
              3391375,
              1751025
            ]
          ],
          [
            [
              3391350,
              1765525
            ],
            [
              3391325,
              1765525
            ]
          ],
          [
            [
              3391375,
              1751025
            ],
            [
              3391400,
              1751025
            ]
          ],
          [
            [
              3391375,
              1765525
            ],
            [
              3391350,
              1765525
            ]
          ],
          [
            [
              3391400,
              1751025
            ],
            [
              3391425,
              1751025
            ]
          ],
          [
            [
              3391400,
              1765525
            ],
            [
              3391375,
              1765525
            ]
          ],
          [
            [
              3391425,
              1751025
            ],
            [
              3391450,
              1751025
            ]
          ],
          [
            [
              3391425,
              1765525
            ],
            [
              3391400,
              1765525
            ]
          ],
          [
            [
              3391450,
              1751025
            ],
            [
              3391475,
              1751025
            ]
          ],
          [
            [
              3391450,
              1765525
            ],
            [
              3391425,
              1765525
            ]
          ],
          [
            [
              3391475,
              1751025
            ],
            [
              3391500,
              1751025
            ]
          ],
          [
            [
              3391475,
              1765525
            ],
            [
              3391450,
              1765525
            ]
          ],
          [
            [
              3391500,
              1751025
            ],
            [
              3391525,
              1751025
            ]
          ],
          [
            [
              3391500,
              1765525
            ],
            [
              3391475,
              1765525
            ]
          ],
          [
            [
              3391525,
              1751025
            ],
            [
              3391550,
              1751025
            ]
          ],
          [
            [
              3391525,
              1765525
            ],
            [
              3391500,
              1765525
            ]
          ],
          [
            [
              3391550,
              1751025
            ],
            [
              3391575,
              1751025
            ]
          ],
          [
            [
              3391550,
              1765525
            ],
            [
              3391525,
              1765525
            ]
          ],
          [
            [
              3391575,
              1751025
            ],
            [
              3391600,
              1751025
            ]
          ],
          [
            [
              3391575,
              1765525
            ],
            [
              3391550,
              1765525
            ]
          ],
          [
            [
              3391600,
              1751025
            ],
            [
              3391625,
              1751025
            ]
          ],
          [
            [
              3391600,
              1765525
            ],
            [
              3391575,
              1765525
            ]
          ],
          [
            [
              3391625,
              1751025
            ],
            [
              3391650,
              1751025
            ]
          ],
          [
            [
              3391625,
              1765525
            ],
            [
              3391600,
              1765525
            ]
          ],
          [
            [
              3391650,
              1751025
            ],
            [
              3391675,
              1751025
            ]
          ],
          [
            [
              3391650,
              1765525
            ],
            [
              3391625,
              1765525
            ]
          ],
          [
            [
              3391675,
              1751025
            ],
            [
              3391700,
              1751025
            ]
          ],
          [
            [
              3391675,
              1765525
            ],
            [
              3391650,
              1765525
            ]
          ],
          [
            [
              3391700,
              1751025
            ],
            [
              3391725,
              1751025
            ]
          ],
          [
            [
              3391700,
              1765525
            ],
            [
              3391675,
              1765525
            ]
          ],
          [
            [
              3391725,
              1751025
            ],
            [
              3391750,
              1751025
            ]
          ],
          [
            [
              3391725,
              1765525
            ],
            [
              3391700,
              1765525
            ]
          ],
          [
            [
              3391750,
              1751025
            ],
            [
              3391775,
              1751025
            ]
          ],
          [
            [
              3391750,
              1765525
            ],
            [
              3391725,
              1765525
            ]
          ],
          [
            [
              3391775,
              1751025
            ],
            [
              3391800,
              1751025
            ]
          ],
          [
            [
              3391775,
              1765525
            ],
            [
              3391750,
              1765525
            ]
          ],
          [
            [
              3391800,
              1751025
            ],
            [
              3391825,
              1751025
            ]
          ],
          [
            [
              3391800,
              1765525
            ],
            [
              3391775,
              1765525
            ]
          ],
          [
            [
              3391825,
              1751025
            ],
            [
              3391850,
              1751025
            ]
          ],
          [
            [
              3391825,
              1765525
            ],
            [
              3391800,
              1765525
            ]
          ],
          [
            [
              3391850,
              1751025
            ],
            [
              3391875,
              1751025
            ]
          ],
          [
            [
              3391850,
              1765525
            ],
            [
              3391825,
              1765525
            ]
          ],
          [
            [
              3391875,
              1751025
            ],
            [
              3391900,
              1751025
            ]
          ],
          [
            [
              3391875,
              1765525
            ],
            [
              3391850,
              1765525
            ]
          ],
          [
            [
              3391900,
              1751025
            ],
            [
              3391925,
              1751025
            ]
          ],
          [
            [
              3391900,
              1765525
            ],
            [
              3391875,
              1765525
            ]
          ],
          [
            [
              3391925,
              1751025
            ],
            [
              3391950,
              1751025
            ]
          ],
          [
            [
              3391925,
              1765525
            ],
            [
              3391900,
              1765525
            ]
          ],
          [
            [
              3391950,
              1751025
            ],
            [
              3391975,
              1751025
            ]
          ],
          [
            [
              3391950,
              1765525
            ],
            [
              3391925,
              1765525
            ]
          ],
          [
            [
              3391975,
              1751025
            ],
            [
              3392000,
              1751025
            ]
          ],
          [
            [
              3391975,
              1765525
            ],
            [
              3391950,
              1765525
            ]
          ],
          [
            [
              3392000,
              1751025
            ],
            [
              3392025,
              1751025
            ]
          ],
          [
            [
              3392000,
              1765525
            ],
            [
              3391975,
              1765525
            ]
          ],
          [
            [
              3392025,
              1751025
            ],
            [
              3392050,
              1751025
            ]
          ],
          [
            [
              3392025,
              1765525
            ],
            [
              3392000,
              1765525
            ]
          ],
          [
            [
              3392050,
              1751025
            ],
            [
              3392075,
              1751025
            ]
          ],
          [
            [
              3392050,
              1765525
            ],
            [
              3392025,
              1765525
            ]
          ],
          [
            [
              3392075,
              1751025
            ],
            [
              3392100,
              1751025
            ]
          ],
          [
            [
              3392075,
              1765525
            ],
            [
              3392050,
              1765525
            ]
          ],
          [
            [
              3392100,
              1751025
            ],
            [
              3392125,
              1751025
            ]
          ],
          [
            [
              3392100,
              1765525
            ],
            [
              3392075,
              1765525
            ]
          ],
          [
            [
              3392125,
              1751025
            ],
            [
              3392150,
              1751025
            ]
          ],
          [
            [
              3392125,
              1765525
            ],
            [
              3392100,
              1765525
            ]
          ],
          [
            [
              3392150,
              1751025
            ],
            [
              3392175,
              1751025
            ]
          ],
          [
            [
              3392150,
              1765525
            ],
            [
              3392125,
              1765525
            ]
          ],
          [
            [
              3392175,
              1751025
            ],
            [
              3392200,
              1751025
            ]
          ],
          [
            [
              3392175,
              1765525
            ],
            [
              3392150,
              1765525
            ]
          ],
          [
            [
              3392200,
              1751025
            ],
            [
              3392225,
              1751025
            ]
          ],
          [
            [
              3392200,
              1765525
            ],
            [
              3392175,
              1765525
            ]
          ],
          [
            [
              3392225,
              1751025
            ],
            [
              3392250,
              1751025
            ]
          ],
          [
            [
              3392225,
              1765525
            ],
            [
              3392200,
              1765525
            ]
          ],
          [
            [
              3392250,
              1751025
            ],
            [
              3392275,
              1751025
            ]
          ],
          [
            [
              3392250,
              1765525
            ],
            [
              3392225,
              1765525
            ]
          ],
          [
            [
              3392275,
              1751025
            ],
            [
              3392300,
              1751025
            ]
          ],
          [
            [
              3392275,
              1765525
            ],
            [
              3392250,
              1765525
            ]
          ],
          [
            [
              3392300,
              1751025
            ],
            [
              3392325,
              1751025
            ]
          ],
          [
            [
              3392300,
              1765525
            ],
            [
              3392275,
              1765525
            ]
          ],
          [
            [
              3392325,
              1751025
            ],
            [
              3392350,
              1751025
            ]
          ],
          [
            [
              3392325,
              1765525
            ],
            [
              3392300,
              1765525
            ]
          ],
          [
            [
              3392350,
              1751025
            ],
            [
              3392375,
              1751025
            ]
          ],
          [
            [
              3392350,
              1765525
            ],
            [
              3392325,
              1765525
            ]
          ],
          [
            [
              3392375,
              1751025
            ],
            [
              3392400,
              1751025
            ]
          ],
          [
            [
              3392375,
              1765525
            ],
            [
              3392350,
              1765525
            ]
          ],
          [
            [
              3392400,
              1751025
            ],
            [
              3392425,
              1751025
            ]
          ],
          [
            [
              3392400,
              1765525
            ],
            [
              3392375,
              1765525
            ]
          ],
          [
            [
              3392425,
              1751025
            ],
            [
              3392450,
              1751025
            ]
          ],
          [
            [
              3392425,
              1765525
            ],
            [
              3392400,
              1765525
            ]
          ],
          [
            [
              3392450,
              1751025
            ],
            [
              3392475,
              1751025
            ]
          ],
          [
            [
              3392450,
              1765525
            ],
            [
              3392425,
              1765525
            ]
          ],
          [
            [
              3392475,
              1751025
            ],
            [
              3392500,
              1751025
            ]
          ],
          [
            [
              3392475,
              1765525
            ],
            [
              3392450,
              1765525
            ]
          ],
          [
            [
              3392500,
              1751025
            ],
            [
              3392525,
              1751025
            ]
          ],
          [
            [
              3392500,
              1765525
            ],
            [
              3392475,
              1765525
            ]
          ],
          [
            [
              3392525,
              1751025
            ],
            [
              3392550,
              1751025
            ]
          ],
          [
            [
              3392525,
              1765525
            ],
            [
              3392500,
              1765525
            ]
          ],
          [
            [
              3392550,
              1751025
            ],
            [
              3392575,
              1751025
            ]
          ],
          [
            [
              3392550,
              1765525
            ],
            [
              3392525,
              1765525
            ]
          ],
          [
            [
              3392575,
              1751025
            ],
            [
              3392600,
              1751025
            ]
          ],
          [
            [
              3392575,
              1765525
            ],
            [
              3392550,
              1765525
            ]
          ],
          [
            [
              3392600,
              1751025
            ],
            [
              3392625,
              1751025
            ]
          ],
          [
            [
              3392600,
              1765525
            ],
            [
              3392575,
              1765525
            ]
          ],
          [
            [
              3392625,
              1751025
            ],
            [
              3392650,
              1751025
            ]
          ],
          [
            [
              3392625,
              1765525
            ],
            [
              3392600,
              1765525
            ]
          ],
          [
            [
              3392650,
              1751025
            ],
            [
              3392675,
              1751025
            ]
          ],
          [
            [
              3392650,
              1765525
            ],
            [
              3392625,
              1765525
            ]
          ],
          [
            [
              3392675,
              1751025
            ],
            [
              3392700,
              1751025
            ]
          ],
          [
            [
              3392675,
              1765525
            ],
            [
              3392650,
              1765525
            ]
          ],
          [
            [
              3392700,
              1751025
            ],
            [
              3392725,
              1751025
            ]
          ],
          [
            [
              3392700,
              1765525
            ],
            [
              3392675,
              1765525
            ]
          ],
          [
            [
              3392725,
              1751025
            ],
            [
              3392750,
              1751025
            ]
          ],
          [
            [
              3392725,
              1765525
            ],
            [
              3392700,
              1765525
            ]
          ],
          [
            [
              3392750,
              1751025
            ],
            [
              3392775,
              1751025
            ]
          ],
          [
            [
              3392750,
              1765525
            ],
            [
              3392725,
              1765525
            ]
          ],
          [
            [
              3392775,
              1751025
            ],
            [
              3392800,
              1751025
            ]
          ],
          [
            [
              3392775,
              1765525
            ],
            [
              3392750,
              1765525
            ]
          ],
          [
            [
              3392800,
              1751025
            ],
            [
              3392825,
              1751025
            ]
          ],
          [
            [
              3392800,
              1765525
            ],
            [
              3392775,
              1765525
            ]
          ],
          [
            [
              3392825,
              1751025
            ],
            [
              3392850,
              1751025
            ]
          ],
          [
            [
              3392825,
              1765525
            ],
            [
              3392800,
              1765525
            ]
          ],
          [
            [
              3392850,
              1751025
            ],
            [
              3392875,
              1751025
            ]
          ],
          [
            [
              3392850,
              1765525
            ],
            [
              3392825,
              1765525
            ]
          ],
          [
            [
              3392875,
              1751025
            ],
            [
              3392900,
              1751025
            ]
          ],
          [
            [
              3392875,
              1765525
            ],
            [
              3392850,
              1765525
            ]
          ],
          [
            [
              3392900,
              1751025
            ],
            [
              3392925,
              1751025
            ]
          ],
          [
            [
              3392900,
              1765525
            ],
            [
              3392875,
              1765525
            ]
          ],
          [
            [
              3392925,
              1751025
            ],
            [
              3392950,
              1751025
            ]
          ],
          [
            [
              3392925,
              1765525
            ],
            [
              3392900,
              1765525
            ]
          ],
          [
            [
              3392950,
              1751025
            ],
            [
              3392975,
              1751025
            ]
          ],
          [
            [
              3392950,
              1765525
            ],
            [
              3392925,
              1765525
            ]
          ],
          [
            [
              3392975,
              1751025
            ],
            [
              3393000,
              1751025
            ]
          ],
          [
            [
              3392975,
              1765525
            ],
            [
              3392950,
              1765525
            ]
          ],
          [
            [
              3393000,
              1751025
            ],
            [
              3393025,
              1751025
            ]
          ],
          [
            [
              3393000,
              1765525
            ],
            [
              3392975,
              1765525
            ]
          ],
          [
            [
              3393025,
              1751025
            ],
            [
              3393050,
              1751025
            ]
          ],
          [
            [
              3393025,
              1765525
            ],
            [
              3393000,
              1765525
            ]
          ],
          [
            [
              3393050,
              1751025
            ],
            [
              3393075,
              1751025
            ]
          ],
          [
            [
              3393050,
              1765525
            ],
            [
              3393025,
              1765525
            ]
          ],
          [
            [
              3393075,
              1751025
            ],
            [
              3393100,
              1751025
            ]
          ],
          [
            [
              3393075,
              1765525
            ],
            [
              3393050,
              1765525
            ]
          ],
          [
            [
              3393100,
              1751025
            ],
            [
              3393125,
              1751025
            ]
          ],
          [
            [
              3393100,
              1765525
            ],
            [
              3393075,
              1765525
            ]
          ],
          [
            [
              3393125,
              1751025
            ],
            [
              3393150,
              1751025
            ]
          ],
          [
            [
              3393125,
              1765525
            ],
            [
              3393100,
              1765525
            ]
          ],
          [
            [
              3393150,
              1751025
            ],
            [
              3393175,
              1751025
            ]
          ],
          [
            [
              3393150,
              1765525
            ],
            [
              3393125,
              1765525
            ]
          ],
          [
            [
              3393175,
              1751025
            ],
            [
              3393200,
              1751025
            ]
          ],
          [
            [
              3393175,
              1765525
            ],
            [
              3393150,
              1765525
            ]
          ],
          [
            [
              3393200,
              1751025
            ],
            [
              3393225,
              1751025
            ]
          ],
          [
            [
              3393200,
              1765525
            ],
            [
              3393175,
              1765525
            ]
          ],
          [
            [
              3393225,
              1751025
            ],
            [
              3393250,
              1751025
            ]
          ],
          [
            [
              3393225,
              1765525
            ],
            [
              3393200,
              1765525
            ]
          ],
          [
            [
              3393250,
              1751025
            ],
            [
              3393275,
              1751025
            ]
          ],
          [
            [
              3393250,
              1765525
            ],
            [
              3393225,
              1765525
            ]
          ],
          [
            [
              3393275,
              1751025
            ],
            [
              3393300,
              1751025
            ]
          ],
          [
            [
              3393275,
              1765525
            ],
            [
              3393250,
              1765525
            ]
          ],
          [
            [
              3393300,
              1751025
            ],
            [
              3393325,
              1751025
            ]
          ],
          [
            [
              3393300,
              1765525
            ],
            [
              3393275,
              1765525
            ]
          ],
          [
            [
              3393325,
              1751025
            ],
            [
              3393350,
              1751025
            ]
          ],
          [
            [
              3393325,
              1765525
            ],
            [
              3393300,
              1765525
            ]
          ],
          [
            [
              3393350,
              1751025
            ],
            [
              3393375,
              1751025
            ]
          ],
          [
            [
              3393350,
              1765525
            ],
            [
              3393325,
              1765525
            ]
          ],
          [
            [
              3393375,
              1751025
            ],
            [
              3393400,
              1751025
            ]
          ],
          [
            [
              3393375,
              1765525
            ],
            [
              3393350,
              1765525
            ]
          ],
          [
            [
              3393400,
              1751025
            ],
            [
              3393425,
              1751025
            ]
          ],
          [
            [
              3393400,
              1765525
            ],
            [
              3393375,
              1765525
            ]
          ],
          [
            [
              3393425,
              1751025
            ],
            [
              3393450,
              1751025
            ]
          ],
          [
            [
              3393425,
              1765525
            ],
            [
              3393400,
              1765525
            ]
          ],
          [
            [
              3393450,
              1751025
            ],
            [
              3393475,
              1751025
            ]
          ],
          [
            [
              3393450,
              1765525
            ],
            [
              3393425,
              1765525
            ]
          ],
          [
            [
              3393475,
              1751025
            ],
            [
              3393500,
              1751025
            ]
          ],
          [
            [
              3393475,
              1765525
            ],
            [
              3393450,
              1765525
            ]
          ],
          [
            [
              3393500,
              1751025
            ],
            [
              3393525,
              1751025
            ]
          ],
          [
            [
              3393500,
              1765525
            ],
            [
              3393475,
              1765525
            ]
          ],
          [
            [
              3393525,
              1751025
            ],
            [
              3393550,
              1751025
            ]
          ],
          [
            [
              3393525,
              1765525
            ],
            [
              3393500,
              1765525
            ]
          ],
          [
            [
              3393550,
              1751025
            ],
            [
              3393575,
              1751025
            ]
          ],
          [
            [
              3393550,
              1765525
            ],
            [
              3393525,
              1765525
            ]
          ],
          [
            [
              3393575,
              1751025
            ],
            [
              3393600,
              1751025
            ]
          ],
          [
            [
              3393575,
              1765525
            ],
            [
              3393550,
              1765525
            ]
          ],
          [
            [
              3393600,
              1751025
            ],
            [
              3393625,
              1751025
            ]
          ],
          [
            [
              3393600,
              1765525
            ],
            [
              3393575,
              1765525
            ]
          ],
          [
            [
              3393625,
              1751025
            ],
            [
              3393650,
              1751025
            ]
          ],
          [
            [
              3393625,
              1765525
            ],
            [
              3393600,
              1765525
            ]
          ],
          [
            [
              3393650,
              1751025
            ],
            [
              3393675,
              1751025
            ]
          ],
          [
            [
              3393650,
              1765525
            ],
            [
              3393625,
              1765525
            ]
          ],
          [
            [
              3393675,
              1751025
            ],
            [
              3393700,
              1751025
            ]
          ],
          [
            [
              3393675,
              1765525
            ],
            [
              3393650,
              1765525
            ]
          ],
          [
            [
              3393700,
              1751025
            ],
            [
              3393725,
              1751025
            ]
          ],
          [
            [
              3393700,
              1765525
            ],
            [
              3393675,
              1765525
            ]
          ],
          [
            [
              3393725,
              1751025
            ],
            [
              3393750,
              1751025
            ]
          ],
          [
            [
              3393725,
              1765525
            ],
            [
              3393700,
              1765525
            ]
          ],
          [
            [
              3393750,
              1751025
            ],
            [
              3393775,
              1751025
            ]
          ],
          [
            [
              3393750,
              1765525
            ],
            [
              3393725,
              1765525
            ]
          ],
          [
            [
              3393775,
              1751025
            ],
            [
              3393800,
              1751025
            ]
          ],
          [
            [
              3393775,
              1765525
            ],
            [
              3393750,
              1765525
            ]
          ],
          [
            [
              3393800,
              1751025
            ],
            [
              3393825,
              1751025
            ]
          ],
          [
            [
              3393800,
              1765525
            ],
            [
              3393775,
              1765525
            ]
          ],
          [
            [
              3393825,
              1751025
            ],
            [
              3393850,
              1751025
            ]
          ],
          [
            [
              3393825,
              1765525
            ],
            [
              3393800,
              1765525
            ]
          ],
          [
            [
              3393850,
              1751025
            ],
            [
              3393875,
              1751025
            ]
          ],
          [
            [
              3393850,
              1765525
            ],
            [
              3393825,
              1765525
            ]
          ],
          [
            [
              3393875,
              1751025
            ],
            [
              3393900,
              1751025
            ]
          ],
          [
            [
              3393875,
              1765525
            ],
            [
              3393850,
              1765525
            ]
          ],
          [
            [
              3393900,
              1751025
            ],
            [
              3393925,
              1751025
            ]
          ],
          [
            [
              3393900,
              1765525
            ],
            [
              3393875,
              1765525
            ]
          ],
          [
            [
              3393925,
              1751025
            ],
            [
              3393950,
              1751025
            ]
          ],
          [
            [
              3393925,
              1765525
            ],
            [
              3393900,
              1765525
            ]
          ],
          [
            [
              3393950,
              1751025
            ],
            [
              3393975,
              1751025
            ]
          ],
          [
            [
              3393950,
              1765525
            ],
            [
              3393925,
              1765525
            ]
          ],
          [
            [
              3393975,
              1751025
            ],
            [
              3394000,
              1751025
            ]
          ],
          [
            [
              3393975,
              1765525
            ],
            [
              3393950,
              1765525
            ]
          ],
          [
            [
              3394000,
              1751025
            ],
            [
              3394025,
              1751025
            ]
          ],
          [
            [
              3394000,
              1765525
            ],
            [
              3393975,
              1765525
            ]
          ],
          [
            [
              3394025,
              1751025
            ],
            [
              3394050,
              1751025
            ]
          ],
          [
            [
              3394025,
              1765525
            ],
            [
              3394000,
              1765525
            ]
          ],
          [
            [
              3394050,
              1751025
            ],
            [
              3394075,
              1751025
            ]
          ],
          [
            [
              3394050,
              1765525
            ],
            [
              3394025,
              1765525
            ]
          ],
          [
            [
              3394075,
              1751025
            ],
            [
              3394100,
              1751025
            ]
          ],
          [
            [
              3394075,
              1765525
            ],
            [
              3394050,
              1765525
            ]
          ],
          [
            [
              3394100,
              1751025
            ],
            [
              3394125,
              1751025
            ]
          ],
          [
            [
              3394100,
              1765525
            ],
            [
              3394075,
              1765525
            ]
          ],
          [
            [
              3394125,
              1751025
            ],
            [
              3394150,
              1751025
            ]
          ],
          [
            [
              3394125,
              1765525
            ],
            [
              3394100,
              1765525
            ]
          ],
          [
            [
              3394150,
              1751025
            ],
            [
              3394175,
              1751025
            ]
          ],
          [
            [
              3394150,
              1765525
            ],
            [
              3394125,
              1765525
            ]
          ],
          [
            [
              3394175,
              1751025
            ],
            [
              3394200,
              1751025
            ]
          ],
          [
            [
              3394175,
              1765525
            ],
            [
              3394150,
              1765525
            ]
          ],
          [
            [
              3394200,
              1751025
            ],
            [
              3394225,
              1751025
            ]
          ],
          [
            [
              3394200,
              1765525
            ],
            [
              3394175,
              1765525
            ]
          ],
          [
            [
              3394225,
              1751025
            ],
            [
              3394250,
              1751025
            ]
          ],
          [
            [
              3394225,
              1765525
            ],
            [
              3394200,
              1765525
            ]
          ],
          [
            [
              3394250,
              1751025
            ],
            [
              3394275,
              1751025
            ]
          ],
          [
            [
              3394250,
              1765525
            ],
            [
              3394225,
              1765525
            ]
          ],
          [
            [
              3394275,
              1751025
            ],
            [
              3394300,
              1751025
            ]
          ],
          [
            [
              3394275,
              1765525
            ],
            [
              3394250,
              1765525
            ]
          ],
          [
            [
              3394300,
              1751025
            ],
            [
              3394325,
              1751025
            ]
          ],
          [
            [
              3394300,
              1765525
            ],
            [
              3394275,
              1765525
            ]
          ],
          [
            [
              3394325,
              1751025
            ],
            [
              3394350,
              1751025
            ]
          ],
          [
            [
              3394325,
              1765525
            ],
            [
              3394300,
              1765525
            ]
          ],
          [
            [
              3394350,
              1751025
            ],
            [
              3394375,
              1751025
            ]
          ],
          [
            [
              3394350,
              1765525
            ],
            [
              3394325,
              1765525
            ]
          ],
          [
            [
              3394375,
              1751025
            ],
            [
              3394400,
              1751025
            ]
          ],
          [
            [
              3394375,
              1765525
            ],
            [
              3394350,
              1765525
            ]
          ],
          [
            [
              3394400,
              1751025
            ],
            [
              3394425,
              1751025
            ]
          ],
          [
            [
              3394400,
              1765525
            ],
            [
              3394375,
              1765525
            ]
          ],
          [
            [
              3394425,
              1751025
            ],
            [
              3394450,
              1751025
            ]
          ],
          [
            [
              3394425,
              1765525
            ],
            [
              3394400,
              1765525
            ]
          ],
          [
            [
              3394450,
              1751025
            ],
            [
              3394475,
              1751025
            ]
          ],
          [
            [
              3394450,
              1765525
            ],
            [
              3394425,
              1765525
            ]
          ],
          [
            [
              3394475,
              1751025
            ],
            [
              3394500,
              1751025
            ]
          ],
          [
            [
              3394475,
              1765525
            ],
            [
              3394450,
              1765525
            ]
          ],
          [
            [
              3394500,
              1751025
            ],
            [
              3394525,
              1751025
            ]
          ],
          [
            [
              3394500,
              1765525
            ],
            [
              3394475,
              1765525
            ]
          ],
          [
            [
              3394525,
              1751025
            ],
            [
              3394550,
              1751025
            ]
          ],
          [
            [
              3394525,
              1765525
            ],
            [
              3394500,
              1765525
            ]
          ],
          [
            [
              3394550,
              1751025
            ],
            [
              3394575,
              1751025
            ]
          ],
          [
            [
              3394550,
              1765525
            ],
            [
              3394525,
              1765525
            ]
          ],
          [
            [
              3394575,
              1751025
            ],
            [
              3394600,
              1751025
            ]
          ],
          [
            [
              3394575,
              1765525
            ],
            [
              3394550,
              1765525
            ]
          ],
          [
            [
              3394600,
              1751025
            ],
            [
              3394625,
              1751025
            ]
          ],
          [
            [
              3394600,
              1765525
            ],
            [
              3394575,
              1765525
            ]
          ],
          [
            [
              3394625,
              1751025
            ],
            [
              3394650,
              1751025
            ]
          ],
          [
            [
              3394625,
              1765525
            ],
            [
              3394600,
              1765525
            ]
          ],
          [
            [
              3394650,
              1751025
            ],
            [
              3394675,
              1751025
            ]
          ],
          [
            [
              3394650,
              1765525
            ],
            [
              3394625,
              1765525
            ]
          ],
          [
            [
              3394675,
              1751025
            ],
            [
              3394700,
              1751025
            ]
          ],
          [
            [
              3394675,
              1765525
            ],
            [
              3394650,
              1765525
            ]
          ],
          [
            [
              3394700,
              1751025
            ],
            [
              3394725,
              1751025
            ]
          ],
          [
            [
              3394700,
              1765525
            ],
            [
              3394675,
              1765525
            ]
          ],
          [
            [
              3394725,
              1751025
            ],
            [
              3394750,
              1751025
            ]
          ],
          [
            [
              3394725,
              1765525
            ],
            [
              3394700,
              1765525
            ]
          ],
          [
            [
              3394750,
              1751025
            ],
            [
              3394775,
              1751025
            ]
          ],
          [
            [
              3394750,
              1765525
            ],
            [
              3394725,
              1765525
            ]
          ],
          [
            [
              3394775,
              1751025
            ],
            [
              3394800,
              1751025
            ]
          ],
          [
            [
              3394775,
              1765525
            ],
            [
              3394750,
              1765525
            ]
          ],
          [
            [
              3394800,
              1751025
            ],
            [
              3394825,
              1751025
            ]
          ],
          [
            [
              3394800,
              1765525
            ],
            [
              3394775,
              1765525
            ]
          ],
          [
            [
              3394825,
              1751025
            ],
            [
              3394850,
              1751025
            ]
          ],
          [
            [
              3394825,
              1765525
            ],
            [
              3394800,
              1765525
            ]
          ],
          [
            [
              3394850,
              1751025
            ],
            [
              3394875,
              1751025
            ]
          ],
          [
            [
              3394850,
              1765525
            ],
            [
              3394825,
              1765525
            ]
          ],
          [
            [
              3394875,
              1751025
            ],
            [
              3394900,
              1751025
            ]
          ],
          [
            [
              3394875,
              1765525
            ],
            [
              3394850,
              1765525
            ]
          ],
          [
            [
              3394900,
              1751025
            ],
            [
              3394925,
              1751025
            ]
          ],
          [
            [
              3394900,
              1765525
            ],
            [
              3394875,
              1765525
            ]
          ],
          [
            [
              3394925,
              1751025
            ],
            [
              3394950,
              1751025
            ]
          ],
          [
            [
              3394925,
              1765525
            ],
            [
              3394900,
              1765525
            ]
          ],
          [
            [
              3394950,
              1751025
            ],
            [
              3394975,
              1751025
            ]
          ],
          [
            [
              3394950,
              1765525
            ],
            [
              3394925,
              1765525
            ]
          ],
          [
            [
              3394975,
              1751025
            ],
            [
              3395000,
              1751025
            ]
          ],
          [
            [
              3394975,
              1765525
            ],
            [
              3394950,
              1765525
            ]
          ],
          [
            [
              3395000,
              1751025
            ],
            [
              3395025,
              1751025
            ]
          ],
          [
            [
              3395000,
              1765525
            ],
            [
              3394975,
              1765525
            ]
          ],
          [
            [
              3395025,
              1751025
            ],
            [
              3395050,
              1751025
            ]
          ],
          [
            [
              3395025,
              1765525
            ],
            [
              3395000,
              1765525
            ]
          ],
          [
            [
              3395050,
              1751025
            ],
            [
              3395075,
              1751025
            ]
          ],
          [
            [
              3395050,
              1765525
            ],
            [
              3395025,
              1765525
            ]
          ],
          [
            [
              3395075,
              1751025
            ],
            [
              3395100,
              1751025
            ]
          ],
          [
            [
              3395075,
              1765525
            ],
            [
              3395050,
              1765525
            ]
          ],
          [
            [
              3395100,
              1751025
            ],
            [
              3395125,
              1751025
            ]
          ],
          [
            [
              3395100,
              1765525
            ],
            [
              3395075,
              1765525
            ]
          ],
          [
            [
              3395125,
              1751025
            ],
            [
              3395150,
              1751025
            ]
          ],
          [
            [
              3395125,
              1765525
            ],
            [
              3395100,
              1765525
            ]
          ],
          [
            [
              3395150,
              1751025
            ],
            [
              3395175,
              1751025
            ]
          ],
          [
            [
              3395150,
              1765525
            ],
            [
              3395125,
              1765525
            ]
          ],
          [
            [
              3395175,
              1751025
            ],
            [
              3395200,
              1751025
            ]
          ],
          [
            [
              3395175,
              1765525
            ],
            [
              3395150,
              1765525
            ]
          ],
          [
            [
              3395200,
              1751025
            ],
            [
              3395225,
              1751025
            ]
          ],
          [
            [
              3395200,
              1765525
            ],
            [
              3395175,
              1765525
            ]
          ],
          [
            [
              3395225,
              1751025
            ],
            [
              3395250,
              1751025
            ]
          ],
          [
            [
              3395225,
              1765525
            ],
            [
              3395200,
              1765525
            ]
          ],
          [
            [
              3395250,
              1751025
            ],
            [
              3395275,
              1751025
            ]
          ],
          [
            [
              3395250,
              1765525
            ],
            [
              3395225,
              1765525
            ]
          ],
          [
            [
              3395275,
              1751025
            ],
            [
              3395300,
              1751025
            ]
          ],
          [
            [
              3395275,
              1765525
            ],
            [
              3395250,
              1765525
            ]
          ],
          [
            [
              3395300,
              1751025
            ],
            [
              3395325,
              1751025
            ]
          ],
          [
            [
              3395300,
              1765525
            ],
            [
              3395275,
              1765525
            ]
          ],
          [
            [
              3395325,
              1751025
            ],
            [
              3395350,
              1751025
            ]
          ],
          [
            [
              3395325,
              1765525
            ],
            [
              3395300,
              1765525
            ]
          ],
          [
            [
              3395350,
              1751025
            ],
            [
              3395375,
              1751025
            ]
          ],
          [
            [
              3395350,
              1765525
            ],
            [
              3395325,
              1765525
            ]
          ],
          [
            [
              3395375,
              1751025
            ],
            [
              3395400,
              1751025
            ]
          ],
          [
            [
              3395375,
              1765525
            ],
            [
              3395350,
              1765525
            ]
          ],
          [
            [
              3395400,
              1751025
            ],
            [
              3395425,
              1751025
            ]
          ],
          [
            [
              3395400,
              1765525
            ],
            [
              3395375,
              1765525
            ]
          ],
          [
            [
              3395425,
              1751025
            ],
            [
              3395450,
              1751025
            ]
          ],
          [
            [
              3395425,
              1765525
            ],
            [
              3395400,
              1765525
            ]
          ],
          [
            [
              3395450,
              1751025
            ],
            [
              3395475,
              1751025
            ]
          ],
          [
            [
              3395450,
              1765525
            ],
            [
              3395425,
              1765525
            ]
          ],
          [
            [
              3395475,
              1751025
            ],
            [
              3395500,
              1751025
            ]
          ],
          [
            [
              3395475,
              1765525
            ],
            [
              3395450,
              1765525
            ]
          ],
          [
            [
              3395500,
              1751025
            ],
            [
              3395525,
              1751025
            ]
          ],
          [
            [
              3395500,
              1765525
            ],
            [
              3395475,
              1765525
            ]
          ],
          [
            [
              3395525,
              1751025
            ],
            [
              3395550,
              1751025
            ]
          ],
          [
            [
              3395525,
              1765525
            ],
            [
              3395500,
              1765525
            ]
          ],
          [
            [
              3395550,
              1751025
            ],
            [
              3395575,
              1751025
            ]
          ],
          [
            [
              3395550,
              1765525
            ],
            [
              3395525,
              1765525
            ]
          ],
          [
            [
              3395575,
              1751025
            ],
            [
              3395600,
              1751025
            ]
          ],
          [
            [
              3395575,
              1765525
            ],
            [
              3395550,
              1765525
            ]
          ],
          [
            [
              3395600,
              1751025
            ],
            [
              3395625,
              1751025
            ]
          ],
          [
            [
              3395600,
              1765525
            ],
            [
              3395575,
              1765525
            ]
          ],
          [
            [
              3395625,
              1751025
            ],
            [
              3395650,
              1751025
            ]
          ],
          [
            [
              3395625,
              1765525
            ],
            [
              3395600,
              1765525
            ]
          ],
          [
            [
              3395650,
              1751025
            ],
            [
              3395675,
              1751025
            ]
          ],
          [
            [
              3395650,
              1765525
            ],
            [
              3395625,
              1765525
            ]
          ],
          [
            [
              3395675,
              1751025
            ],
            [
              3395700,
              1751025
            ]
          ],
          [
            [
              3395675,
              1765525
            ],
            [
              3395650,
              1765525
            ]
          ],
          [
            [
              3395700,
              1751025
            ],
            [
              3395725,
              1751025
            ]
          ],
          [
            [
              3395700,
              1765525
            ],
            [
              3395675,
              1765525
            ]
          ],
          [
            [
              3395725,
              1751025
            ],
            [
              3395750,
              1751025
            ]
          ],
          [
            [
              3395725,
              1765525
            ],
            [
              3395700,
              1765525
            ]
          ],
          [
            [
              3395750,
              1751025
            ],
            [
              3395775,
              1751025
            ]
          ],
          [
            [
              3395750,
              1765525
            ],
            [
              3395725,
              1765525
            ]
          ],
          [
            [
              3395775,
              1751025
            ],
            [
              3395800,
              1751025
            ]
          ],
          [
            [
              3395775,
              1765525
            ],
            [
              3395750,
              1765525
            ]
          ],
          [
            [
              3395800,
              1751025
            ],
            [
              3395825,
              1751025
            ]
          ],
          [
            [
              3395800,
              1765525
            ],
            [
              3395775,
              1765525
            ]
          ],
          [
            [
              3395825,
              1751025
            ],
            [
              3395850,
              1751025
            ]
          ],
          [
            [
              3395825,
              1765525
            ],
            [
              3395800,
              1765525
            ]
          ],
          [
            [
              3395850,
              1751025
            ],
            [
              3395875,
              1751025
            ]
          ],
          [
            [
              3395850,
              1765525
            ],
            [
              3395825,
              1765525
            ]
          ],
          [
            [
              3395875,
              1751025
            ],
            [
              3395900,
              1751025
            ]
          ],
          [
            [
              3395875,
              1765525
            ],
            [
              3395850,
              1765525
            ]
          ],
          [
            [
              3395900,
              1751025
            ],
            [
              3395925,
              1751025
            ]
          ],
          [
            [
              3395900,
              1765525
            ],
            [
              3395875,
              1765525
            ]
          ],
          [
            [
              3395925,
              1751025
            ],
            [
              3395950,
              1751025
            ]
          ],
          [
            [
              3395925,
              1765525
            ],
            [
              3395900,
              1765525
            ]
          ],
          [
            [
              3395950,
              1751025
            ],
            [
              3395975,
              1751025
            ]
          ],
          [
            [
              3395950,
              1765525
            ],
            [
              3395925,
              1765525
            ]
          ],
          [
            [
              3395975,
              1751025
            ],
            [
              3396000,
              1751025
            ]
          ],
          [
            [
              3395975,
              1765525
            ],
            [
              3395950,
              1765525
            ]
          ],
          [
            [
              3396000,
              1751025
            ],
            [
              3396025,
              1751025
            ]
          ],
          [
            [
              3396000,
              1765525
            ],
            [
              3395975,
              1765525
            ]
          ],
          [
            [
              3396025,
              1751025
            ],
            [
              3396050,
              1751025
            ]
          ],
          [
            [
              3396025,
              1765525
            ],
            [
              3396000,
              1765525
            ]
          ],
          [
            [
              3396050,
              1751025
            ],
            [
              3396075,
              1751025
            ]
          ],
          [
            [
              3396050,
              1765525
            ],
            [
              3396025,
              1765525
            ]
          ],
          [
            [
              3396075,
              1751025
            ],
            [
              3396100,
              1751025
            ]
          ],
          [
            [
              3396075,
              1765525
            ],
            [
              3396050,
              1765525
            ]
          ],
          [
            [
              3396100,
              1751025
            ],
            [
              3396125,
              1751025
            ]
          ],
          [
            [
              3396100,
              1765525
            ],
            [
              3396075,
              1765525
            ]
          ],
          [
            [
              3396125,
              1751025
            ],
            [
              3396150,
              1751025
            ]
          ],
          [
            [
              3396125,
              1765525
            ],
            [
              3396100,
              1765525
            ]
          ],
          [
            [
              3396150,
              1751025
            ],
            [
              3396175,
              1751025
            ]
          ],
          [
            [
              3396150,
              1765525
            ],
            [
              3396125,
              1765525
            ]
          ],
          [
            [
              3396175,
              1751025
            ],
            [
              3396200,
              1751025
            ]
          ],
          [
            [
              3396175,
              1765525
            ],
            [
              3396150,
              1765525
            ]
          ],
          [
            [
              3396200,
              1751025
            ],
            [
              3396225,
              1751025
            ]
          ],
          [
            [
              3396200,
              1765525
            ],
            [
              3396175,
              1765525
            ]
          ],
          [
            [
              3396225,
              1751025
            ],
            [
              3396250,
              1751025
            ]
          ],
          [
            [
              3396225,
              1765525
            ],
            [
              3396200,
              1765525
            ]
          ],
          [
            [
              3396250,
              1751025
            ],
            [
              3396275,
              1751025
            ]
          ],
          [
            [
              3396250,
              1765525
            ],
            [
              3396225,
              1765525
            ]
          ],
          [
            [
              3396275,
              1751025
            ],
            [
              3396300,
              1751025
            ]
          ],
          [
            [
              3396275,
              1765525
            ],
            [
              3396250,
              1765525
            ]
          ],
          [
            [
              3396300,
              1751025
            ],
            [
              3396325,
              1751025
            ]
          ],
          [
            [
              3396300,
              1765525
            ],
            [
              3396275,
              1765525
            ]
          ],
          [
            [
              3396325,
              1751025
            ],
            [
              3396350,
              1751025
            ]
          ],
          [
            [
              3396325,
              1765525
            ],
            [
              3396300,
              1765525
            ]
          ],
          [
            [
              3396350,
              1751025
            ],
            [
              3396375,
              1751025
            ]
          ],
          [
            [
              3396350,
              1765525
            ],
            [
              3396325,
              1765525
            ]
          ],
          [
            [
              3396375,
              1751025
            ],
            [
              3396400,
              1751025
            ]
          ],
          [
            [
              3396375,
              1765525
            ],
            [
              3396350,
              1765525
            ]
          ],
          [
            [
              3396400,
              1751025
            ],
            [
              3396425,
              1751025
            ]
          ],
          [
            [
              3396400,
              1765525
            ],
            [
              3396375,
              1765525
            ]
          ],
          [
            [
              3396425,
              1751025
            ],
            [
              3396450,
              1751025
            ]
          ],
          [
            [
              3396425,
              1765525
            ],
            [
              3396400,
              1765525
            ]
          ],
          [
            [
              3396450,
              1751025
            ],
            [
              3396475,
              1751025
            ]
          ],
          [
            [
              3396450,
              1765525
            ],
            [
              3396425,
              1765525
            ]
          ],
          [
            [
              3396475,
              1751025
            ],
            [
              3396500,
              1751025
            ]
          ],
          [
            [
              3396475,
              1765525
            ],
            [
              3396450,
              1765525
            ]
          ],
          [
            [
              3396500,
              1751025
            ],
            [
              3396525,
              1751025
            ]
          ],
          [
            [
              3396500,
              1765525
            ],
            [
              3396475,
              1765525
            ]
          ],
          [
            [
              3396525,
              1751025
            ],
            [
              3396550,
              1751025
            ]
          ],
          [
            [
              3396525,
              1765525
            ],
            [
              3396500,
              1765525
            ]
          ],
          [
            [
              3396550,
              1751025
            ],
            [
              3396575,
              1751025
            ]
          ],
          [
            [
              3396550,
              1765525
            ],
            [
              3396525,
              1765525
            ]
          ],
          [
            [
              3396575,
              1751025
            ],
            [
              3396600,
              1751025
            ]
          ],
          [
            [
              3396575,
              1765525
            ],
            [
              3396550,
              1765525
            ]
          ],
          [
            [
              3396600,
              1751025
            ],
            [
              3396625,
              1751025
            ]
          ],
          [
            [
              3396600,
              1765525
            ],
            [
              3396575,
              1765525
            ]
          ],
          [
            [
              3396625,
              1751025
            ],
            [
              3396650,
              1751025
            ]
          ],
          [
            [
              3396625,
              1765525
            ],
            [
              3396600,
              1765525
            ]
          ],
          [
            [
              3396650,
              1751025
            ],
            [
              3396675,
              1751025
            ]
          ],
          [
            [
              3396650,
              1765525
            ],
            [
              3396625,
              1765525
            ]
          ],
          [
            [
              3396675,
              1751025
            ],
            [
              3396700,
              1751025
            ]
          ],
          [
            [
              3396675,
              1765525
            ],
            [
              3396650,
              1765525
            ]
          ],
          [
            [
              3396700,
              1751025
            ],
            [
              3396725,
              1751025
            ]
          ],
          [
            [
              3396700,
              1765525
            ],
            [
              3396675,
              1765525
            ]
          ],
          [
            [
              3396725,
              1751025
            ],
            [
              3396750,
              1751025
            ]
          ],
          [
            [
              3396725,
              1765525
            ],
            [
              3396700,
              1765525
            ]
          ],
          [
            [
              3396750,
              1751025
            ],
            [
              3396775,
              1751025
            ]
          ],
          [
            [
              3396750,
              1765525
            ],
            [
              3396725,
              1765525
            ]
          ],
          [
            [
              3396775,
              1751025
            ],
            [
              3396800,
              1751025
            ]
          ],
          [
            [
              3396775,
              1765525
            ],
            [
              3396750,
              1765525
            ]
          ],
          [
            [
              3396800,
              1751025
            ],
            [
              3396825,
              1751025
            ]
          ],
          [
            [
              3396800,
              1765525
            ],
            [
              3396775,
              1765525
            ]
          ],
          [
            [
              3396825,
              1751025
            ],
            [
              3396850,
              1751025
            ]
          ],
          [
            [
              3396825,
              1765525
            ],
            [
              3396800,
              1765525
            ]
          ],
          [
            [
              3396850,
              1751025
            ],
            [
              3396875,
              1751025
            ]
          ],
          [
            [
              3396850,
              1765525
            ],
            [
              3396825,
              1765525
            ]
          ],
          [
            [
              3396875,
              1751025
            ],
            [
              3396900,
              1751025
            ]
          ],
          [
            [
              3396875,
              1765525
            ],
            [
              3396850,
              1765525
            ]
          ],
          [
            [
              3396900,
              1751025
            ],
            [
              3396925,
              1751025
            ]
          ],
          [
            [
              3396900,
              1765525
            ],
            [
              3396875,
              1765525
            ]
          ],
          [
            [
              3396925,
              1751025
            ],
            [
              3396950,
              1751025
            ]
          ],
          [
            [
              3396925,
              1765525
            ],
            [
              3396900,
              1765525
            ]
          ],
          [
            [
              3396950,
              1751025
            ],
            [
              3396975,
              1751025
            ]
          ],
          [
            [
              3396950,
              1765525
            ],
            [
              3396925,
              1765525
            ]
          ],
          [
            [
              3396975,
              1751025
            ],
            [
              3397000,
              1751025
            ]
          ],
          [
            [
              3396975,
              1765525
            ],
            [
              3396950,
              1765525
            ]
          ],
          [
            [
              3397000,
              1751025
            ],
            [
              3397025,
              1751025
            ]
          ],
          [
            [
              3397000,
              1765525
            ],
            [
              3396975,
              1765525
            ]
          ],
          [
            [
              3397025,
              1751025
            ],
            [
              3397050,
              1751025
            ]
          ],
          [
            [
              3397025,
              1765525
            ],
            [
              3397000,
              1765525
            ]
          ],
          [
            [
              3397050,
              1751025
            ],
            [
              3397075,
              1751025
            ]
          ],
          [
            [
              3397050,
              1765525
            ],
            [
              3397025,
              1765525
            ]
          ],
          [
            [
              3397075,
              1751025
            ],
            [
              3397100,
              1751025
            ]
          ],
          [
            [
              3397075,
              1765525
            ],
            [
              3397050,
              1765525
            ]
          ],
          [
            [
              3397100,
              1751025
            ],
            [
              3397125,
              1751025
            ]
          ],
          [
            [
              3397100,
              1765525
            ],
            [
              3397075,
              1765525
            ]
          ],
          [
            [
              3397125,
              1751025
            ],
            [
              3397150,
              1751025
            ]
          ],
          [
            [
              3397125,
              1765525
            ],
            [
              3397100,
              1765525
            ]
          ],
          [
            [
              3397150,
              1751025
            ],
            [
              3397175,
              1751025
            ]
          ],
          [
            [
              3397150,
              1765525
            ],
            [
              3397125,
              1765525
            ]
          ],
          [
            [
              3397175,
              1751025
            ],
            [
              3397200,
              1751025
            ]
          ],
          [
            [
              3397175,
              1765525
            ],
            [
              3397150,
              1765525
            ]
          ],
          [
            [
              3397200,
              1751025
            ],
            [
              3397225,
              1751025
            ]
          ],
          [
            [
              3397200,
              1765525
            ],
            [
              3397175,
              1765525
            ]
          ],
          [
            [
              3397225,
              1751025
            ],
            [
              3397250,
              1751025
            ]
          ],
          [
            [
              3397225,
              1765525
            ],
            [
              3397200,
              1765525
            ]
          ],
          [
            [
              3397250,
              1751025
            ],
            [
              3397275,
              1751025
            ]
          ],
          [
            [
              3397250,
              1765525
            ],
            [
              3397225,
              1765525
            ]
          ],
          [
            [
              3397275,
              1751025
            ],
            [
              3397300,
              1751025
            ]
          ],
          [
            [
              3397275,
              1765525
            ],
            [
              3397250,
              1765525
            ]
          ],
          [
            [
              3397300,
              1751025
            ],
            [
              3397325,
              1751025
            ]
          ],
          [
            [
              3397300,
              1765525
            ],
            [
              3397275,
              1765525
            ]
          ],
          [
            [
              3397325,
              1751025
            ],
            [
              3397350,
              1751025
            ]
          ],
          [
            [
              3397325,
              1765525
            ],
            [
              3397300,
              1765525
            ]
          ],
          [
            [
              3397350,
              1751025
            ],
            [
              3397375,
              1751025
            ]
          ],
          [
            [
              3397350,
              1765525
            ],
            [
              3397325,
              1765525
            ]
          ],
          [
            [
              3397375,
              1765525
            ],
            [
              3397350,
              1765525
            ]
          ],
          [
            [
              3397400,
              1765525
            ],
            [
              3397375,
              1765525
            ]
          ],
          [
            [
              3397425,
              1765525
            ],
            [
              3397400,
              1765525
            ]
          ],
          [
            [
              3397450,
              1765525
            ],
            [
              3397425,
              1765525
            ]
          ],
          [
            [
              3397475,
              1765525
            ],
            [
              3397450,
              1765525
            ]
          ],
          [
            [
              3397500,
              1765525
            ],
            [
              3397475,
              1765525
            ]
          ],
          [
            [
              3397525,
              1765525
            ],
            [
              3397500,
              1765525
            ]
          ],
          [
            [
              3397550,
              1765525
            ],
            [
              3397525,
              1765525
            ]
          ],
          [
            [
              3397575,
              1765525
            ],
            [
              3397550,
              1765525
            ]
          ],
          [
            [
              3397600,
              1765525
            ],
            [
              3397575,
              1765525
            ]
          ],
          [
            [
              3397625,
              1765525
            ],
            [
              3397600,
              1765525
            ]
          ],
          [
            [
              3397650,
              1765525
            ],
            [
              3397625,
              1765525
            ]
          ],
          [
            [
              3397675,
              1765525
            ],
            [
              3397650,
              1765525
            ]
          ],
          [
            [
              3397700,
              1765525
            ],
            [
              3397675,
              1765525
            ]
          ],
          [
            [
              3397725,
              1765525
            ],
            [
              3397700,
              1765525
            ]
          ],
          [
            [
              3397750,
              1765525
            ],
            [
              3397725,
              1765525
            ]
          ],
          [
            [
              3397775,
              1765525
            ],
            [
              3397750,
              1765525
            ]
          ],
          [
            [
              3397800,
              1765525
            ],
            [
              3397775,
              1765525
            ]
          ],
          [
            [
              3397825,
              1765525
            ],
            [
              3397800,
              1765525
            ]
          ],
          [
            [
              3397850,
              1765525
            ],
            [
              3397825,
              1765525
            ]
          ],
          [
            [
              3397875,
              1765525
            ],
            [
              3397850,
              1765525
            ]
          ],
          [
            [
              3397900,
              1765525
            ],
            [
              3397875,
              1765525
            ]
          ],
          [
            [
              3397925,
              1765525
            ],
            [
              3397900,
              1765525
            ]
          ],
          [
            [
              3397950,
              1765525
            ],
            [
              3397925,
              1765525
            ]
          ],
          [
            [
              3397975,
              1765525
            ],
            [
              3397950,
              1765525
            ]
          ],
          [
            [
              3398000,
              1765525
            ],
            [
              3397975,
              1765525
            ]
          ],
          [
            [
              3398025,
              1765525
            ],
            [
              3398000,
              1765525
            ]
          ],
          [
            [
              3398050,
              1765525
            ],
            [
              3398025,
              1765525
            ]
          ],
          [
            [
              3398075,
              1765525
            ],
            [
              3398050,
              1765525
            ]
          ],
          [
            [
              3398100,
              1765525
            ],
            [
              3398075,
              1765525
            ]
          ],
          [
            [
              3398125,
              1765525
            ],
            [
              3398100,
              1765525
            ]
          ],
          [
            [
              3398150,
              1765525
            ],
            [
              3398125,
              1765525
            ]
          ],
          [
            [
              3398175,
              1765525
            ],
            [
              3398150,
              1765525
            ]
          ],
          [
            [
              3398200,
              1765525
            ],
            [
              3398175,
              1765525
            ]
          ],
          [
            [
              3398225,
              1765525
            ],
            [
              3398200,
              1765525
            ]
          ],
          [
            [
              3398250,
              1765525
            ],
            [
              3398225,
              1765525
            ]
          ],
          [
            [
              3398275,
              1765525
            ],
            [
              3398250,
              1765525
            ]
          ],
          [
            [
              3398300,
              1765525
            ],
            [
              3398275,
              1765525
            ]
          ],
          [
            [
              3398325,
              1765525
            ],
            [
              3398300,
              1765525
            ]
          ],
          [
            [
              3398350,
              1765525
            ],
            [
              3398325,
              1765525
            ]
          ],
          [
            [
              3398375,
              1765525
            ],
            [
              3398350,
              1765525
            ]
          ],
          [
            [
              3398400,
              1765525
            ],
            [
              3398375,
              1765525
            ]
          ],
          [
            [
              3398425,
              1765525
            ],
            [
              3398400,
              1765525
            ]
          ],
          [
            [
              3398450,
              1765525
            ],
            [
              3398425,
              1765525
            ]
          ],
          [
            [
              3398475,
              1765525
            ],
            [
              3398450,
              1765525
            ]
          ],
          [
            [
              3398500,
              1765525
            ],
            [
              3398475,
              1765525
            ]
          ],
          [
            [
              3398525,
              1765525
            ],
            [
              3398500,
              1765525
            ]
          ],
          [
            [
              3398550,
              1765525
            ],
            [
              3398525,
              1765525
            ]
          ],
          [
            [
              3398575,
              1765525
            ],
            [
              3398550,
              1765525
            ]
          ],
          [
            [
              3398600,
              1765525
            ],
            [
              3398575,
              1765525
            ]
          ],
          [
            [
              3398625,
              1765525
            ],
            [
              3398600,
              1765525
            ]
          ],
          [
            [
              3398650,
              1765525
            ],
            [
              3398625,
              1765525
            ]
          ],
          [
            [
              3398675,
              1765525
            ],
            [
              3398650,
              1765525
            ]
          ],
          [
            [
              3398700,
              1765525
            ],
            [
              3398675,
              1765525
            ]
          ],
          [
            [
              3398725,
              1765525
            ],
            [
              3398700,
              1765525
            ]
          ],
          [
            [
              3398750,
              1765525
            ],
            [
              3398725,
              1765525
            ]
          ],
          [
            [
              3398775,
              1765525
            ],
            [
              3398750,
              1765525
            ]
          ],
          [
            [
              3398800,
              1765525
            ],
            [
              3398775,
              1765525
            ]
          ],
          [
            [
              3398825,
              1765525
            ],
            [
              3398800,
              1765525
            ]
          ],
          [
            [
              3398850,
              1765525
            ],
            [
              3398825,
              1765525
            ]
          ],
          [
            [
              3398875,
              1765525
            ],
            [
              3398850,
              1765525
            ]
          ],
          [
            [
              3398900,
              1765525
            ],
            [
              3398875,
              1765525
            ]
          ],
          [
            [
              3398925,
              1765525
            ],
            [
              3398900,
              1765525
            ]
          ],
          [
            [
              3398950,
              1765525
            ],
            [
              3398925,
              1765525
            ]
          ],
          [
            [
              3398975,
              1765525
            ],
            [
              3398950,
              1765525
            ]
          ],
          [
            [
              3399000,
              1765525
            ],
            [
              3398975,
              1765525
            ]
          ],
          [
            [
              3399025,
              1765525
            ],
            [
              3399000,
              1765525
            ]
          ],
          [
            [
              3399050,
              1765525
            ],
            [
              3399025,
              1765525
            ]
          ],
          [
            [
              3399075,
              1765525
            ],
            [
              3399050,
              1765525
            ]
          ],
          [
            [
              3399100,
              1765525
            ],
            [
              3399075,
              1765525
            ]
          ],
          [
            [
              3399125,
              1765525
            ],
            [
              3399100,
              1765525
            ]
          ],
          [
            [
              3399150,
              1765525
            ],
            [
              3399125,
              1765525
            ]
          ],
          [
            [
              3399175,
              1765525
            ],
            [
              3399150,
              1765525
            ]
          ],
          [
            [
              3399200,
              1765525
            ],
            [
              3399175,
              1765525
            ]
          ],
          [
            [
              3399225,
              1765525
            ],
            [
              3399200,
              1765525
            ]
          ],
          [
            [
              3399250,
              1765525
            ],
            [
              3399225,
              1765525
            ]
          ],
          [
            [
              3399275,
              1765525
            ],
            [
              3399250,
              1765525
            ]
          ],
          [
            [
              3399300,
              1765525
            ],
            [
              3399275,
              1765525
            ]
          ],
          [
            [
              3399325,
              1765525
            ],
            [
              3399300,
              1765525
            ]
          ],
          [
            [
              3399350,
              1765525
            ],
            [
              3399325,
              1765525
            ]
          ],
          [
            [
              3399375,
              1765525
            ],
            [
              3399350,
              1765525
            ]
          ],
          [
            [
              3399400,
              1765525
            ],
            [
              3399375,
              1765525
            ]
          ],
          [
            [
              3399425,
              1765525
            ],
            [
              3399400,
              1765525
            ]
          ],
          [
            [
              3399450,
              1765525
            ],
            [
              3399425,
              1765525
            ]
          ],
          [
            [
              3399475,
              1765525
            ],
            [
              3399450,
              1765525
            ]
          ],
          [
            [
              3399500,
              1765525
            ],
            [
              3399475,
              1765525
            ]
          ],
          [
            [
              3399525,
              1765525
            ],
            [
              3399500,
              1765525
            ]
          ],
          [
            [
              3399550,
              1765525
            ],
            [
              3399525,
              1765525
            ]
          ],
          [
            [
              3399575,
              1765525
            ],
            [
              3399550,
              1765525
            ]
          ],
          [
            [
              3399600,
              1765525
            ],
            [
              3399575,
              1765525
            ]
          ],
          [
            [
              3399625,
              1765525
            ],
            [
              3399600,
              1765525
            ]
          ],
          [
            [
              3399650,
              1765525
            ],
            [
              3399625,
              1765525
            ]
          ],
          [
            [
              3399675,
              1765525
            ],
            [
              3399650,
              1765525
            ]
          ],
          [
            [
              3399700,
              1765525
            ],
            [
              3399675,
              1765525
            ]
          ],
          [
            [
              3399725,
              1765525
            ],
            [
              3399700,
              1765525
            ]
          ],
          [
            [
              3399750,
              1765525
            ],
            [
              3399725,
              1765525
            ]
          ],
          [
            [
              3399775,
              1765525
            ],
            [
              3399750,
              1765525
            ]
          ],
          [
            [
              3399800,
              1765525
            ],
            [
              3399775,
              1765525
            ]
          ],
          [
            [
              3399825,
              1765525
            ],
            [
              3399800,
              1765525
            ]
          ],
          [
            [
              3399850,
              1765525
            ],
            [
              3399825,
              1765525
            ]
          ],
          [
            [
              3399875,
              1765525
            ],
            [
              3399850,
              1765525
            ]
          ],
          [
            [
              3399900,
              1765525
            ],
            [
              3399875,
              1765525
            ]
          ],
          [
            [
              3399925,
              1765525
            ],
            [
              3399900,
              1765525
            ]
          ],
          [
            [
              3399950,
              1765525
            ],
            [
              3399925,
              1765525
            ]
          ],
          [
            [
              3399975,
              1765525
            ],
            [
              3399950,
              1765525
            ]
          ],
          [
            [
              3400000,
              1765525
            ],
            [
              3399975,
              1765525
            ]
          ],
          [
            [
              3400025,
              1765525
            ],
            [
              3400000,
              1765525
            ]
          ],
          [
            [
              3400050,
              1765525
            ],
            [
              3400025,
              1765525
            ]
          ],
          [
            [
              3400075,
              1765525
            ],
            [
              3400050,
              1765525
            ]
          ],
          [
            [
              3400100,
              1765525
            ],
            [
              3400075,
              1765525
            ]
          ],
          [
            [
              3400125,
              1765525
            ],
            [
              3400100,
              1765525
            ]
          ],
          [
            [
              3400150,
              1765525
            ],
            [
              3400125,
              1765525
            ]
          ],
          [
            [
              3400175,
              1765525
            ],
            [
              3400150,
              1765525
            ]
          ],
          [
            [
              3400200,
              1765525
            ],
            [
              3400175,
              1765525
            ]
          ],
          [
            [
              3400225,
              1765525
            ],
            [
              3400200,
              1765525
            ]
          ],
          [
            [
              3400250,
              1765525
            ],
            [
              3400225,
              1765525
            ]
          ],
          [
            [
              3400275,
              1765525
            ],
            [
              3400250,
              1765525
            ]
          ],
          [
            [
              3400300,
              1765525
            ],
            [
              3400275,
              1765525
            ]
          ],
          [
            [
              3400325,
              1765525
            ],
            [
              3400300,
              1765525
            ]
          ],
          [
            [
              3400350,
              1765525
            ],
            [
              3400325,
              1765525
            ]
          ],
          [
            [
              3400375,
              1765525
            ],
            [
              3400350,
              1765525
            ]
          ],
          [
            [
              3400400,
              1765525
            ],
            [
              3400375,
              1765525
            ]
          ],
          [
            [
              3400425,
              1765525
            ],
            [
              3400400,
              1765525
            ]
          ],
          [
            [
              3400450,
              1765525
            ],
            [
              3400425,
              1765525
            ]
          ],
          [
            [
              3400475,
              1765525
            ],
            [
              3400450,
              1765525
            ]
          ],
          [
            [
              3400500,
              1765525
            ],
            [
              3400475,
              1765525
            ]
          ],
          [
            [
              3400525,
              1765525
            ],
            [
              3400500,
              1765525
            ]
          ],
          [
            [
              3400550,
              1765525
            ],
            [
              3400525,
              1765525
            ]
          ],
          [
            [
              3400575,
              1765525
            ],
            [
              3400550,
              1765525
            ]
          ],
          [
            [
              3400600,
              1765525
            ],
            [
              3400575,
              1765525
            ]
          ],
          [
            [
              3400625,
              1765525
            ],
            [
              3400600,
              1765525
            ]
          ],
          [
            [
              3400650,
              1765525
            ],
            [
              3400625,
              1765525
            ]
          ],
          [
            [
              3400675,
              1765525
            ],
            [
              3400650,
              1765525
            ]
          ],
          [
            [
              3400700,
              1765525
            ],
            [
              3400675,
              1765525
            ]
          ],
          [
            [
              3400725,
              1765525
            ],
            [
              3400700,
              1765525
            ]
          ],
          [
            [
              3400750,
              1765525
            ],
            [
              3400725,
              1765525
            ]
          ],
          [
            [
              3400775,
              1765525
            ],
            [
              3400750,
              1765525
            ]
          ],
          [
            [
              3400800,
              1765525
            ],
            [
              3400775,
              1765525
            ]
          ],
          [
            [
              3400825,
              1765525
            ],
            [
              3400800,
              1765525
            ]
          ],
          [
            [
              3400850,
              1765525
            ],
            [
              3400825,
              1765525
            ]
          ],
          [
            [
              3400875,
              1765525
            ],
            [
              3400850,
              1765525
            ]
          ],
          [
            [
              3400900,
              1765525
            ],
            [
              3400875,
              1765525
            ]
          ],
          [
            [
              3400925,
              1765525
            ],
            [
              3400900,
              1765525
            ]
          ],
          [
            [
              3400950,
              1765525
            ],
            [
              3400925,
              1765525
            ]
          ],
          [
            [
              3400975,
              1765525
            ],
            [
              3400950,
              1765525
            ]
          ],
          [
            [
              3401000,
              1765525
            ],
            [
              3400975,
              1765525
            ]
          ],
          [
            [
              3401025,
              1765525
            ],
            [
              3401000,
              1765525
            ]
          ],
          [
            [
              3401050,
              1765525
            ],
            [
              3401025,
              1765525
            ]
          ],
          [
            [
              3401075,
              1765525
            ],
            [
              3401050,
              1765525
            ]
          ],
          [
            [
              3401100,
              1765525
            ],
            [
              3401075,
              1765525
            ]
          ],
          [
            [
              3401125,
              1765525
            ],
            [
              3401100,
              1765525
            ]
          ],
          [
            [
              3401150,
              1765525
            ],
            [
              3401125,
              1765525
            ]
          ],
          [
            [
              3401175,
              1765525
            ],
            [
              3401150,
              1765525
            ]
          ],
          [
            [
              3401200,
              1765525
            ],
            [
              3401175,
              1765525
            ]
          ],
          [
            [
              3401225,
              1765525
            ],
            [
              3401200,
              1765525
            ]
          ],
          [
            [
              3401250,
              1765525
            ],
            [
              3401225,
              1765525
            ]
          ],
          [
            [
              3401275,
              1765525
            ],
            [
              3401250,
              1765525
            ]
          ],
          [
            [
              3401300,
              1765525
            ],
            [
              3401275,
              1765525
            ]
          ],
          [
            [
              3401325,
              1765525
            ],
            [
              3401300,
              1765525
            ]
          ],
          [
            [
              3401350,
              1765525
            ],
            [
              3401325,
              1765525
            ]
          ],
          [
            [
              3401375,
              1765525
            ],
            [
              3401350,
              1765525
            ]
          ],
          [
            [
              3401400,
              1765525
            ],
            [
              3401375,
              1765525
            ]
          ],
          [
            [
              3401425,
              1765525
            ],
            [
              3401400,
              1765525
            ]
          ],
          [
            [
              3401450,
              1765525
            ],
            [
              3401425,
              1765525
            ]
          ],
          [
            [
              3401475,
              1765525
            ],
            [
              3401450,
              1765525
            ]
          ],
          [
            [
              3401500,
              1765525
            ],
            [
              3401475,
              1765525
            ]
          ],
          [
            [
              3401525,
              1765525
            ],
            [
              3401500,
              1765525
            ]
          ],
          [
            [
              3401550,
              1765525
            ],
            [
              3401525,
              1765525
            ]
          ],
          [
            [
              3401575,
              1765525
            ],
            [
              3401550,
              1765525
            ]
          ],
          [
            [
              3401600,
              1765525
            ],
            [
              3401575,
              1765525
            ]
          ],
          [
            [
              3401625,
              1765525
            ],
            [
              3401600,
              1765525
            ]
          ],
          [
            [
              3401650,
              1765525
            ],
            [
              3401625,
              1765525
            ]
          ],
          [
            [
              3401675,
              1765525
            ],
            [
              3401650,
              1765525
            ]
          ],
          [
            [
              3401700,
              1765525
            ],
            [
              3401675,
              1765525
            ]
          ],
          [
            [
              3401725,
              1765525
            ],
            [
              3401700,
              1765525
            ]
          ],
          [
            [
              3401750,
              1765525
            ],
            [
              3401725,
              1765525
            ]
          ],
          [
            [
              3401775,
              1765525
            ],
            [
              3401750,
              1765525
            ]
          ],
          [
            [
              3401800,
              1765525
            ],
            [
              3401775,
              1765525
            ]
          ],
          [
            [
              3401825,
              1765525
            ],
            [
              3401800,
              1765525
            ]
          ],
          [
            [
              3401850,
              1765525
            ],
            [
              3401825,
              1765525
            ]
          ],
          [
            [
              3401875,
              1765525
            ],
            [
              3401850,
              1765525
            ]
          ],
          [
            [
              3401900,
              1765525
            ],
            [
              3401875,
              1765525
            ]
          ],
          [
            [
              3401925,
              1765525
            ],
            [
              3401900,
              1765525
            ]
          ],
          [
            [
              3401950,
              1765525
            ],
            [
              3401925,
              1765525
            ]
          ],
          [
            [
              3401975,
              1765525
            ],
            [
              3401950,
              1765525
            ]
          ],
          [
            [
              3402000,
              1765525
            ],
            [
              3401975,
              1765525
            ]
          ],
          [
            [
              3402025,
              1765525
            ],
            [
              3402000,
              1765525
            ]
          ],
          [
            [
              3402050,
              1765525
            ],
            [
              3402025,
              1765525
            ]
          ],
          [
            [
              3402075,
              1765525
            ],
            [
              3402050,
              1765525
            ]
          ],
          [
            [
              3402100,
              1765525
            ],
            [
              3402075,
              1765525
            ]
          ],
          [
            [
              3402125,
              1765525
            ],
            [
              3402100,
              1765525
            ]
          ],
          [
            [
              3402150,
              1765525
            ],
            [
              3402125,
              1765525
            ]
          ],
          [
            [
              3402175,
              1765525
            ],
            [
              3402150,
              1765525
            ]
          ],
          [
            [
              3402200,
              1765525
            ],
            [
              3402175,
              1765525
            ]
          ],
          [
            [
              3402225,
              1765525
            ],
            [
              3402200,
              1765525
            ]
          ],
          [
            [
              3402250,
              1765525
            ],
            [
              3402225,
              1765525
            ]
          ],
          [
            [
              3402275,
              1765525
            ],
            [
              3402250,
              1765525
            ]
          ],
          [
            [
              3402300,
              1765525
            ],
            [
              3402275,
              1765525
            ]
          ],
          [
            [
              3402325,
              1765525
            ],
            [
              3402300,
              1765525
            ]
          ],
          [
            [
              3402350,
              1765525
            ],
            [
              3402325,
              1765525
            ]
          ],
          [
            [
              3402375,
              1765525
            ],
            [
              3402350,
              1765525
            ]
          ],
          [
            [
              3402400,
              1765525
            ],
            [
              3402375,
              1765525
            ]
          ],
          [
            [
              3402425,
              1765525
            ],
            [
              3402400,
              1765525
            ]
          ],
          [
            [
              3402450,
              1765525
            ],
            [
              3402425,
              1765525
            ]
          ],
          [
            [
              3402475,
              1765525
            ],
            [
              3402450,
              1765525
            ]
          ],
          [
            [
              3402500,
              1765525
            ],
            [
              3402475,
              1765525
            ]
          ],
          [
            [
              3402525,
              1765525
            ],
            [
              3402500,
              1765525
            ]
          ],
          [
            [
              3402550,
              1765525
            ],
            [
              3402525,
              1765525
            ]
          ],
          [
            [
              3402575,
              1765525
            ],
            [
              3402550,
              1765525
            ]
          ],
          [
            [
              3402600,
              1765525
            ],
            [
              3402575,
              1765525
            ]
          ],
          [
            [
              3402625,
              1765525
            ],
            [
              3402600,
              1765525
            ]
          ],
          [
            [
              3402650,
              1765525
            ],
            [
              3402625,
              1765525
            ]
          ],
          [
            [
              3402675,
              1765525
            ],
            [
              3402650,
              1765525
            ]
          ],
          [
            [
              3402700,
              1765525
            ],
            [
              3402675,
              1765525
            ]
          ],
          [
            [
              3402725,
              1765525
            ],
            [
              3402700,
              1765525
            ]
          ],
          [
            [
              3402750,
              1765525
            ],
            [
              3402725,
              1765525
            ]
          ],
          [
            [
              3402775,
              1765525
            ],
            [
              3402750,
              1765525
            ]
          ],
          [
            [
              3402800,
              1765525
            ],
            [
              3402775,
              1765525
            ]
          ],
          [
            [
              3402825,
              1765525
            ],
            [
              3402800,
              1765525
            ]
          ],
          [
            [
              3402850,
              1765525
            ],
            [
              3402825,
              1765525
            ]
          ],
          [
            [
              3402875,
              1765525
            ],
            [
              3402850,
              1765525
            ]
          ],
          [
            [
              3402900,
              1765525
            ],
            [
              3402875,
              1765525
            ]
          ],
          [
            [
              3402925,
              1765525
            ],
            [
              3402900,
              1765525
            ]
          ],
          [
            [
              3402950,
              1765525
            ],
            [
              3402925,
              1765525
            ]
          ],
          [
            [
              3402975,
              1765525
            ],
            [
              3402950,
              1765525
            ]
          ],
          [
            [
              3403000,
              1765525
            ],
            [
              3402975,
              1765525
            ]
          ],
          [
            [
              3403025,
              1765525
            ],
            [
              3403000,
              1765525
            ]
          ],
          [
            [
              3403050,
              1765525
            ],
            [
              3403025,
              1765525
            ]
          ],
          [
            [
              3403075,
              1765525
            ],
            [
              3403050,
              1765525
            ]
          ],
          [
            [
              3403100,
              1765525
            ],
            [
              3403075,
              1765525
            ]
          ],
          [
            [
              3403125,
              1765525
            ],
            [
              3403100,
              1765525
            ]
          ],
          [
            [
              3403150,
              1765525
            ],
            [
              3403125,
              1765525
            ]
          ],
          [
            [
              3403175,
              1765525
            ],
            [
              3403150,
              1765525
            ]
          ],
          [
            [
              3403200,
              1765525
            ],
            [
              3403175,
              1765525
            ]
          ],
          [
            [
              3403225,
              1765525
            ],
            [
              3403200,
              1765525
            ]
          ],
          [
            [
              3403250,
              1765525
            ],
            [
              3403225,
              1765525
            ]
          ],
          [
            [
              3403275,
              1765525
            ],
            [
              3403250,
              1765525
            ]
          ],
          [
            [
              3403300,
              1765525
            ],
            [
              3403275,
              1765525
            ]
          ],
          [
            [
              3403325,
              1765525
            ],
            [
              3403300,
              1765525
            ]
          ],
          [
            [
              3403350,
              1765525
            ],
            [
              3403325,
              1765525
            ]
          ],
          [
            [
              3403375,
              1765525
            ],
            [
              3403350,
              1765525
            ]
          ],
          [
            [
              3403400,
              1765525
            ],
            [
              3403375,
              1765525
            ]
          ],
          [
            [
              3403425,
              1765525
            ],
            [
              3403400,
              1765525
            ]
          ],
          [
            [
              3403450,
              1765525
            ],
            [
              3403425,
              1765525
            ]
          ],
          [
            [
              3403475,
              1765525
            ],
            [
              3403450,
              1765525
            ]
          ],
          [
            [
              3403500,
              1765525
            ],
            [
              3403475,
              1765525
            ]
          ],
          [
            [
              3403525,
              1765525
            ],
            [
              3403500,
              1765525
            ]
          ],
          [
            [
              3403550,
              1765525
            ],
            [
              3403525,
              1765525
            ]
          ],
          [
            [
              3403575,
              1765525
            ],
            [
              3403550,
              1765525
            ]
          ],
          [
            [
              3403600,
              1765525
            ],
            [
              3403575,
              1765525
            ]
          ],
          [
            [
              3403625,
              1765525
            ],
            [
              3403600,
              1765525
            ]
          ],
          [
            [
              3403650,
              1765525
            ],
            [
              3403625,
              1765525
            ]
          ],
          [
            [
              3403675,
              1765525
            ],
            [
              3403650,
              1765525
            ]
          ],
          [
            [
              3403700,
              1765525
            ],
            [
              3403675,
              1765525
            ]
          ],
          [
            [
              3403725,
              1765525
            ],
            [
              3403700,
              1765525
            ]
          ],
          [
            [
              3403750,
              1765525
            ],
            [
              3403725,
              1765525
            ]
          ],
          [
            [
              3403775,
              1765525
            ],
            [
              3403750,
              1765525
            ]
          ],
          [
            [
              3403800,
              1765525
            ],
            [
              3403775,
              1765525
            ]
          ],
          [
            [
              3403825,
              1765525
            ],
            [
              3403800,
              1765525
            ]
          ],
          [
            [
              3403850,
              1765525
            ],
            [
              3403825,
              1765525
            ]
          ],
          [
            [
              3403875,
              1765525
            ],
            [
              3403850,
              1765525
            ]
          ],
          [
            [
              3403900,
              1765525
            ],
            [
              3403875,
              1765525
            ]
          ],
          [
            [
              3403925,
              1765525
            ],
            [
              3403900,
              1765525
            ]
          ],
          [
            [
              3403950,
              1765525
            ],
            [
              3403925,
              1765525
            ]
          ],
          [
            [
              3403975,
              1765525
            ],
            [
              3403950,
              1765525
            ]
          ],
          [
            [
              3404000,
              1765525
            ],
            [
              3403975,
              1765525
            ]
          ],
          [
            [
              3404025,
              1765525
            ],
            [
              3404000,
              1765525
            ]
          ],
          [
            [
              3404050,
              1765525
            ],
            [
              3404025,
              1765525
            ]
          ],
          [
            [
              3404075,
              1765525
            ],
            [
              3404050,
              1765525
            ]
          ],
          [
            [
              3404100,
              1765525
            ],
            [
              3404075,
              1765525
            ]
          ],
          [
            [
              3404125,
              1765525
            ],
            [
              3404100,
              1765525
            ]
          ],
          [
            [
              3404150,
              1765525
            ],
            [
              3404125,
              1765525
            ]
          ],
          [
            [
              3404175,
              1765525
            ],
            [
              3404150,
              1765525
            ]
          ],
          [
            [
              3404200,
              1765525
            ],
            [
              3404175,
              1765525
            ]
          ],
          [
            [
              3404225,
              1765525
            ],
            [
              3404200,
              1765525
            ]
          ],
          [
            [
              3404250,
              1765525
            ],
            [
              3404225,
              1765525
            ]
          ],
          [
            [
              3404275,
              1765525
            ],
            [
              3404250,
              1765525
            ]
          ],
          [
            [
              3404300,
              1765525
            ],
            [
              3404275,
              1765525
            ]
          ],
          [
            [
              3404325,
              1765525
            ],
            [
              3404300,
              1765525
            ]
          ],
          [
            [
              3404350,
              1765525
            ],
            [
              3404325,
              1765525
            ]
          ],
          [
            [
              3404375,
              1765525
            ],
            [
              3404350,
              1765525
            ]
          ],
          [
            [
              3404400,
              1765525
            ],
            [
              3404375,
              1765525
            ]
          ],
          [
            [
              3404425,
              1765525
            ],
            [
              3404400,
              1765525
            ]
          ],
          [
            [
              3404450,
              1765525
            ],
            [
              3404425,
              1765525
            ]
          ],
          [
            [
              3404475,
              1765525
            ],
            [
              3404450,
              1765525
            ]
          ],
          [
            [
              3404500,
              1765525
            ],
            [
              3404475,
              1765525
            ]
          ],
          [
            [
              3404525,
              1765525
            ],
            [
              3404500,
              1765525
            ]
          ],
          [
            [
              3404550,
              1765525
            ],
            [
              3404525,
              1765525
            ]
          ],
          [
            [
              3404575,
              1765525
            ],
            [
              3404550,
              1765525
            ]
          ],
          [
            [
              3404600,
              1765525
            ],
            [
              3404575,
              1765525
            ]
          ],
          [
            [
              3404625,
              1765525
            ],
            [
              3404600,
              1765525
            ]
          ],
          [
            [
              3404650,
              1765525
            ],
            [
              3404625,
              1765525
            ]
          ],
          [
            [
              3404675,
              1765525
            ],
            [
              3404650,
              1765525
            ]
          ],
          [
            [
              3404700,
              1765525
            ],
            [
              3404675,
              1765525
            ]
          ],
          [
            [
              3404725,
              1765525
            ],
            [
              3404700,
              1765525
            ]
          ],
          [
            [
              3404750,
              1765525
            ],
            [
              3404725,
              1765525
            ]
          ],
          [
            [
              3404775,
              1765525
            ],
            [
              3404750,
              1765525
            ]
          ],
          [
            [
              3404800,
              1765525
            ],
            [
              3404775,
              1765525
            ]
          ],
          [
            [
              3404825,
              1765525
            ],
            [
              3404800,
              1765525
            ]
          ],
          [
            [
              3404850,
              1765525
            ],
            [
              3404825,
              1765525
            ]
          ],
          [
            [
              3404875,
              1765525
            ],
            [
              3404850,
              1765525
            ]
          ],
          [
            [
              3404900,
              1765525
            ],
            [
              3404875,
              1765525
            ]
          ],
          [
            [
              3404925,
              1765525
            ],
            [
              3404900,
              1765525
            ]
          ],
          [
            [
              3404950,
              1765525
            ],
            [
              3404925,
              1765525
            ]
          ],
          [
            [
              3404975,
              1765525
            ],
            [
              3404950,
              1765525
            ]
          ],
          [
            [
              3405000,
              1765525
            ],
            [
              3404975,
              1765525
            ]
          ],
          [
            [
              3405025,
              1765525
            ],
            [
              3405000,
              1765525
            ]
          ],
          [
            [
              3405050,
              1765525
            ],
            [
              3405025,
              1765525
            ]
          ],
          [
            [
              3405075,
              1765525
            ],
            [
              3405050,
              1765525
            ]
          ],
          [
            [
              3405100,
              1765525
            ],
            [
              3405075,
              1765525
            ]
          ],
          [
            [
              3405125,
              1765525
            ],
            [
              3405100,
              1765525
            ]
          ],
          [
            [
              3405150,
              1765525
            ],
            [
              3405125,
              1765525
            ]
          ],
          [
            [
              3405175,
              1765525
            ],
            [
              3405150,
              1765525
            ]
          ],
          [
            [
              3405200,
              1765525
            ],
            [
              3405175,
              1765525
            ]
          ],
          [
            [
              3405225,
              1765525
            ],
            [
              3405200,
              1765525
            ]
          ],
          [
            [
              3405250,
              1765525
            ],
            [
              3405225,
              1765525
            ]
          ],
          [
            [
              3405275,
              1765525
            ],
            [
              3405250,
              1765525
            ]
          ],
          [
            [
              3405300,
              1765525
            ],
            [
              3405275,
              1765525
            ]
          ],
          [
            [
              3405325,
              1765525
            ],
            [
              3405300,
              1765525
            ]
          ],
          [
            [
              3405350,
              1765525
            ],
            [
              3405325,
              1765525
            ]
          ],
          [
            [
              3405375,
              1765525
            ],
            [
              3405350,
              1765525
            ]
          ],
          [
            [
              3405400,
              1765525
            ],
            [
              3405375,
              1765525
            ]
          ],
          [
            [
              3405425,
              1765525
            ],
            [
              3405400,
              1765525
            ]
          ],
          [
            [
              3405450,
              1765525
            ],
            [
              3405425,
              1765525
            ]
          ],
          [
            [
              3405475,
              1765525
            ],
            [
              3405450,
              1765525
            ]
          ],
          [
            [
              3405500,
              1765525
            ],
            [
              3405475,
              1765525
            ]
          ],
          [
            [
              3405525,
              1765525
            ],
            [
              3405500,
              1765525
            ]
          ],
          [
            [
              3405550,
              1765525
            ],
            [
              3405525,
              1765525
            ]
          ],
          [
            [
              3405575,
              1765525
            ],
            [
              3405550,
              1765525
            ]
          ],
          [
            [
              3405600,
              1765525
            ],
            [
              3405575,
              1765525
            ]
          ],
          [
            [
              3405625,
              1765525
            ],
            [
              3405600,
              1765525
            ]
          ],
          [
            [
              3405650,
              1765525
            ],
            [
              3405625,
              1765525
            ]
          ],
          [
            [
              3405675,
              1765525
            ],
            [
              3405650,
              1765525
            ]
          ],
          [
            [
              3405700,
              1765525
            ],
            [
              3405675,
              1765525
            ]
          ],
          [
            [
              3405725,
              1765525
            ],
            [
              3405700,
              1765525
            ]
          ],
          [
            [
              3405750,
              1765525
            ],
            [
              3405725,
              1765525
            ]
          ],
          [
            [
              3405775,
              1765525
            ],
            [
              3405750,
              1765525
            ]
          ],
          [
            [
              3405800,
              1765525
            ],
            [
              3405775,
              1765525
            ]
          ],
          [
            [
              3405825,
              1765525
            ],
            [
              3405800,
              1765525
            ]
          ],
          [
            [
              3405850,
              1765525
            ],
            [
              3405825,
              1765525
            ]
          ],
          [
            [
              3405875,
              1765525
            ],
            [
              3405850,
              1765525
            ]
          ],
          [
            [
              3405900,
              1765525
            ],
            [
              3405875,
              1765525
            ]
          ],
          [
            [
              3405925,
              1765525
            ],
            [
              3405900,
              1765525
            ]
          ],
          [
            [
              3405950,
              1765525
            ],
            [
              3405925,
              1765525
            ]
          ],
          [
            [
              3405975,
              1765525
            ],
            [
              3405950,
              1765525
            ]
          ],
          [
            [
              3406000,
              1765525
            ],
            [
              3405975,
              1765525
            ]
          ],
          [
            [
              3406025,
              1765525
            ],
            [
              3406000,
              1765525
            ]
          ],
          [
            [
              3406050,
              1765525
            ],
            [
              3406025,
              1765525
            ]
          ],
          [
            [
              3406075,
              1765525
            ],
            [
              3406050,
              1765525
            ]
          ],
          [
            [
              3406100,
              1765525
            ],
            [
              3406075,
              1765525
            ]
          ],
          [
            [
              3406125,
              1765525
            ],
            [
              3406100,
              1765525
            ]
          ],
          [
            [
              3406150,
              1765525
            ],
            [
              3406125,
              1765525
            ]
          ],
          [
            [
              3406175,
              1765525
            ],
            [
              3406150,
              1765525
            ]
          ],
          [
            [
              3406200,
              1765525
            ],
            [
              3406175,
              1765525
            ]
          ],
          [
            [
              3406225,
              1765525
            ],
            [
              3406200,
              1765525
            ]
          ],
          [
            [
              3406250,
              1765525
            ],
            [
              3406225,
              1765525
            ]
          ],
          [
            [
              3406275,
              1765525
            ],
            [
              3406250,
              1765525
            ]
          ],
          [
            [
              3406300,
              1765525
            ],
            [
              3406275,
              1765525
            ]
          ],
          [
            [
              3406325,
              1765525
            ],
            [
              3406300,
              1765525
            ]
          ],
          [
            [
              3406350,
              1765525
            ],
            [
              3406325,
              1765525
            ]
          ],
          [
            [
              3406375,
              1765525
            ],
            [
              3406350,
              1765525
            ]
          ],
          [
            [
              3406400,
              1765525
            ],
            [
              3406375,
              1765525
            ]
          ],
          [
            [
              3406425,
              1765525
            ],
            [
              3406400,
              1765525
            ]
          ],
          [
            [
              3406450,
              1765525
            ],
            [
              3406425,
              1765525
            ]
          ],
          [
            [
              3406475,
              1765525
            ],
            [
              3406450,
              1765525
            ]
          ],
          [
            [
              3406500,
              1765525
            ],
            [
              3406475,
              1765525
            ]
          ],
          [
            [
              3406525,
              1765525
            ],
            [
              3406500,
              1765525
            ]
          ],
          [
            [
              3406550,
              1765525
            ],
            [
              3406525,
              1765525
            ]
          ],
          [
            [
              3406575,
              1765525
            ],
            [
              3406550,
              1765525
            ]
          ],
          [
            [
              3406600,
              1765525
            ],
            [
              3406575,
              1765525
            ]
          ],
          [
            [
              3406625,
              1765525
            ],
            [
              3406600,
              1765525
            ]
          ],
          [
            [
              3406650,
              1765525
            ],
            [
              3406625,
              1765525
            ]
          ],
          [
            [
              3406675,
              1765525
            ],
            [
              3406650,
              1765525
            ]
          ],
          [
            [
              3406700,
              1765525
            ],
            [
              3406675,
              1765525
            ]
          ],
          [
            [
              3406725,
              1765525
            ],
            [
              3406700,
              1765525
            ]
          ],
          [
            [
              3406750,
              1765525
            ],
            [
              3406725,
              1765525
            ]
          ],
          [
            [
              3406775,
              1765525
            ],
            [
              3406750,
              1765525
            ]
          ],
          [
            [
              3406800,
              1765525
            ],
            [
              3406775,
              1765525
            ]
          ],
          [
            [
              3406825,
              1765525
            ],
            [
              3406800,
              1765525
            ]
          ],
          [
            [
              3406850,
              1765525
            ],
            [
              3406825,
              1765525
            ]
          ],
          [
            [
              3406875,
              1765525
            ],
            [
              3406850,
              1765525
            ]
          ],
          [
            [
              3406900,
              1765525
            ],
            [
              3406875,
              1765525
            ]
          ],
          [
            [
              3406925,
              1765525
            ],
            [
              3406900,
              1765525
            ]
          ],
          [
            [
              3406950,
              1765525
            ],
            [
              3406925,
              1765525
            ]
          ],
          [
            [
              3406975,
              1765525
            ],
            [
              3406950,
              1765525
            ]
          ],
          [
            [
              3407000,
              1765525
            ],
            [
              3406975,
              1765525
            ]
          ],
          [
            [
              3407025,
              1765525
            ],
            [
              3407000,
              1765525
            ]
          ],
          [
            [
              3407050,
              1765525
            ],
            [
              3407025,
              1765525
            ]
          ],
          [
            [
              3407075,
              1765525
            ],
            [
              3407050,
              1765525
            ]
          ],
          [
            [
              3407100,
              1765525
            ],
            [
              3407075,
              1765525
            ]
          ],
          [
            [
              3407125,
              1765525
            ],
            [
              3407100,
              1765525
            ]
          ],
          [
            [
              3407150,
              1765525
            ],
            [
              3407125,
              1765525
            ]
          ],
          [
            [
              3407175,
              1765525
            ],
            [
              3407150,
              1765525
            ]
          ],
          [
            [
              3407200,
              1765525
            ],
            [
              3407175,
              1765525
            ]
          ],
          [
            [
              3407225,
              1765525
            ],
            [
              3407200,
              1765525
            ]
          ],
          [
            [
              3407250,
              1765525
            ],
            [
              3407225,
              1765525
            ]
          ],
          [
            [
              3407275,
              1765525
            ],
            [
              3407250,
              1765525
            ]
          ],
          [
            [
              3407300,
              1765525
            ],
            [
              3407275,
              1765525
            ]
          ],
          [
            [
              3407325,
              1765525
            ],
            [
              3407300,
              1765525
            ]
          ],
          [
            [
              3407350,
              1765525
            ],
            [
              3407325,
              1765525
            ]
          ],
          [
            [
              3407375,
              1765525
            ],
            [
              3407350,
              1765525
            ]
          ],
          [
            [
              3407400,
              1765525
            ],
            [
              3407375,
              1765525
            ]
          ],
          [
            [
              3407425,
              1765525
            ],
            [
              3407400,
              1765525
            ]
          ],
          [
            [
              3407450,
              1765525
            ],
            [
              3407425,
              1765525
            ]
          ],
          [
            [
              3407475,
              1765525
            ],
            [
              3407450,
              1765525
            ]
          ],
          [
            [
              3407500,
              1765525
            ],
            [
              3407475,
              1765525
            ]
          ],
          [
            [
              3407525,
              1765525
            ],
            [
              3407500,
              1765525
            ]
          ],
          [
            [
              3407550,
              1765525
            ],
            [
              3407525,
              1765525
            ]
          ],
          [
            [
              3407575,
              1765525
            ],
            [
              3407550,
              1765525
            ]
          ],
          [
            [
              3407600,
              1765525
            ],
            [
              3407575,
              1765525
            ]
          ],
          [
            [
              3407625,
              1765525
            ],
            [
              3407600,
              1765525
            ]
          ],
          [
            [
              3407650,
              1765525
            ],
            [
              3407625,
              1765525
            ]
          ],
          [
            [
              3407675,
              1765525
            ],
            [
              3407650,
              1765525
            ]
          ],
          [
            [
              3407700,
              1765525
            ],
            [
              3407675,
              1765525
            ]
          ],
          [
            [
              3407725,
              1765525
            ],
            [
              3407700,
              1765525
            ]
          ],
          [
            [
              3407750,
              1765525
            ],
            [
              3407725,
              1765525
            ]
          ],
          [
            [
              3407775,
              1765525
            ],
            [
              3407750,
              1765525
            ]
          ],
          [
            [
              3407800,
              1765525
            ],
            [
              3407775,
              1765525
            ]
          ],
          [
            [
              3407825,
              1765525
            ],
            [
              3407800,
              1765525
            ]
          ],
          [
            [
              3407850,
              1765525
            ],
            [
              3407825,
              1765525
            ]
          ],
          [
            [
              3407875,
              1765525
            ],
            [
              3407850,
              1765525
            ]
          ],
          [
            [
              3407900,
              1765525
            ],
            [
              3407875,
              1765525
            ]
          ],
          [
            [
              3407925,
              1765525
            ],
            [
              3407900,
              1765525
            ]
          ],
          [
            [
              3407950,
              1765525
            ],
            [
              3407925,
              1765525
            ]
          ],
          [
            [
              3407975,
              1765525
            ],
            [
              3407950,
              1765525
            ]
          ],
          [
            [
              3408000,
              1765525
            ],
            [
              3407975,
              1765525
            ]
          ],
          [
            [
              3408025,
              1765525
            ],
            [
              3408000,
              1765525
            ]
          ],
          [
            [
              3408050,
              1765525
            ],
            [
              3408025,
              1765525
            ]
          ],
          [
            [
              3408075,
              1765525
            ],
            [
              3408050,
              1765525
            ]
          ],
          [
            [
              3408100,
              1765525
            ],
            [
              3408075,
              1765525
            ]
          ],
          [
            [
              3408125,
              1765525
            ],
            [
              3408100,
              1765525
            ]
          ],
          [
            [
              3408150,
              1765525
            ],
            [
              3408125,
              1765525
            ]
          ],
          [
            [
              3408175,
              1765525
            ],
            [
              3408150,
              1765525
            ]
          ],
          [
            [
              3408200,
              1765525
            ],
            [
              3408175,
              1765525
            ]
          ],
          [
            [
              3408225,
              1765525
            ],
            [
              3408200,
              1765525
            ]
          ],
          [
            [
              3408250,
              1765525
            ],
            [
              3408225,
              1765525
            ]
          ],
          [
            [
              3408275,
              1765525
            ],
            [
              3408250,
              1765525
            ]
          ],
          [
            [
              3408300,
              1765525
            ],
            [
              3408275,
              1765525
            ]
          ],
          [
            [
              3408325,
              1765525
            ],
            [
              3408300,
              1765525
            ]
          ],
          [
            [
              3408350,
              1758900
            ],
            [
              3408350,
              1758925
            ]
          ],
          [
            [
              3408350,
              1758925
            ],
            [
              3408350,
              1758950
            ]
          ],
          [
            [
              3408350,
              1758950
            ],
            [
              3408350,
              1758975
            ]
          ],
          [
            [
              3408350,
              1758975
            ],
            [
              3408350,
              1759000
            ]
          ],
          [
            [
              3408350,
              1759000
            ],
            [
              3408350,
              1759025
            ]
          ],
          [
            [
              3408350,
              1759025
            ],
            [
              3408350,
              1759050
            ]
          ],
          [
            [
              3408350,
              1759050
            ],
            [
              3408350,
              1759075
            ]
          ],
          [
            [
              3408350,
              1759075
            ],
            [
              3408350,
              1759100
            ]
          ],
          [
            [
              3408350,
              1759100
            ],
            [
              3408350,
              1759125
            ]
          ],
          [
            [
              3408350,
              1759125
            ],
            [
              3408350,
              1759150
            ]
          ],
          [
            [
              3408350,
              1759150
            ],
            [
              3408350,
              1759175
            ]
          ],
          [
            [
              3408350,
              1759175
            ],
            [
              3408350,
              1759200
            ]
          ],
          [
            [
              3408350,
              1759200
            ],
            [
              3408350,
              1759225
            ]
          ],
          [
            [
              3408350,
              1759225
            ],
            [
              3408350,
              1759250
            ]
          ],
          [
            [
              3408350,
              1759250
            ],
            [
              3408350,
              1759275
            ]
          ],
          [
            [
              3408350,
              1759275
            ],
            [
              3408350,
              1759300
            ]
          ],
          [
            [
              3408350,
              1759300
            ],
            [
              3408350,
              1759325
            ]
          ],
          [
            [
              3408350,
              1761025
            ],
            [
              3408350,
              1761050
            ]
          ],
          [
            [
              3408350,
              1761050
            ],
            [
              3408350,
              1761075
            ]
          ],
          [
            [
              3408350,
              1761075
            ],
            [
              3408350,
              1761100
            ]
          ],
          [
            [
              3408350,
              1761100
            ],
            [
              3408350,
              1761125
            ]
          ],
          [
            [
              3408350,
              1761125
            ],
            [
              3408350,
              1761150
            ]
          ],
          [
            [
              3408350,
              1761150
            ],
            [
              3408350,
              1761175
            ]
          ],
          [
            [
              3408350,
              1761175
            ],
            [
              3408350,
              1761200
            ]
          ],
          [
            [
              3408350,
              1761200
            ],
            [
              3408350,
              1761225
            ]
          ],
          [
            [
              3408350,
              1761225
            ],
            [
              3408350,
              1761250
            ]
          ],
          [
            [
              3408350,
              1761250
            ],
            [
              3408350,
              1761275
            ]
          ],
          [
            [
              3408350,
              1761275
            ],
            [
              3408350,
              1761300
            ]
          ],
          [
            [
              3408350,
              1761300
            ],
            [
              3408350,
              1761325
            ]
          ],
          [
            [
              3408350,
              1761325
            ],
            [
              3408350,
              1761350
            ]
          ],
          [
            [
              3408350,
              1761350
            ],
            [
              3408350,
              1761375
            ]
          ],
          [
            [
              3408350,
              1761375
            ],
            [
              3408350,
              1761400
            ]
          ],
          [
            [
              3408350,
              1761400
            ],
            [
              3408350,
              1761425
            ]
          ],
          [
            [
              3408350,
              1761425
            ],
            [
              3408350,
              1761450
            ]
          ],
          [
            [
              3408350,
              1761450
            ],
            [
              3408350,
              1761475
            ]
          ],
          [
            [
              3408350,
              1761475
            ],
            [
              3408350,
              1761500
            ]
          ],
          [
            [
              3408350,
              1761500
            ],
            [
              3408350,
              1761525
            ]
          ],
          [
            [
              3408350,
              1761525
            ],
            [
              3408350,
              1761550
            ]
          ],
          [
            [
              3408350,
              1761550
            ],
            [
              3408350,
              1761575
            ]
          ],
          [
            [
              3408350,
              1761575
            ],
            [
              3408350,
              1761600
            ]
          ],
          [
            [
              3408350,
              1761600
            ],
            [
              3408350,
              1761625
            ]
          ],
          [
            [
              3408350,
              1761625
            ],
            [
              3408350,
              1761650
            ]
          ],
          [
            [
              3408350,
              1761650
            ],
            [
              3408350,
              1761675
            ]
          ],
          [
            [
              3408350,
              1761675
            ],
            [
              3408350,
              1761700
            ]
          ],
          [
            [
              3408350,
              1761700
            ],
            [
              3408350,
              1761725
            ]
          ],
          [
            [
              3408350,
              1761725
            ],
            [
              3408350,
              1761750
            ]
          ],
          [
            [
              3408350,
              1761750
            ],
            [
              3408350,
              1761775
            ]
          ],
          [
            [
              3408350,
              1761775
            ],
            [
              3408350,
              1761800
            ]
          ],
          [
            [
              3408350,
              1761800
            ],
            [
              3408350,
              1761825
            ]
          ],
          [
            [
              3408350,
              1761825
            ],
            [
              3408350,
              1761850
            ]
          ],
          [
            [
              3408350,
              1761850
            ],
            [
              3408350,
              1761875
            ]
          ],
          [
            [
              3408350,
              1761875
            ],
            [
              3408350,
              1761900
            ]
          ],
          [
            [
              3408350,
              1761900
            ],
            [
              3408350,
              1761925
            ]
          ],
          [
            [
              3408350,
              1761925
            ],
            [
              3408350,
              1761950
            ]
          ],
          [
            [
              3408350,
              1761950
            ],
            [
              3408350,
              1761975
            ]
          ],
          [
            [
              3408350,
              1761975
            ],
            [
              3408350,
              1762000
            ]
          ],
          [
            [
              3408350,
              1762000
            ],
            [
              3408350,
              1762025
            ]
          ],
          [
            [
              3408350,
              1762025
            ],
            [
              3408350,
              1762050
            ]
          ],
          [
            [
              3408350,
              1762050
            ],
            [
              3408350,
              1762075
            ]
          ],
          [
            [
              3408350,
              1762075
            ],
            [
              3408350,
              1762100
            ]
          ],
          [
            [
              3408350,
              1762100
            ],
            [
              3408350,
              1762125
            ]
          ],
          [
            [
              3408350,
              1762125
            ],
            [
              3408350,
              1762150
            ]
          ],
          [
            [
              3408350,
              1762150
            ],
            [
              3408350,
              1762175
            ]
          ],
          [
            [
              3408350,
              1762175
            ],
            [
              3408350,
              1762200
            ]
          ],
          [
            [
              3408350,
              1762200
            ],
            [
              3408350,
              1762225
            ]
          ],
          [
            [
              3408350,
              1762225
            ],
            [
              3408350,
              1762250
            ]
          ],
          [
            [
              3408350,
              1762250
            ],
            [
              3408350,
              1762275
            ]
          ],
          [
            [
              3408350,
              1762275
            ],
            [
              3408350,
              1762300
            ]
          ],
          [
            [
              3408350,
              1762300
            ],
            [
              3408350,
              1762325
            ]
          ],
          [
            [
              3408350,
              1762325
            ],
            [
              3408350,
              1762350
            ]
          ],
          [
            [
              3408350,
              1762350
            ],
            [
              3408350,
              1762375
            ]
          ],
          [
            [
              3408350,
              1762375
            ],
            [
              3408350,
              1762400
            ]
          ],
          [
            [
              3408350,
              1762400
            ],
            [
              3408350,
              1762425
            ]
          ],
          [
            [
              3408350,
              1762425
            ],
            [
              3408350,
              1762450
            ]
          ],
          [
            [
              3408350,
              1762450
            ],
            [
              3408350,
              1762475
            ]
          ],
          [
            [
              3408350,
              1762475
            ],
            [
              3408350,
              1762500
            ]
          ],
          [
            [
              3408350,
              1762500
            ],
            [
              3408350,
              1762525
            ]
          ],
          [
            [
              3408350,
              1762525
            ],
            [
              3408350,
              1762550
            ]
          ],
          [
            [
              3408350,
              1762550
            ],
            [
              3408350,
              1762575
            ]
          ],
          [
            [
              3408350,
              1762575
            ],
            [
              3408350,
              1762600
            ]
          ],
          [
            [
              3408350,
              1762600
            ],
            [
              3408350,
              1762625
            ]
          ],
          [
            [
              3408350,
              1762625
            ],
            [
              3408350,
              1762650
            ]
          ],
          [
            [
              3408350,
              1762650
            ],
            [
              3408350,
              1762675
            ]
          ],
          [
            [
              3408350,
              1762675
            ],
            [
              3408350,
              1762700
            ]
          ],
          [
            [
              3408350,
              1762700
            ],
            [
              3408350,
              1762725
            ]
          ],
          [
            [
              3408350,
              1762725
            ],
            [
              3408350,
              1762750
            ]
          ],
          [
            [
              3408350,
              1762750
            ],
            [
              3408350,
              1762775
            ]
          ],
          [
            [
              3408350,
              1762775
            ],
            [
              3408350,
              1762800
            ]
          ],
          [
            [
              3408350,
              1762800
            ],
            [
              3408350,
              1762825
            ]
          ],
          [
            [
              3408350,
              1762825
            ],
            [
              3408350,
              1762850
            ]
          ],
          [
            [
              3408350,
              1762850
            ],
            [
              3408350,
              1762875
            ]
          ],
          [
            [
              3408350,
              1762875
            ],
            [
              3408350,
              1762900
            ]
          ],
          [
            [
              3408350,
              1762900
            ],
            [
              3408350,
              1762925
            ]
          ],
          [
            [
              3408350,
              1762925
            ],
            [
              3408350,
              1762950
            ]
          ],
          [
            [
              3408350,
              1762950
            ],
            [
              3408350,
              1762975
            ]
          ],
          [
            [
              3408350,
              1762975
            ],
            [
              3408350,
              1763000
            ]
          ],
          [
            [
              3408350,
              1763000
            ],
            [
              3408350,
              1763025
            ]
          ],
          [
            [
              3408350,
              1763025
            ],
            [
              3408350,
              1763050
            ]
          ],
          [
            [
              3408350,
              1763050
            ],
            [
              3408350,
              1763075
            ]
          ],
          [
            [
              3408350,
              1763075
            ],
            [
              3408350,
              1763100
            ]
          ],
          [
            [
              3408350,
              1763100
            ],
            [
              3408350,
              1763125
            ]
          ],
          [
            [
              3408350,
              1763125
            ],
            [
              3408350,
              1763150
            ]
          ],
          [
            [
              3408350,
              1763150
            ],
            [
              3408350,
              1763175
            ]
          ],
          [
            [
              3408350,
              1763175
            ],
            [
              3408350,
              1763200
            ]
          ],
          [
            [
              3408350,
              1763200
            ],
            [
              3408350,
              1763225
            ]
          ],
          [
            [
              3408350,
              1763225
            ],
            [
              3408350,
              1763250
            ]
          ],
          [
            [
              3408350,
              1763250
            ],
            [
              3408350,
              1763275
            ]
          ],
          [
            [
              3408350,
              1763275
            ],
            [
              3408350,
              1763300
            ]
          ],
          [
            [
              3408350,
              1763300
            ],
            [
              3408350,
              1763325
            ]
          ],
          [
            [
              3408350,
              1763325
            ],
            [
              3408350,
              1763350
            ]
          ],
          [
            [
              3408350,
              1763350
            ],
            [
              3408350,
              1763375
            ]
          ],
          [
            [
              3408350,
              1763375
            ],
            [
              3408350,
              1763400
            ]
          ],
          [
            [
              3408350,
              1763400
            ],
            [
              3408350,
              1763425
            ]
          ],
          [
            [
              3408350,
              1763425
            ],
            [
              3408350,
              1763450
            ]
          ],
          [
            [
              3408350,
              1763450
            ],
            [
              3408350,
              1763475
            ]
          ],
          [
            [
              3408350,
              1763475
            ],
            [
              3408350,
              1763500
            ]
          ],
          [
            [
              3408350,
              1763500
            ],
            [
              3408350,
              1763525
            ]
          ],
          [
            [
              3408350,
              1763525
            ],
            [
              3408350,
              1763550
            ]
          ],
          [
            [
              3408350,
              1763550
            ],
            [
              3408350,
              1763575
            ]
          ],
          [
            [
              3408350,
              1763575
            ],
            [
              3408350,
              1763600
            ]
          ],
          [
            [
              3408350,
              1763600
            ],
            [
              3408350,
              1763625
            ]
          ],
          [
            [
              3408350,
              1763625
            ],
            [
              3408350,
              1763650
            ]
          ],
          [
            [
              3408350,
              1763650
            ],
            [
              3408350,
              1763675
            ]
          ],
          [
            [
              3408350,
              1763675
            ],
            [
              3408350,
              1763700
            ]
          ],
          [
            [
              3408350,
              1763700
            ],
            [
              3408350,
              1763725
            ]
          ],
          [
            [
              3408350,
              1763725
            ],
            [
              3408350,
              1763750
            ]
          ],
          [
            [
              3408350,
              1763750
            ],
            [
              3408350,
              1763775
            ]
          ],
          [
            [
              3408350,
              1763775
            ],
            [
              3408350,
              1763800
            ]
          ],
          [
            [
              3408350,
              1763800
            ],
            [
              3408350,
              1763825
            ]
          ],
          [
            [
              3408350,
              1763825
            ],
            [
              3408350,
              1763850
            ]
          ],
          [
            [
              3408350,
              1763850
            ],
            [
              3408350,
              1763875
            ]
          ],
          [
            [
              3408350,
              1763875
            ],
            [
              3408350,
              1763900
            ]
          ],
          [
            [
              3408350,
              1763900
            ],
            [
              3408350,
              1763925
            ]
          ],
          [
            [
              3408350,
              1763925
            ],
            [
              3408350,
              1763950
            ]
          ],
          [
            [
              3408350,
              1763950
            ],
            [
              3408350,
              1763975
            ]
          ],
          [
            [
              3408350,
              1763975
            ],
            [
              3408350,
              1764000
            ]
          ],
          [
            [
              3408350,
              1764000
            ],
            [
              3408350,
              1764025
            ]
          ],
          [
            [
              3408350,
              1764025
            ],
            [
              3408350,
              1764050
            ]
          ],
          [
            [
              3408350,
              1764050
            ],
            [
              3408350,
              1764075
            ]
          ],
          [
            [
              3408350,
              1764075
            ],
            [
              3408350,
              1764100
            ]
          ],
          [
            [
              3408350,
              1764100
            ],
            [
              3408350,
              1764125
            ]
          ],
          [
            [
              3408350,
              1764125
            ],
            [
              3408350,
              1764150
            ]
          ],
          [
            [
              3408350,
              1764150
            ],
            [
              3408350,
              1764175
            ]
          ],
          [
            [
              3408350,
              1764175
            ],
            [
              3408350,
              1764200
            ]
          ],
          [
            [
              3408350,
              1764200
            ],
            [
              3408350,
              1764225
            ]
          ],
          [
            [
              3408350,
              1764225
            ],
            [
              3408350,
              1764250
            ]
          ],
          [
            [
              3408350,
              1764250
            ],
            [
              3408350,
              1764275
            ]
          ],
          [
            [
              3408350,
              1764275
            ],
            [
              3408350,
              1764300
            ]
          ],
          [
            [
              3408350,
              1764300
            ],
            [
              3408350,
              1764325
            ]
          ],
          [
            [
              3408350,
              1764325
            ],
            [
              3408350,
              1764350
            ]
          ],
          [
            [
              3408350,
              1764350
            ],
            [
              3408350,
              1764375
            ]
          ],
          [
            [
              3408350,
              1764375
            ],
            [
              3408350,
              1764400
            ]
          ],
          [
            [
              3408350,
              1764400
            ],
            [
              3408350,
              1764425
            ]
          ],
          [
            [
              3408350,
              1764425
            ],
            [
              3408350,
              1764450
            ]
          ],
          [
            [
              3408350,
              1764450
            ],
            [
              3408350,
              1764475
            ]
          ],
          [
            [
              3408350,
              1764475
            ],
            [
              3408350,
              1764500
            ]
          ],
          [
            [
              3408350,
              1764500
            ],
            [
              3408350,
              1764525
            ]
          ],
          [
            [
              3408350,
              1764525
            ],
            [
              3408350,
              1764550
            ]
          ],
          [
            [
              3408350,
              1764550
            ],
            [
              3408350,
              1764575
            ]
          ],
          [
            [
              3408350,
              1764575
            ],
            [
              3408350,
              1764600
            ]
          ],
          [
            [
              3408350,
              1764600
            ],
            [
              3408350,
              1764625
            ]
          ],
          [
            [
              3408350,
              1764625
            ],
            [
              3408350,
              1764650
            ]
          ],
          [
            [
              3408350,
              1764650
            ],
            [
              3408350,
              1764675
            ]
          ],
          [
            [
              3408350,
              1764675
            ],
            [
              3408350,
              1764700
            ]
          ],
          [
            [
              3408350,
              1764700
            ],
            [
              3408350,
              1764725
            ]
          ],
          [
            [
              3408350,
              1764725
            ],
            [
              3408350,
              1764750
            ]
          ],
          [
            [
              3408350,
              1764750
            ],
            [
              3408350,
              1764775
            ]
          ],
          [
            [
              3408350,
              1764775
            ],
            [
              3408350,
              1764800
            ]
          ],
          [
            [
              3408350,
              1764800
            ],
            [
              3408350,
              1764825
            ]
          ],
          [
            [
              3408350,
              1764825
            ],
            [
              3408350,
              1764850
            ]
          ],
          [
            [
              3408350,
              1764850
            ],
            [
              3408350,
              1764875
            ]
          ],
          [
            [
              3408350,
              1764875
            ],
            [
              3408350,
              1764900
            ]
          ],
          [
            [
              3408350,
              1764900
            ],
            [
              3408350,
              1764925
            ]
          ],
          [
            [
              3408350,
              1764925
            ],
            [
              3408350,
              1764950
            ]
          ],
          [
            [
              3408350,
              1764950
            ],
            [
              3408350,
              1764975
            ]
          ],
          [
            [
              3408350,
              1764975
            ],
            [
              3408350,
              1765000
            ]
          ],
          [
            [
              3408350,
              1765000
            ],
            [
              3408350,
              1765025
            ]
          ],
          [
            [
              3408350,
              1765025
            ],
            [
              3408350,
              1765050
            ]
          ],
          [
            [
              3408350,
              1765050
            ],
            [
              3408350,
              1765075
            ]
          ],
          [
            [
              3408350,
              1765075
            ],
            [
              3408350,
              1765100
            ]
          ],
          [
            [
              3408350,
              1765100
            ],
            [
              3408350,
              1765125
            ]
          ],
          [
            [
              3408350,
              1765125
            ],
            [
              3408350,
              1765150
            ]
          ],
          [
            [
              3408350,
              1765150
            ],
            [
              3408350,
              1765175
            ]
          ],
          [
            [
              3408350,
              1765175
            ],
            [
              3408350,
              1765200
            ]
          ],
          [
            [
              3408350,
              1765200
            ],
            [
              3408350,
              1765225
            ]
          ],
          [
            [
              3408350,
              1765225
            ],
            [
              3408350,
              1765250
            ]
          ],
          [
            [
              3408350,
              1765250
            ],
            [
              3408350,
              1765275
            ]
          ],
          [
            [
              3408350,
              1765275
            ],
            [
              3408350,
              1765300
            ]
          ],
          [
            [
              3408350,
              1765300
            ],
            [
              3408350,
              1765325
            ]
          ],
          [
            [
              3408350,
              1765325
            ],
            [
              3408350,
              1765350
            ]
          ],
          [
            [
              3408350,
              1765350
            ],
            [
              3408350,
              1765375
            ]
          ],
          [
            [
              3408350,
              1765375
            ],
            [
              3408350,
              1765400
            ]
          ],
          [
            [
              3408350,
              1765400
            ],
            [
              3408350,
              1765425
            ]
          ],
          [
            [
              3408350,
              1765425
            ],
            [
              3408350,
              1765450
            ]
          ],
          [
            [
              3408350,
              1765450
            ],
            [
              3408350,
              1765475
            ]
          ],
          [
            [
              3408350,
              1765475
            ],
            [
              3408350,
              1765500
            ]
          ],
          [
            [
              3408350,
              1765500
            ],
            [
              3408350,
              1765525
            ]
          ],
          [
            [
              3408350,
              1765525
            ],
            [
              3408325,
              1765525
            ]
          ]
        ]
      }
    }
  ]
}
