{
  "type": "FeatureCollection",
  "schemaVersion": "0.0.0",
  "settlementId": "es-murcia",
  "coordinateReferenceSystem": "EPSG:3035",
  "coordinateUnit": "m",
  "geoJsonProfile": "workbench-projected-v0",
  "sourceMaskSchemaVersion": "0.0.0",
  "sourceViewportIds": [
    "tv-epsg3035-25-w133464-s68944-c303-r295",
    "tv-epsg3035-25-w133486-s69067-c201-r163",
    "tv-epsg3035-25-w133528-s68951-c225-r212",
    "tv-epsg3035-25-w133543-s69037-c152-r147",
    "tv-epsg3035-25-w133543-s69039-c133-r124",
    "tv-epsg3035-25-w133545-s69037-c147-r123",
    "tv-epsg3035-25-w133571-s69041-c98-r139"
  ],
  "features": [
    {
      "type": "Feature",
      "id": "land-0",
      "properties": {
        "settlementId": "es-murcia",
        "kind": "land",
        "clippedByCoverage": true,
        "boundarySourceViewportIds": [
          "tv-epsg3035-25-w133464-s68944-c303-r295"
        ]
      },
      "geometry": {
        "type": "Polygon",
        "coordinates": [
          [
            [
              3336600,
              1723600
            ],
            [
              3336625,
              1723600
            ],
            [
              3336650,
              1723600
            ],
            [
              3336675,
              1723600
            ],
            [
              3336700,
              1723600
            ],
            [
              3336725,
              1723600
            ],
            [
              3336750,
              1723600
            ],
            [
              3336775,
              1723600
            ],
            [
              3336800,
              1723600
            ],
            [
              3336825,
              1723600
            ],
            [
              3336850,
              1723600
            ],
            [
              3336875,
              1723600
            ],
            [
              3336900,
              1723600
            ],
            [
              3336925,
              1723600
            ],
            [
              3336950,
              1723600
            ],
            [
              3336975,
              1723600
            ],
            [
              3337000,
              1723600
            ],
            [
              3337025,
              1723600
            ],
            [
              3337050,
              1723600
            ],
            [
              3337075,
              1723600
            ],
            [
              3337100,
              1723600
            ],
            [
              3337125,
              1723600
            ],
            [
              3337150,
              1723600
            ],
            [
              3337175,
              1723600
            ],
            [
              3337200,
              1723600
            ],
            [
              3337225,
              1723600
            ],
            [
              3337250,
              1723600
            ],
            [
              3337275,
              1723600
            ],
            [
              3337300,
              1723600
            ],
            [
              3337325,
              1723600
            ],
            [
              3337350,
              1723600
            ],
            [
              3337375,
              1723600
            ],
            [
              3337400,
              1723600
            ],
            [
              3337425,
              1723600
            ],
            [
              3337450,
              1723600
            ],
            [
              3337475,
              1723600
            ],
            [
              3337500,
              1723600
            ],
            [
              3337525,
              1723600
            ],
            [
              3337550,
              1723600
            ],
            [
              3337575,
              1723600
            ],
            [
              3337600,
              1723600
            ],
            [
              3337625,
              1723600
            ],
            [
              3337650,
              1723600
            ],
            [
              3337675,
              1723600
            ],
            [
              3337700,
              1723600
            ],
            [
              3337725,
              1723600
            ],
            [
              3337750,
              1723600
            ],
            [
              3337775,
              1723600
            ],
            [
              3337800,
              1723600
            ],
            [
              3337825,
              1723600
            ],
            [
              3337850,
              1723600
            ],
            [
              3337875,
              1723600
            ],
            [
              3337900,
              1723600
            ],
            [
              3337925,
              1723600
            ],
            [
              3337950,
              1723600
            ],
            [
              3337975,
              1723600
            ],
            [
              3338000,
              1723600
            ],
            [
              3338025,
              1723600
            ],
            [
              3338050,
              1723600
            ],
            [
              3338075,
              1723600
            ],
            [
              3338100,
              1723600
            ],
            [
              3338125,
              1723600
            ],
            [
              3338150,
              1723600
            ],
            [
              3338175,
              1723600
            ],
            [
              3338200,
              1723600
            ],
            [
              3338225,
              1723600
            ],
            [
              3338250,
              1723600
            ],
            [
              3338275,
              1723600
            ],
            [
              3338300,
              1723600
            ],
            [
              3338325,
              1723600
            ],
            [
              3338350,
              1723600
            ],
            [
              3338375,
              1723600
            ],
            [
              3338400,
              1723600
            ],
            [
              3338425,
              1723600
            ],
            [
              3338450,
              1723600
            ],
            [
              3338475,
              1723600
            ],
            [
              3338500,
              1723600
            ],
            [
              3338525,
              1723600
            ],
            [
              3338550,
              1723600
            ],
            [
              3338575,
              1723600
            ],
            [
              3338600,
              1723600
            ],
            [
              3338625,
              1723600
            ],
            [
              3338650,
              1723600
            ],
            [
              3338675,
              1723600
            ],
            [
              3338700,
              1723600
            ],
            [
              3338725,
              1723600
            ],
            [
              3338750,
              1723600
            ],
            [
              3338775,
              1723600
            ],
            [
              3338800,
              1723600
            ],
            [
              3338825,
              1723600
            ],
            [
              3338850,
              1723600
            ],
            [
              3338875,
              1723600
            ],
            [
              3338900,
              1723600
            ],
            [
              3338925,
              1723600
            ],
            [
              3338950,
              1723600
            ],
            [
              3338975,
              1723600
            ],
            [
              3339000,
              1723600
            ],
            [
              3339025,
              1723600
            ],
            [
              3339050,
              1723600
            ],
            [
              3339075,
              1723600
            ],
            [
              3339100,
              1723600
            ],
            [
              3339125,
              1723600
            ],
            [
              3339150,
              1723600
            ],
            [
              3339175,
              1723600
            ],
            [
              3339200,
              1723600
            ],
            [
              3339225,
              1723600
            ],
            [
              3339250,
              1723600
            ],
            [
              3339275,
              1723600
            ],
            [
              3339300,
              1723600
            ],
            [
              3339325,
              1723600
            ],
            [
              3339350,
              1723600
            ],
            [
              3339375,
              1723600
            ],
            [
              3339400,
              1723600
            ],
            [
              3339425,
              1723600
            ],
            [
              3339450,
              1723600
            ],
            [
              3339475,
              1723600
            ],
            [
              3339500,
              1723600
            ],
            [
              3339525,
              1723600
            ],
            [
              3339550,
              1723600
            ],
            [
              3339575,
              1723600
            ],
            [
              3339600,
              1723600
            ],
            [
              3339625,
              1723600
            ],
            [
              3339650,
              1723600
            ],
            [
              3339675,
              1723600
            ],
            [
              3339700,
              1723600
            ],
            [
              3339725,
              1723600
            ],
            [
              3339750,
              1723600
            ],
            [
              3339775,
              1723600
            ],
            [
              3339800,
              1723600
            ],
            [
              3339825,
              1723600
            ],
            [
              3339850,
              1723600
            ],
            [
              3339875,
              1723600
            ],
            [
              3339900,
              1723600
            ],
            [
              3339925,
              1723600
            ],
            [
              3339950,
              1723600
            ],
            [
              3339975,
              1723600
            ],
            [
              3340000,
              1723600
            ],
            [
              3340025,
              1723600
            ],
            [
              3340050,
              1723600
            ],
            [
              3340075,
              1723600
            ],
            [
              3340100,
              1723600
            ],
            [
              3340125,
              1723600
            ],
            [
              3340150,
              1723600
            ],
            [
              3340175,
              1723600
            ],
            [
              3340200,
              1723600
            ],
            [
              3340225,
              1723600
            ],
            [
              3340250,
              1723600
            ],
            [
              3340275,
              1723600
            ],
            [
              3340300,
              1723600
            ],
            [
              3340325,
              1723600
            ],
            [
              3340350,
              1723600
            ],
            [
              3340375,
              1723600
            ],
            [
              3340400,
              1723600
            ],
            [
              3340425,
              1723600
            ],
            [
              3340450,
              1723600
            ],
            [
              3340475,
              1723600
            ],
            [
              3340500,
              1723600
            ],
            [
              3340525,
              1723600
            ],
            [
              3340550,
              1723600
            ],
            [
              3340575,
              1723600
            ],
            [
              3340600,
              1723600
            ],
            [
              3340625,
              1723600
            ],
            [
              3340650,
              1723600
            ],
            [
              3340675,
              1723600
            ],
            [
              3340700,
              1723600
            ],
            [
              3340725,
              1723600
            ],
            [
              3340750,
              1723600
            ],
            [
              3340775,
              1723600
            ],
            [
              3340800,
              1723600
            ],
            [
              3340825,
              1723600
            ],
            [
              3340850,
              1723600
            ],
            [
              3340875,
              1723600
            ],
            [
              3340900,
              1723600
            ],
            [
              3340925,
              1723600
            ],
            [
              3340950,
              1723600
            ],
            [
              3340975,
              1723600
            ],
            [
              3341000,
              1723600
            ],
            [
              3341025,
              1723600
            ],
            [
              3341050,
              1723600
            ],
            [
              3341075,
              1723600
            ],
            [
              3341100,
              1723600
            ],
            [
              3341125,
              1723600
            ],
            [
              3341150,
              1723600
            ],
            [
              3341175,
              1723600
            ],
            [
              3341200,
              1723600
            ],
            [
              3341225,
              1723600
            ],
            [
              3341250,
              1723600
            ],
            [
              3341275,
              1723600
            ],
            [
              3341300,
              1723600
            ],
            [
              3341325,
              1723600
            ],
            [
              3341350,
              1723600
            ],
            [
              3341375,
              1723600
            ],
            [
              3341400,
              1723600
            ],
            [
              3341425,
              1723600
            ],
            [
              3341450,
              1723600
            ],
            [
              3341475,
              1723600
            ],
            [
              3341500,
              1723600
            ],
            [
              3341525,
              1723600
            ],
            [
              3341550,
              1723600
            ],
            [
              3341575,
              1723600
            ],
            [
              3341600,
              1723600
            ],
            [
              3341625,
              1723600
            ],
            [
              3341650,
              1723600
            ],
            [
              3341675,
              1723600
            ],
            [
              3341700,
              1723600
            ],
            [
              3341725,
              1723600
            ],
            [
              3341750,
              1723600
            ],
            [
              3341775,
              1723600
            ],
            [
              3341800,
              1723600
            ],
            [
              3341825,
              1723600
            ],
            [
              3341850,
              1723600
            ],
            [
              3341875,
              1723600
            ],
            [
              3341900,
              1723600
            ],
            [
              3341925,
              1723600
            ],
            [
              3341950,
              1723600
            ],
            [
              3341975,
              1723600
            ],
            [
              3342000,
              1723600
            ],
            [
              3342025,
              1723600
            ],
            [
              3342050,
              1723600
            ],
            [
              3342075,
              1723600
            ],
            [
              3342100,
              1723600
            ],
            [
              3342125,
              1723600
            ],
            [
              3342150,
              1723600
            ],
            [
              3342175,
              1723600
            ],
            [
              3342200,
              1723600
            ],
            [
              3342225,
              1723600
            ],
            [
              3342250,
              1723600
            ],
            [
              3342275,
              1723600
            ],
            [
              3342300,
              1723600
            ],
            [
              3342325,
              1723600
            ],
            [
              3342350,
              1723600
            ],
            [
              3342375,
              1723600
            ],
            [
              3342400,
              1723600
            ],
            [
              3342425,
              1723600
            ],
            [
              3342450,
              1723600
            ],
            [
              3342475,
              1723600
            ],
            [
              3342500,
              1723600
            ],
            [
              3342525,
              1723600
            ],
            [
              3342550,
              1723600
            ],
            [
              3342575,
              1723600
            ],
            [
              3342600,
              1723600
            ],
            [
              3342625,
              1723600
            ],
            [
              3342650,
              1723600
            ],
            [
              3342675,
              1723600
            ],
            [
              3342700,
              1723600
            ],
            [
              3342725,
              1723600
            ],
            [
              3342750,
              1723600
            ],
            [
              3342775,
              1723600
            ],
            [
              3342800,
              1723600
            ],
            [
              3342825,
              1723600
            ],
            [
              3342850,
              1723600
            ],
            [
              3342875,
              1723600
            ],
            [
              3342900,
              1723600
            ],
            [
              3342925,
              1723600
            ],
            [
              3342950,
              1723600
            ],
            [
              3342975,
              1723600
            ],
            [
              3343000,
              1723600
            ],
            [
              3343025,
              1723600
            ],
            [
              3343050,
              1723600
            ],
            [
              3343075,
              1723600
            ],
            [
              3343100,
              1723600
            ],
            [
              3343125,
              1723600
            ],
            [
              3343150,
              1723600
            ],
            [
              3343175,
              1723600
            ],
            [
              3343200,
              1723600
            ],
            [
              3343225,
              1723600
            ],
            [
              3343250,
              1723600
            ],
            [
              3343275,
              1723600
            ],
            [
              3343300,
              1723600
            ],
            [
              3343325,
              1723600
            ],
            [
              3343350,
              1723600
            ],
            [
              3343375,
              1723600
            ],
            [
              3343400,
              1723600
            ],
            [
              3343425,
              1723600
            ],
            [
              3343450,
              1723600
            ],
            [
              3343475,
              1723600
            ],
            [
              3343500,
              1723600
            ],
            [
              3343525,
              1723600
            ],
            [
              3343550,
              1723600
            ],
            [
              3343575,
              1723600
            ],
            [
              3343600,
              1723600
            ],
            [
              3343625,
              1723600
            ],
            [
              3343650,
              1723600
            ],
            [
              3343675,
              1723600
            ],
            [
              3343700,
              1723600
            ],
            [
              3343725,
              1723600
            ],
            [
              3343750,
              1723600
            ],
            [
              3343775,
              1723600
            ],
            [
              3343800,
              1723600
            ],
            [
              3343825,
              1723600
            ],
            [
              3343850,
              1723600
            ],
            [
              3343875,
              1723600
            ],
            [
              3343900,
              1723600
            ],
            [
              3343925,
              1723600
            ],
            [
              3343950,
              1723600
            ],
            [
              3343975,
              1723600
            ],
            [
              3344000,
              1723600
            ],
            [
              3344025,
              1723600
            ],
            [
              3344050,
              1723600
            ],
            [
              3344075,
              1723600
            ],
            [
              3344100,
              1723600
            ],
            [
              3344125,
              1723600
            ],
            [
              3344150,
              1723600
            ],
            [
              3344175,
              1723600
            ],
            [
              3344175,
              1723625
            ],
            [
              3344175,
              1723650
            ],
            [
              3344175,
              1723675
            ],
            [
              3344175,
              1723700
            ],
            [
              3344175,
              1723725
            ],
            [
              3344175,
              1723750
            ],
            [
              3344175,
              1723775
            ],
            [
              3344175,
              1723800
            ],
            [
              3344175,
              1723825
            ],
            [
              3344175,
              1723850
            ],
            [
              3344175,
              1723875
            ],
            [
              3344175,
              1723900
            ],
            [
              3344175,
              1723925
            ],
            [
              3344175,
              1723950
            ],
            [
              3344175,
              1723975
            ],
            [
              3344175,
              1724000
            ],
            [
              3344175,
              1724025
            ],
            [
              3344175,
              1724050
            ],
            [
              3344175,
              1724075
            ],
            [
              3344175,
              1724100
            ],
            [
              3344175,
              1724125
            ],
            [
              3344175,
              1724150
            ],
            [
              3344175,
              1724175
            ],
            [
              3344175,
              1724200
            ],
            [
              3344175,
              1724225
            ],
            [
              3344175,
              1724250
            ],
            [
              3344175,
              1724275
            ],
            [
              3344175,
              1724300
            ],
            [
              3344175,
              1724325
            ],
            [
              3344175,
              1724350
            ],
            [
              3344175,
              1724375
            ],
            [
              3344175,
              1724400
            ],
            [
              3344175,
              1724425
            ],
            [
              3344175,
              1724450
            ],
            [
              3344175,
              1724475
            ],
            [
              3344175,
              1724500
            ],
            [
              3344175,
              1724525
            ],
            [
              3344175,
              1724550
            ],
            [
              3344175,
              1724575
            ],
            [
              3344175,
              1724600
            ],
            [
              3344175,
              1724625
            ],
            [
              3344175,
              1724650
            ],
            [
              3344175,
              1724675
            ],
            [
              3344175,
              1724700
            ],
            [
              3344175,
              1724725
            ],
            [
              3344175,
              1724750
            ],
            [
              3344175,
              1724775
            ],
            [
              3344175,
              1724800
            ],
            [
              3344175,
              1724825
            ],
            [
              3344175,
              1724850
            ],
            [
              3344175,
              1724875
            ],
            [
              3344175,
              1724900
            ],
            [
              3344175,
              1724925
            ],
            [
              3344175,
              1724950
            ],
            [
              3344175,
              1724975
            ],
            [
              3344175,
              1725000
            ],
            [
              3344175,
              1725025
            ],
            [
              3344175,
              1725050
            ],
            [
              3344175,
              1725075
            ],
            [
              3344175,
              1725100
            ],
            [
              3344175,
              1725125
            ],
            [
              3344175,
              1725150
            ],
            [
              3344175,
              1725175
            ],
            [
              3344175,
              1725200
            ],
            [
              3344175,
              1725225
            ],
            [
              3344175,
              1725250
            ],
            [
              3344175,
              1725275
            ],
            [
              3344175,
              1725300
            ],
            [
              3344175,
              1725325
            ],
            [
              3344175,
              1725350
            ],
            [
              3344175,
              1725375
            ],
            [
              3344175,
              1725400
            ],
            [
              3344175,
              1725425
            ],
            [
              3344175,
              1725450
            ],
            [
              3344175,
              1725475
            ],
            [
              3344175,
              1725500
            ],
            [
              3344175,
              1725525
            ],
            [
              3344175,
              1725550
            ],
            [
              3344175,
              1725575
            ],
            [
              3344175,
              1725600
            ],
            [
              3344175,
              1725625
            ],
            [
              3344175,
              1725650
            ],
            [
              3344175,
              1725675
            ],
            [
              3344175,
              1725700
            ],
            [
              3344175,
              1725725
            ],
            [
              3344175,
              1725750
            ],
            [
              3344175,
              1725775
            ],
            [
              3344175,
              1725800
            ],
            [
              3344175,
              1725825
            ],
            [
              3344175,
              1725850
            ],
            [
              3344175,
              1725875
            ],
            [
              3344175,
              1725900
            ],
            [
              3344175,
              1725925
            ],
            [
              3344175,
              1725950
            ],
            [
              3344175,
              1725975
            ],
            [
              3344175,
              1726000
            ],
            [
              3344175,
              1726025
            ],
            [
              3344175,
              1726050
            ],
            [
              3344175,
              1726075
            ],
            [
              3344175,
              1726100
            ],
            [
              3344175,
              1726125
            ],
            [
              3344175,
              1726150
            ],
            [
              3344175,
              1726175
            ],
            [
              3344175,
              1726200
            ],
            [
              3344175,
              1726225
            ],
            [
              3344175,
              1726250
            ],
            [
              3344175,
              1726275
            ],
            [
              3344175,
              1726300
            ],
            [
              3344175,
              1726325
            ],
            [
              3344175,
              1726350
            ],
            [
              3344175,
              1726375
            ],
            [
              3344175,
              1726400
            ],
            [
              3344175,
              1726425
            ],
            [
              3344175,
              1726450
            ],
            [
              3344175,
              1726475
            ],
            [
              3344175,
              1726500
            ],
            [
              3344175,
              1726525
            ],
            [
              3344175,
              1726550
            ],
            [
              3344175,
              1726575
            ],
            [
              3344175,
              1726600
            ],
            [
              3344175,
              1726625
            ],
            [
              3344175,
              1726650
            ],
            [
              3344175,
              1726675
            ],
            [
              3344175,
              1726700
            ],
            [
              3344175,
              1726725
            ],
            [
              3344175,
              1726750
            ],
            [
              3344175,
              1726775
            ],
            [
              3344175,
              1726800
            ],
            [
              3344175,
              1726825
            ],
            [
              3344175,
              1726850
            ],
            [
              3344175,
              1726875
            ],
            [
              3344175,
              1726900
            ],
            [
              3344175,
              1726925
            ],
            [
              3344175,
              1726950
            ],
            [
              3344175,
              1726975
            ],
            [
              3344175,
              1727000
            ],
            [
              3344175,
              1727025
            ],
            [
              3344175,
              1727050
            ],
            [
              3344175,
              1727075
            ],
            [
              3344175,
              1727100
            ],
            [
              3344175,
              1727125
            ],
            [
              3344175,
              1727150
            ],
            [
              3344175,
              1727175
            ],
            [
              3344175,
              1727200
            ],
            [
              3344175,
              1727225
            ],
            [
              3344175,
              1727250
            ],
            [
              3344175,
              1727275
            ],
            [
              3344175,
              1727300
            ],
            [
              3344175,
              1727325
            ],
            [
              3344175,
              1727350
            ],
            [
              3344175,
              1727375
            ],
            [
              3344175,
              1727400
            ],
            [
              3344175,
              1727425
            ],
            [
              3344175,
              1727450
            ],
            [
              3344175,
              1727475
            ],
            [
              3344175,
              1727500
            ],
            [
              3344175,
              1727525
            ],
            [
              3344175,
              1727550
            ],
            [
              3344175,
              1727575
            ],
            [
              3344175,
              1727600
            ],
            [
              3344175,
              1727625
            ],
            [
              3344175,
              1727650
            ],
            [
              3344175,
              1727675
            ],
            [
              3344175,
              1727700
            ],
            [
              3344175,
              1727725
            ],
            [
              3344175,
              1727750
            ],
            [
              3344175,
              1727775
            ],
            [
              3344175,
              1727800
            ],
            [
              3344175,
              1727825
            ],
            [
              3344175,
              1727850
            ],
            [
              3344175,
              1727875
            ],
            [
              3344175,
              1727900
            ],
            [
              3344175,
              1727925
            ],
            [
              3344175,
              1727950
            ],
            [
              3344175,
              1727975
            ],
            [
              3344175,
              1728000
            ],
            [
              3344175,
              1728025
            ],
            [
              3344175,
              1728050
            ],
            [
              3344175,
              1728075
            ],
            [
              3344175,
              1728100
            ],
            [
              3344175,
              1728125
            ],
            [
              3344175,
              1728150
            ],
            [
              3344175,
              1728175
            ],
            [
              3344175,
              1728200
            ],
            [
              3344175,
              1728225
            ],
            [
              3344175,
              1728250
            ],
            [
              3344175,
              1728275
            ],
            [
              3344175,
              1728300
            ],
            [
              3344175,
              1728325
            ],
            [
              3344175,
              1728350
            ],
            [
              3344175,
              1728375
            ],
            [
              3344175,
              1728400
            ],
            [
              3344175,
              1728425
            ],
            [
              3344175,
              1728450
            ],
            [
              3344175,
              1728475
            ],
            [
              3344175,
              1728500
            ],
            [
              3344175,
              1728525
            ],
            [
              3344175,
              1728550
            ],
            [
              3344175,
              1728575
            ],
            [
              3344175,
              1728600
            ],
            [
              3344175,
              1728625
            ],
            [
              3344175,
              1728650
            ],
            [
              3344175,
              1728675
            ],
            [
              3344175,
              1728700
            ],
            [
              3344175,
              1728725
            ],
            [
              3344175,
              1728750
            ],
            [
              3344175,
              1728775
            ],
            [
              3344175,
              1728800
            ],
            [
              3344175,
              1728825
            ],
            [
              3344175,
              1728850
            ],
            [
              3344175,
              1728875
            ],
            [
              3344175,
              1728900
            ],
            [
              3344175,
              1728925
            ],
            [
              3344175,
              1728950
            ],
            [
              3344175,
              1728975
            ],
            [
              3344175,
              1729000
            ],
            [
              3344175,
              1729025
            ],
            [
              3344175,
              1729050
            ],
            [
              3344175,
              1729075
            ],
            [
              3344175,
              1729100
            ],
            [
              3344175,
              1729125
            ],
            [
              3344175,
              1729150
            ],
            [
              3344175,
              1729175
            ],
            [
              3344175,
              1729200
            ],
            [
              3344175,
              1729225
            ],
            [
              3344175,
              1729250
            ],
            [
              3344175,
              1729275
            ],
            [
              3344175,
              1729300
            ],
            [
              3344175,
              1729325
            ],
            [
              3344175,
              1729350
            ],
            [
              3344175,
              1729375
            ],
            [
              3344175,
              1729400
            ],
            [
              3344175,
              1729425
            ],
            [
              3344175,
              1729450
            ],
            [
              3344175,
              1729475
            ],
            [
              3344175,
              1729500
            ],
            [
              3344175,
              1729525
            ],
            [
              3344175,
              1729550
            ],
            [
              3344175,
              1729575
            ],
            [
              3344175,
              1729600
            ],
            [
              3344175,
              1729625
            ],
            [
              3344175,
              1729650
            ],
            [
              3344175,
              1729675
            ],
            [
              3344175,
              1729700
            ],
            [
              3344175,
              1729725
            ],
            [
              3344175,
              1729750
            ],
            [
              3344175,
              1729775
            ],
            [
              3344175,
              1729800
            ],
            [
              3344175,
              1729825
            ],
            [
              3344175,
              1729850
            ],
            [
              3344175,
              1729875
            ],
            [
              3344175,
              1729900
            ],
            [
              3344175,
              1729925
            ],
            [
              3344175,
              1729950
            ],
            [
              3344175,
              1729975
            ],
            [
              3344175,
              1730000
            ],
            [
              3344175,
              1730025
            ],
            [
              3344175,
              1730050
            ],
            [
              3344175,
              1730075
            ],
            [
              3344175,
              1730100
            ],
            [
              3344175,
              1730125
            ],
            [
              3344175,
              1730150
            ],
            [
              3344175,
              1730175
            ],
            [
              3344175,
              1730200
            ],
            [
              3344175,
              1730225
            ],
            [
              3344175,
              1730250
            ],
            [
              3344175,
              1730275
            ],
            [
              3344175,
              1730300
            ],
            [
              3344175,
              1730325
            ],
            [
              3344175,
              1730350
            ],
            [
              3344175,
              1730375
            ],
            [
              3344175,
              1730400
            ],
            [
              3344175,
              1730425
            ],
            [
              3344175,
              1730450
            ],
            [
              3344175,
              1730475
            ],
            [
              3344175,
              1730500
            ],
            [
              3344175,
              1730525
            ],
            [
              3344175,
              1730550
            ],
            [
              3344175,
              1730575
            ],
            [
              3344175,
              1730600
            ],
            [
              3344175,
              1730625
            ],
            [
              3344175,
              1730650
            ],
            [
              3344175,
              1730675
            ],
            [
              3344175,
              1730700
            ],
            [
              3344175,
              1730725
            ],
            [
              3344175,
              1730750
            ],
            [
              3344175,
              1730775
            ],
            [
              3344175,
              1730800
            ],
            [
              3344175,
              1730825
            ],
            [
              3344175,
              1730850
            ],
            [
              3344175,
              1730875
            ],
            [
              3344175,
              1730900
            ],
            [
              3344175,
              1730925
            ],
            [
              3344175,
              1730950
            ],
            [
              3344175,
              1730975
            ],
            [
              3344150,
              1730975
            ],
            [
              3344125,
              1730975
            ],
            [
              3344100,
              1730975
            ],
            [
              3344075,
              1730975
            ],
            [
              3344050,
              1730975
            ],
            [
              3344025,
              1730975
            ],
            [
              3344000,
              1730975
            ],
            [
              3343975,
              1730975
            ],
            [
              3343950,
              1730975
            ],
            [
              3343925,
              1730975
            ],
            [
              3343900,
              1730975
            ],
            [
              3343875,
              1730975
            ],
            [
              3343850,
              1730975
            ],
            [
              3343825,
              1730975
            ],
            [
              3343800,
              1730975
            ],
            [
              3343775,
              1730975
            ],
            [
              3343750,
              1730975
            ],
            [
              3343725,
              1730975
            ],
            [
              3343700,
              1730975
            ],
            [
              3343675,
              1730975
            ],
            [
              3343650,
              1730975
            ],
            [
              3343625,
              1730975
            ],
            [
              3343600,
              1730975
            ],
            [
              3343575,
              1730975
            ],
            [
              3343550,
              1730975
            ],
            [
              3343525,
              1730975
            ],
            [
              3343500,
              1730975
            ],
            [
              3343475,
              1730975
            ],
            [
              3343450,
              1730975
            ],
            [
              3343425,
              1730975
            ],
            [
              3343400,
              1730975
            ],
            [
              3343375,
              1730975
            ],
            [
              3343350,
              1730975
            ],
            [
              3343325,
              1730975
            ],
            [
              3343300,
              1730975
            ],
            [
              3343275,
              1730975
            ],
            [
              3343250,
              1730975
            ],
            [
              3343225,
              1730975
            ],
            [
              3343200,
              1730975
            ],
            [
              3343175,
              1730975
            ],
            [
              3343150,
              1730975
            ],
            [
              3343125,
              1730975
            ],
            [
              3343100,
              1730975
            ],
            [
              3343075,
              1730975
            ],
            [
              3343050,
              1730975
            ],
            [
              3343025,
              1730975
            ],
            [
              3343000,
              1730975
            ],
            [
              3342975,
              1730975
            ],
            [
              3342950,
              1730975
            ],
            [
              3342925,
              1730975
            ],
            [
              3342900,
              1730975
            ],
            [
              3342875,
              1730975
            ],
            [
              3342850,
              1730975
            ],
            [
              3342825,
              1730975
            ],
            [
              3342800,
              1730975
            ],
            [
              3342775,
              1730975
            ],
            [
              3342750,
              1730975
            ],
            [
              3342725,
              1730975
            ],
            [
              3342700,
              1730975
            ],
            [
              3342675,
              1730975
            ],
            [
              3342650,
              1730975
            ],
            [
              3342625,
              1730975
            ],
            [
              3342600,
              1730975
            ],
            [
              3342575,
              1730975
            ],
            [
              3342550,
              1730975
            ],
            [
              3342525,
              1730975
            ],
            [
              3342500,
              1730975
            ],
            [
              3342475,
              1730975
            ],
            [
              3342450,
              1730975
            ],
            [
              3342425,
              1730975
            ],
            [
              3342400,
              1730975
            ],
            [
              3342375,
              1730975
            ],
            [
              3342350,
              1730975
            ],
            [
              3342325,
              1730975
            ],
            [
              3342300,
              1730975
            ],
            [
              3342275,
              1730975
            ],
            [
              3342250,
              1730975
            ],
            [
              3342225,
              1730975
            ],
            [
              3342200,
              1730975
            ],
            [
              3342175,
              1730975
            ],
            [
              3342150,
              1730975
            ],
            [
              3342125,
              1730975
            ],
            [
              3342100,
              1730975
            ],
            [
              3342075,
              1730975
            ],
            [
              3342050,
              1730975
            ],
            [
              3342025,
              1730975
            ],
            [
              3342000,
              1730975
            ],
            [
              3341975,
              1730975
            ],
            [
              3341950,
              1730975
            ],
            [
              3341925,
              1730975
            ],
            [
              3341900,
              1730975
            ],
            [
              3341875,
              1730975
            ],
            [
              3341850,
              1730975
            ],
            [
              3341825,
              1730975
            ],
            [
              3341800,
              1730975
            ],
            [
              3341775,
              1730975
            ],
            [
              3341750,
              1730975
            ],
            [
              3341725,
              1730975
            ],
            [
              3341700,
              1730975
            ],
            [
              3341675,
              1730975
            ],
            [
              3341650,
              1730975
            ],
            [
              3341625,
              1730975
            ],
            [
              3341600,
              1730975
            ],
            [
              3341575,
              1730975
            ],
            [
              3341550,
              1730975
            ],
            [
              3341525,
              1730975
            ],
            [
              3341500,
              1730975
            ],
            [
              3341475,
              1730975
            ],
            [
              3341450,
              1730975
            ],
            [
              3341425,
              1730975
            ],
            [
              3341400,
              1730975
            ],
            [
              3341375,
              1730975
            ],
            [
              3341350,
              1730975
            ],
            [
              3341325,
              1730975
            ],
            [
              3341300,
              1730975
            ],
            [
              3341275,
              1730975
            ],
            [
              3341250,
              1730975
            ],
            [
              3341225,
              1730975
            ],
            [
              3341200,
              1730975
            ],
            [
              3341175,
              1730975
            ],
            [
              3341150,
              1730975
            ],
            [
              3341125,
              1730975
            ],
            [
              3341100,
              1730975
            ],
            [
              3341075,
              1730975
            ],
            [
              3341050,
              1730975
            ],
            [
              3341025,
              1730975
            ],
            [
              3341000,
              1730975
            ],
            [
              3340975,
              1730975
            ],
            [
              3340950,
              1730975
            ],
            [
              3340925,
              1730975
            ],
            [
              3340900,
              1730975
            ],
            [
              3340875,
              1730975
            ],
            [
              3340850,
              1730975
            ],
            [
              3340825,
              1730975
            ],
            [
              3340800,
              1730975
            ],
            [
              3340775,
              1730975
            ],
            [
              3340750,
              1730975
            ],
            [
              3340725,
              1730975
            ],
            [
              3340700,
              1730975
            ],
            [
              3340675,
              1730975
            ],
            [
              3340650,
              1730975
            ],
            [
              3340625,
              1730975
            ],
            [
              3340600,
              1730975
            ],
            [
              3340575,
              1730975
            ],
            [
              3340550,
              1730975
            ],
            [
              3340525,
              1730975
            ],
            [
              3340500,
              1730975
            ],
            [
              3340475,
              1730975
            ],
            [
              3340450,
              1730975
            ],
            [
              3340425,
              1730975
            ],
            [
              3340400,
              1730975
            ],
            [
              3340375,
              1730975
            ],
            [
              3340350,
              1730975
            ],
            [
              3340325,
              1730975
            ],
            [
              3340300,
              1730975
            ],
            [
              3340275,
              1730975
            ],
            [
              3340250,
              1730975
            ],
            [
              3340225,
              1730975
            ],
            [
              3340200,
              1730975
            ],
            [
              3340175,
              1730975
            ],
            [
              3340150,
              1730975
            ],
            [
              3340125,
              1730975
            ],
            [
              3340100,
              1730975
            ],
            [
              3340075,
              1730975
            ],
            [
              3340050,
              1730975
            ],
            [
              3340025,
              1730975
            ],
            [
              3340000,
              1730975
            ],
            [
              3339975,
              1730975
            ],
            [
              3339950,
              1730975
            ],
            [
              3339925,
              1730975
            ],
            [
              3339900,
              1730975
            ],
            [
              3339875,
              1730975
            ],
            [
              3339850,
              1730975
            ],
            [
              3339825,
              1730975
            ],
            [
              3339800,
              1730975
            ],
            [
              3339775,
              1730975
            ],
            [
              3339750,
              1730975
            ],
            [
              3339725,
              1730975
            ],
            [
              3339700,
              1730975
            ],
            [
              3339675,
              1730975
            ],
            [
              3339650,
              1730975
            ],
            [
              3339625,
              1730975
            ],
            [
              3339600,
              1730975
            ],
            [
              3339575,
              1730975
            ],
            [
              3339550,
              1730975
            ],
            [
              3339525,
              1730975
            ],
            [
              3339500,
              1730975
            ],
            [
              3339475,
              1730975
            ],
            [
              3339450,
              1730975
            ],
            [
              3339425,
              1730975
            ],
            [
              3339400,
              1730975
            ],
            [
              3339375,
              1730975
            ],
            [
              3339350,
              1730975
            ],
            [
              3339325,
              1730975
            ],
            [
              3339300,
              1730975
            ],
            [
              3339275,
              1730975
            ],
            [
              3339250,
              1730975
            ],
            [
              3339225,
              1730975
            ],
            [
              3339200,
              1730975
            ],
            [
              3339175,
              1730975
            ],
            [
              3339150,
              1730975
            ],
            [
              3339125,
              1730975
            ],
            [
              3339100,
              1730975
            ],
            [
              3339075,
              1730975
            ],
            [
              3339050,
              1730975
            ],
            [
              3339025,
              1730975
            ],
            [
              3339000,
              1730975
            ],
            [
              3338975,
              1730975
            ],
            [
              3338950,
              1730975
            ],
            [
              3338925,
              1730975
            ],
            [
              3338900,
              1730975
            ],
            [
              3338875,
              1730975
            ],
            [
              3338850,
              1730975
            ],
            [
              3338825,
              1730975
            ],
            [
              3338800,
              1730975
            ],
            [
              3338775,
              1730975
            ],
            [
              3338750,
              1730975
            ],
            [
              3338725,
              1730975
            ],
            [
              3338700,
              1730975
            ],
            [
              3338675,
              1730975
            ],
            [
              3338650,
              1730975
            ],
            [
              3338625,
              1730975
            ],
            [
              3338600,
              1730975
            ],
            [
              3338575,
              1730975
            ],
            [
              3338550,
              1730975
            ],
            [
              3338525,
              1730975
            ],
            [
              3338500,
              1730975
            ],
            [
              3338475,
              1730975
            ],
            [
              3338450,
              1730975
            ],
            [
              3338425,
              1730975
            ],
            [
              3338400,
              1730975
            ],
            [
              3338375,
              1730975
            ],
            [
              3338350,
              1730975
            ],
            [
              3338325,
              1730975
            ],
            [
              3338300,
              1730975
            ],
            [
              3338275,
              1730975
            ],
            [
              3338250,
              1730975
            ],
            [
              3338225,
              1730975
            ],
            [
              3338200,
              1730975
            ],
            [
              3338175,
              1730975
            ],
            [
              3338150,
              1730975
            ],
            [
              3338125,
              1730975
            ],
            [
              3338100,
              1730975
            ],
            [
              3338075,
              1730975
            ],
            [
              3338050,
              1730975
            ],
            [
              3338025,
              1730975
            ],
            [
              3338000,
              1730975
            ],
            [
              3337975,
              1730975
            ],
            [
              3337950,
              1730975
            ],
            [
              3337925,
              1730975
            ],
            [
              3337900,
              1730975
            ],
            [
              3337875,
              1730975
            ],
            [
              3337850,
              1730975
            ],
            [
              3337825,
              1730975
            ],
            [
              3337800,
              1730975
            ],
            [
              3337775,
              1730975
            ],
            [
              3337750,
              1730975
            ],
            [
              3337725,
              1730975
            ],
            [
              3337700,
              1730975
            ],
            [
              3337675,
              1730975
            ],
            [
              3337650,
              1730975
            ],
            [
              3337625,
              1730975
            ],
            [
              3337600,
              1730975
            ],
            [
              3337575,
              1730975
            ],
            [
              3337550,
              1730975
            ],
            [
              3337525,
              1730975
            ],
            [
              3337500,
              1730975
            ],
            [
              3337475,
              1730975
            ],
            [
              3337450,
              1730975
            ],
            [
              3337425,
              1730975
            ],
            [
              3337400,
              1730975
            ],
            [
              3337375,
              1730975
            ],
            [
              3337350,
              1730975
            ],
            [
              3337325,
              1730975
            ],
            [
              3337300,
              1730975
            ],
            [
              3337275,
              1730975
            ],
            [
              3337250,
              1730975
            ],
            [
              3337225,
              1730975
            ],
            [
              3337200,
              1730975
            ],
            [
              3337175,
              1730975
            ],
            [
              3337150,
              1730975
            ],
            [
              3337125,
              1730975
            ],
            [
              3337100,
              1730975
            ],
            [
              3337075,
              1730975
            ],
            [
              3337050,
              1730975
            ],
            [
              3337025,
              1730975
            ],
            [
              3337000,
              1730975
            ],
            [
              3336975,
              1730975
            ],
            [
              3336950,
              1730975
            ],
            [
              3336925,
              1730975
            ],
            [
              3336900,
              1730975
            ],
            [
              3336875,
              1730975
            ],
            [
              3336850,
              1730975
            ],
            [
              3336825,
              1730975
            ],
            [
              3336800,
              1730975
            ],
            [
              3336775,
              1730975
            ],
            [
              3336750,
              1730975
            ],
            [
              3336725,
              1730975
            ],
            [
              3336700,
              1730975
            ],
            [
              3336675,
              1730975
            ],
            [
              3336650,
              1730975
            ],
            [
              3336625,
              1730975
            ],
            [
              3336600,
              1730975
            ],
            [
              3336600,
              1730950
            ],
            [
              3336600,
              1730925
            ],
            [
              3336600,
              1730900
            ],
            [
              3336600,
              1730875
            ],
            [
              3336600,
              1730850
            ],
            [
              3336600,
              1730825
            ],
            [
              3336600,
              1730800
            ],
            [
              3336600,
              1730775
            ],
            [
              3336600,
              1730750
            ],
            [
              3336600,
              1730725
            ],
            [
              3336600,
              1730700
            ],
            [
              3336600,
              1730675
            ],
            [
              3336600,
              1730650
            ],
            [
              3336600,
              1730625
            ],
            [
              3336600,
              1730600
            ],
            [
              3336600,
              1730575
            ],
            [
              3336600,
              1730550
            ],
            [
              3336600,
              1730525
            ],
            [
              3336600,
              1730500
            ],
            [
              3336600,
              1730475
            ],
            [
              3336600,
              1730450
            ],
            [
              3336600,
              1730425
            ],
            [
              3336600,
              1730400
            ],
            [
              3336600,
              1730375
            ],
            [
              3336600,
              1730350
            ],
            [
              3336600,
              1730325
            ],
            [
              3336600,
              1730300
            ],
            [
              3336600,
              1730275
            ],
            [
              3336600,
              1730250
            ],
            [
              3336600,
              1730225
            ],
            [
              3336600,
              1730200
            ],
            [
              3336600,
              1730175
            ],
            [
              3336600,
              1730150
            ],
            [
              3336600,
              1730125
            ],
            [
              3336600,
              1730100
            ],
            [
              3336600,
              1730075
            ],
            [
              3336600,
              1730050
            ],
            [
              3336600,
              1730025
            ],
            [
              3336600,
              1730000
            ],
            [
              3336600,
              1729975
            ],
            [
              3336600,
              1729950
            ],
            [
              3336600,
              1729925
            ],
            [
              3336600,
              1729900
            ],
            [
              3336600,
              1729875
            ],
            [
              3336600,
              1729850
            ],
            [
              3336600,
              1729825
            ],
            [
              3336600,
              1729800
            ],
            [
              3336600,
              1729775
            ],
            [
              3336600,
              1729750
            ],
            [
              3336600,
              1729725
            ],
            [
              3336600,
              1729700
            ],
            [
              3336600,
              1729675
            ],
            [
              3336600,
              1729650
            ],
            [
              3336600,
              1729625
            ],
            [
              3336600,
              1729600
            ],
            [
              3336600,
              1729575
            ],
            [
              3336600,
              1729550
            ],
            [
              3336600,
              1729525
            ],
            [
              3336600,
              1729500
            ],
            [
              3336600,
              1729475
            ],
            [
              3336600,
              1729450
            ],
            [
              3336600,
              1729425
            ],
            [
              3336600,
              1729400
            ],
            [
              3336600,
              1729375
            ],
            [
              3336600,
              1729350
            ],
            [
              3336600,
              1729325
            ],
            [
              3336600,
              1729300
            ],
            [
              3336600,
              1729275
            ],
            [
              3336600,
              1729250
            ],
            [
              3336600,
              1729225
            ],
            [
              3336600,
              1729200
            ],
            [
              3336600,
              1729175
            ],
            [
              3336600,
              1729150
            ],
            [
              3336600,
              1729125
            ],
            [
              3336600,
              1729100
            ],
            [
              3336600,
              1729075
            ],
            [
              3336600,
              1729050
            ],
            [
              3336600,
              1729025
            ],
            [
              3336600,
              1729000
            ],
            [
              3336600,
              1728975
            ],
            [
              3336600,
              1728950
            ],
            [
              3336600,
              1728925
            ],
            [
              3336600,
              1728900
            ],
            [
              3336600,
              1728875
            ],
            [
              3336600,
              1728850
            ],
            [
              3336600,
              1728825
            ],
            [
              3336600,
              1728800
            ],
            [
              3336600,
              1728775
            ],
            [
              3336600,
              1728750
            ],
            [
              3336600,
              1728725
            ],
            [
              3336600,
              1728700
            ],
            [
              3336600,
              1728675
            ],
            [
              3336600,
              1728650
            ],
            [
              3336600,
              1728625
            ],
            [
              3336600,
              1728600
            ],
            [
              3336600,
              1728575
            ],
            [
              3336600,
              1728550
            ],
            [
              3336600,
              1728525
            ],
            [
              3336600,
              1728500
            ],
            [
              3336600,
              1728475
            ],
            [
              3336600,
              1728450
            ],
            [
              3336600,
              1728425
            ],
            [
              3336600,
              1728400
            ],
            [
              3336600,
              1728375
            ],
            [
              3336600,
              1728350
            ],
            [
              3336600,
              1728325
            ],
            [
              3336600,
              1728300
            ],
            [
              3336600,
              1728275
            ],
            [
              3336600,
              1728250
            ],
            [
              3336600,
              1728225
            ],
            [
              3336600,
              1728200
            ],
            [
              3336600,
              1728175
            ],
            [
              3336600,
              1728150
            ],
            [
              3336600,
              1728125
            ],
            [
              3336600,
              1728100
            ],
            [
              3336600,
              1728075
            ],
            [
              3336600,
              1728050
            ],
            [
              3336600,
              1728025
            ],
            [
              3336600,
              1728000
            ],
            [
              3336600,
              1727975
            ],
            [
              3336600,
              1727950
            ],
            [
              3336600,
              1727925
            ],
            [
              3336600,
              1727900
            ],
            [
              3336600,
              1727875
            ],
            [
              3336600,
              1727850
            ],
            [
              3336600,
              1727825
            ],
            [
              3336600,
              1727800
            ],
            [
              3336600,
              1727775
            ],
            [
              3336600,
              1727750
            ],
            [
              3336600,
              1727725
            ],
            [
              3336600,
              1727700
            ],
            [
              3336600,
              1727675
            ],
            [
              3336600,
              1727650
            ],
            [
              3336600,
              1727625
            ],
            [
              3336600,
              1727600
            ],
            [
              3336600,
              1727575
            ],
            [
              3336600,
              1727550
            ],
            [
              3336600,
              1727525
            ],
            [
              3336600,
              1727500
            ],
            [
              3336600,
              1727475
            ],
            [
              3336600,
              1727450
            ],
            [
              3336600,
              1727425
            ],
            [
              3336600,
              1727400
            ],
            [
              3336600,
              1727375
            ],
            [
              3336600,
              1727350
            ],
            [
              3336600,
              1727325
            ],
            [
              3336600,
              1727300
            ],
            [
              3336600,
              1727275
            ],
            [
              3336600,
              1727250
            ],
            [
              3336600,
              1727225
            ],
            [
              3336600,
              1727200
            ],
            [
              3336600,
              1727175
            ],
            [
              3336600,
              1727150
            ],
            [
              3336600,
              1727125
            ],
            [
              3336600,
              1727100
            ],
            [
              3336600,
              1727075
            ],
            [
              3336600,
              1727050
            ],
            [
              3336600,
              1727025
            ],
            [
              3336600,
              1727000
            ],
            [
              3336600,
              1726975
            ],
            [
              3336600,
              1726950
            ],
            [
              3336600,
              1726925
            ],
            [
              3336600,
              1726900
            ],
            [
              3336600,
              1726875
            ],
            [
              3336600,
              1726850
            ],
            [
              3336600,
              1726825
            ],
            [
              3336600,
              1726800
            ],
            [
              3336600,
              1726775
            ],
            [
              3336600,
              1726750
            ],
            [
              3336600,
              1726725
            ],
            [
              3336600,
              1726700
            ],
            [
              3336600,
              1726675
            ],
            [
              3336600,
              1726650
            ],
            [
              3336600,
              1726625
            ],
            [
              3336600,
              1726600
            ],
            [
              3336600,
              1726575
            ],
            [
              3336600,
              1726550
            ],
            [
              3336600,
              1726525
            ],
            [
              3336600,
              1726500
            ],
            [
              3336600,
              1726475
            ],
            [
              3336600,
              1726450
            ],
            [
              3336600,
              1726425
            ],
            [
              3336600,
              1726400
            ],
            [
              3336600,
              1726375
            ],
            [
              3336600,
              1726350
            ],
            [
              3336600,
              1726325
            ],
            [
              3336600,
              1726300
            ],
            [
              3336600,
              1726275
            ],
            [
              3336600,
              1726250
            ],
            [
              3336600,
              1726225
            ],
            [
              3336600,
              1726200
            ],
            [
              3336600,
              1726175
            ],
            [
              3336600,
              1726150
            ],
            [
              3336600,
              1726125
            ],
            [
              3336600,
              1726100
            ],
            [
              3336600,
              1726075
            ],
            [
              3336600,
              1726050
            ],
            [
              3336600,
              1726025
            ],
            [
              3336600,
              1726000
            ],
            [
              3336600,
              1725975
            ],
            [
              3336600,
              1725950
            ],
            [
              3336600,
              1725925
            ],
            [
              3336600,
              1725900
            ],
            [
              3336600,
              1725875
            ],
            [
              3336600,
              1725850
            ],
            [
              3336600,
              1725825
            ],
            [
              3336600,
              1725800
            ],
            [
              3336600,
              1725775
            ],
            [
              3336600,
              1725750
            ],
            [
              3336600,
              1725725
            ],
            [
              3336600,
              1725700
            ],
            [
              3336600,
              1725675
            ],
            [
              3336600,
              1725650
            ],
            [
              3336600,
              1725625
            ],
            [
              3336600,
              1725600
            ],
            [
              3336600,
              1725575
            ],
            [
              3336600,
              1725550
            ],
            [
              3336600,
              1725525
            ],
            [
              3336600,
              1725500
            ],
            [
              3336600,
              1725475
            ],
            [
              3336600,
              1725450
            ],
            [
              3336600,
              1725425
            ],
            [
              3336600,
              1725400
            ],
            [
              3336600,
              1725375
            ],
            [
              3336600,
              1725350
            ],
            [
              3336600,
              1725325
            ],
            [
              3336600,
              1725300
            ],
            [
              3336600,
              1725275
            ],
            [
              3336600,
              1725250
            ],
            [
              3336600,
              1725225
            ],
            [
              3336600,
              1725200
            ],
            [
              3336600,
              1725175
            ],
            [
              3336600,
              1725150
            ],
            [
              3336600,
              1725125
            ],
            [
              3336600,
              1725100
            ],
            [
              3336600,
              1725075
            ],
            [
              3336600,
              1725050
            ],
            [
              3336600,
              1725025
            ],
            [
              3336600,
              1725000
            ],
            [
              3336600,
              1724975
            ],
            [
              3336600,
              1724950
            ],
            [
              3336600,
              1724925
            ],
            [
              3336600,
              1724900
            ],
            [
              3336600,
              1724875
            ],
            [
              3336600,
              1724850
            ],
            [
              3336600,
              1724825
            ],
            [
              3336600,
              1724800
            ],
            [
              3336600,
              1724775
            ],
            [
              3336600,
              1724750
            ],
            [
              3336600,
              1724725
            ],
            [
              3336600,
              1724700
            ],
            [
              3336600,
              1724675
            ],
            [
              3336600,
              1724650
            ],
            [
              3336600,
              1724625
            ],
            [
              3336600,
              1724600
            ],
            [
              3336600,
              1724575
            ],
            [
              3336600,
              1724550
            ],
            [
              3336600,
              1724525
            ],
            [
              3336600,
              1724500
            ],
            [
              3336600,
              1724475
            ],
            [
              3336600,
              1724450
            ],
            [
              3336600,
              1724425
            ],
            [
              3336600,
              1724400
            ],
            [
              3336600,
              1724375
            ],
            [
              3336600,
              1724350
            ],
            [
              3336600,
              1724325
            ],
            [
              3336600,
              1724300
            ],
            [
              3336600,
              1724275
            ],
            [
              3336600,
              1724250
            ],
            [
              3336600,
              1724225
            ],
            [
              3336600,
              1724200
            ],
            [
              3336600,
              1724175
            ],
            [
              3336600,
              1724150
            ],
            [
              3336600,
              1724125
            ],
            [
              3336600,
              1724100
            ],
            [
              3336600,
              1724075
            ],
            [
              3336600,
              1724050
            ],
            [
              3336600,
              1724025
            ],
            [
              3336600,
              1724000
            ],
            [
              3336600,
              1723975
            ],
            [
              3336600,
              1723950
            ],
            [
              3336600,
              1723925
            ],
            [
              3336600,
              1723900
            ],
            [
              3336600,
              1723875
            ],
            [
              3336600,
              1723850
            ],
            [
              3336600,
              1723825
            ],
            [
              3336600,
              1723800
            ],
            [
              3336600,
              1723775
            ],
            [
              3336600,
              1723750
            ],
            [
              3336600,
              1723725
            ],
            [
              3336600,
              1723700
            ],
            [
              3336600,
              1723675
            ],
            [
              3336600,
              1723650
            ],
            [
              3336600,
              1723625
            ],
            [
              3336600,
              1723600
            ]
          ]
        ]
      }
    },
    {
      "type": "Feature",
      "id": "coverage-edge",
      "properties": {
        "settlementId": "es-murcia",
        "kind": "coverage-edge",
        "clippedByCoverage": true,
        "boundarySourceViewportIds": [
          "tv-epsg3035-25-w133464-s68944-c303-r295"
        ]
      },
      "geometry": {
        "type": "MultiLineString",
        "coordinates": [
          [
            [
              3336600,
              1723600
            ],
            [
              3336625,
              1723600
            ]
          ],
          [
            [
              3336600,
              1723625
            ],
            [
              3336600,
              1723600
            ]
          ],
          [
            [
              3336600,
              1723650
            ],
            [
              3336600,
              1723625
            ]
          ],
          [
            [
              3336600,
              1723675
            ],
            [
              3336600,
              1723650
            ]
          ],
          [
            [
              3336600,
              1723700
            ],
            [
              3336600,
              1723675
            ]
          ],
          [
            [
              3336600,
              1723725
            ],
            [
              3336600,
              1723700
            ]
          ],
          [
            [
              3336600,
              1723750
            ],
            [
              3336600,
              1723725
            ]
          ],
          [
            [
              3336600,
              1723775
            ],
            [
              3336600,
              1723750
            ]
          ],
          [
            [
              3336600,
              1723800
            ],
            [
              3336600,
              1723775
            ]
          ],
          [
            [
              3336600,
              1723825
            ],
            [
              3336600,
              1723800
            ]
          ],
          [
            [
              3336600,
              1723850
            ],
            [
              3336600,
              1723825
            ]
          ],
          [
            [
              3336600,
              1723875
            ],
            [
              3336600,
              1723850
            ]
          ],
          [
            [
              3336600,
              1723900
            ],
            [
              3336600,
              1723875
            ]
          ],
          [
            [
              3336600,
              1723925
            ],
            [
              3336600,
              1723900
            ]
          ],
          [
            [
              3336600,
              1723950
            ],
            [
              3336600,
              1723925
            ]
          ],
          [
            [
              3336600,
              1723975
            ],
            [
              3336600,
              1723950
            ]
          ],
          [
            [
              3336600,
              1724000
            ],
            [
              3336600,
              1723975
            ]
          ],
          [
            [
              3336600,
              1724025
            ],
            [
              3336600,
              1724000
            ]
          ],
          [
            [
              3336600,
              1724050
            ],
            [
              3336600,
              1724025
            ]
          ],
          [
            [
              3336600,
              1724075
            ],
            [
              3336600,
              1724050
            ]
          ],
          [
            [
              3336600,
              1724100
            ],
            [
              3336600,
              1724075
            ]
          ],
          [
            [
              3336600,
              1724125
            ],
            [
              3336600,
              1724100
            ]
          ],
          [
            [
              3336600,
              1724150
            ],
            [
              3336600,
              1724125
            ]
          ],
          [
            [
              3336600,
              1724175
            ],
            [
              3336600,
              1724150
            ]
          ],
          [
            [
              3336600,
              1724200
            ],
            [
              3336600,
              1724175
            ]
          ],
          [
            [
              3336600,
              1724225
            ],
            [
              3336600,
              1724200
            ]
          ],
          [
            [
              3336600,
              1724250
            ],
            [
              3336600,
              1724225
            ]
          ],
          [
            [
              3336600,
              1724275
            ],
            [
              3336600,
              1724250
            ]
          ],
          [
            [
              3336600,
              1724300
            ],
            [
              3336600,
              1724275
            ]
          ],
          [
            [
              3336600,
              1724325
            ],
            [
              3336600,
              1724300
            ]
          ],
          [
            [
              3336600,
              1724350
            ],
            [
              3336600,
              1724325
            ]
          ],
          [
            [
              3336600,
              1724375
            ],
            [
              3336600,
              1724350
            ]
          ],
          [
            [
              3336600,
              1724400
            ],
            [
              3336600,
              1724375
            ]
          ],
          [
            [
              3336600,
              1724425
            ],
            [
              3336600,
              1724400
            ]
          ],
          [
            [
              3336600,
              1724450
            ],
            [
              3336600,
              1724425
            ]
          ],
          [
            [
              3336600,
              1724475
            ],
            [
              3336600,
              1724450
            ]
          ],
          [
            [
              3336600,
              1724500
            ],
            [
              3336600,
              1724475
            ]
          ],
          [
            [
              3336600,
              1724525
            ],
            [
              3336600,
              1724500
            ]
          ],
          [
            [
              3336600,
              1724550
            ],
            [
              3336600,
              1724525
            ]
          ],
          [
            [
              3336600,
              1724575
            ],
            [
              3336600,
              1724550
            ]
          ],
          [
            [
              3336600,
              1724600
            ],
            [
              3336600,
              1724575
            ]
          ],
          [
            [
              3336600,
              1724625
            ],
            [
              3336600,
              1724600
            ]
          ],
          [
            [
              3336600,
              1724650
            ],
            [
              3336600,
              1724625
            ]
          ],
          [
            [
              3336600,
              1724675
            ],
            [
              3336600,
              1724650
            ]
          ],
          [
            [
              3336600,
              1724700
            ],
            [
              3336600,
              1724675
            ]
          ],
          [
            [
              3336600,
              1724725
            ],
            [
              3336600,
              1724700
            ]
          ],
          [
            [
              3336600,
              1724750
            ],
            [
              3336600,
              1724725
            ]
          ],
          [
            [
              3336600,
              1724775
            ],
            [
              3336600,
              1724750
            ]
          ],
          [
            [
              3336600,
              1724800
            ],
            [
              3336600,
              1724775
            ]
          ],
          [
            [
              3336600,
              1724825
            ],
            [
              3336600,
              1724800
            ]
          ],
          [
            [
              3336600,
              1724850
            ],
            [
              3336600,
              1724825
            ]
          ],
          [
            [
              3336600,
              1724875
            ],
            [
              3336600,
              1724850
            ]
          ],
          [
            [
              3336600,
              1724900
            ],
            [
              3336600,
              1724875
            ]
          ],
          [
            [
              3336600,
              1724925
            ],
            [
              3336600,
              1724900
            ]
          ],
          [
            [
              3336600,
              1724950
            ],
            [
              3336600,
              1724925
            ]
          ],
          [
            [
              3336600,
              1724975
            ],
            [
              3336600,
              1724950
            ]
          ],
          [
            [
              3336600,
              1725000
            ],
            [
              3336600,
              1724975
            ]
          ],
          [
            [
              3336600,
              1725025
            ],
            [
              3336600,
              1725000
            ]
          ],
          [
            [
              3336600,
              1725050
            ],
            [
              3336600,
              1725025
            ]
          ],
          [
            [
              3336600,
              1725075
            ],
            [
              3336600,
              1725050
            ]
          ],
          [
            [
              3336600,
              1725100
            ],
            [
              3336600,
              1725075
            ]
          ],
          [
            [
              3336600,
              1725125
            ],
            [
              3336600,
              1725100
            ]
          ],
          [
            [
              3336600,
              1725150
            ],
            [
              3336600,
              1725125
            ]
          ],
          [
            [
              3336600,
              1725175
            ],
            [
              3336600,
              1725150
            ]
          ],
          [
            [
              3336600,
              1725200
            ],
            [
              3336600,
              1725175
            ]
          ],
          [
            [
              3336600,
              1725225
            ],
            [
              3336600,
              1725200
            ]
          ],
          [
            [
              3336600,
              1725250
            ],
            [
              3336600,
              1725225
            ]
          ],
          [
            [
              3336600,
              1725275
            ],
            [
              3336600,
              1725250
            ]
          ],
          [
            [
              3336600,
              1725300
            ],
            [
              3336600,
              1725275
            ]
          ],
          [
            [
              3336600,
              1725325
            ],
            [
              3336600,
              1725300
            ]
          ],
          [
            [
              3336600,
              1725350
            ],
            [
              3336600,
              1725325
            ]
          ],
          [
            [
              3336600,
              1725375
            ],
            [
              3336600,
              1725350
            ]
          ],
          [
            [
              3336600,
              1725400
            ],
            [
              3336600,
              1725375
            ]
          ],
          [
            [
              3336600,
              1725425
            ],
            [
              3336600,
              1725400
            ]
          ],
          [
            [
              3336600,
              1725450
            ],
            [
              3336600,
              1725425
            ]
          ],
          [
            [
              3336600,
              1725475
            ],
            [
              3336600,
              1725450
            ]
          ],
          [
            [
              3336600,
              1725500
            ],
            [
              3336600,
              1725475
            ]
          ],
          [
            [
              3336600,
              1725525
            ],
            [
              3336600,
              1725500
            ]
          ],
          [
            [
              3336600,
              1725550
            ],
            [
              3336600,
              1725525
            ]
          ],
          [
            [
              3336600,
              1725575
            ],
            [
              3336600,
              1725550
            ]
          ],
          [
            [
              3336600,
              1725600
            ],
            [
              3336600,
              1725575
            ]
          ],
          [
            [
              3336600,
              1725625
            ],
            [
              3336600,
              1725600
            ]
          ],
          [
            [
              3336600,
              1725650
            ],
            [
              3336600,
              1725625
            ]
          ],
          [
            [
              3336600,
              1725675
            ],
            [
              3336600,
              1725650
            ]
          ],
          [
            [
              3336600,
              1725700
            ],
            [
              3336600,
              1725675
            ]
          ],
          [
            [
              3336600,
              1725725
            ],
            [
              3336600,
              1725700
            ]
          ],
          [
            [
              3336600,
              1725750
            ],
            [
              3336600,
              1725725
            ]
          ],
          [
            [
              3336600,
              1725775
            ],
            [
              3336600,
              1725750
            ]
          ],
          [
            [
              3336600,
              1725800
            ],
            [
              3336600,
              1725775
            ]
          ],
          [
            [
              3336600,
              1725825
            ],
            [
              3336600,
              1725800
            ]
          ],
          [
            [
              3336600,
              1725850
            ],
            [
              3336600,
              1725825
            ]
          ],
          [
            [
              3336600,
              1725875
            ],
            [
              3336600,
              1725850
            ]
          ],
          [
            [
              3336600,
              1725900
            ],
            [
              3336600,
              1725875
            ]
          ],
          [
            [
              3336600,
              1725925
            ],
            [
              3336600,
              1725900
            ]
          ],
          [
            [
              3336600,
              1725950
            ],
            [
              3336600,
              1725925
            ]
          ],
          [
            [
              3336600,
              1725975
            ],
            [
              3336600,
              1725950
            ]
          ],
          [
            [
              3336600,
              1726000
            ],
            [
              3336600,
              1725975
            ]
          ],
          [
            [
              3336600,
              1726025
            ],
            [
              3336600,
              1726000
            ]
          ],
          [
            [
              3336600,
              1726050
            ],
            [
              3336600,
              1726025
            ]
          ],
          [
            [
              3336600,
              1726075
            ],
            [
              3336600,
              1726050
            ]
          ],
          [
            [
              3336600,
              1726100
            ],
            [
              3336600,
              1726075
            ]
          ],
          [
            [
              3336600,
              1726125
            ],
            [
              3336600,
              1726100
            ]
          ],
          [
            [
              3336600,
              1726150
            ],
            [
              3336600,
              1726125
            ]
          ],
          [
            [
              3336600,
              1726175
            ],
            [
              3336600,
              1726150
            ]
          ],
          [
            [
              3336600,
              1726200
            ],
            [
              3336600,
              1726175
            ]
          ],
          [
            [
              3336600,
              1726225
            ],
            [
              3336600,
              1726200
            ]
          ],
          [
            [
              3336600,
              1726250
            ],
            [
              3336600,
              1726225
            ]
          ],
          [
            [
              3336600,
              1726275
            ],
            [
              3336600,
              1726250
            ]
          ],
          [
            [
              3336600,
              1726300
            ],
            [
              3336600,
              1726275
            ]
          ],
          [
            [
              3336600,
              1726325
            ],
            [
              3336600,
              1726300
            ]
          ],
          [
            [
              3336600,
              1726350
            ],
            [
              3336600,
              1726325
            ]
          ],
          [
            [
              3336600,
              1726375
            ],
            [
              3336600,
              1726350
            ]
          ],
          [
            [
              3336600,
              1726400
            ],
            [
              3336600,
              1726375
            ]
          ],
          [
            [
              3336600,
              1726425
            ],
            [
              3336600,
              1726400
            ]
          ],
          [
            [
              3336600,
              1726450
            ],
            [
              3336600,
              1726425
            ]
          ],
          [
            [
              3336600,
              1726475
            ],
            [
              3336600,
              1726450
            ]
          ],
          [
            [
              3336600,
              1726500
            ],
            [
              3336600,
              1726475
            ]
          ],
          [
            [
              3336600,
              1726525
            ],
            [
              3336600,
              1726500
            ]
          ],
          [
            [
              3336600,
              1726550
            ],
            [
              3336600,
              1726525
            ]
          ],
          [
            [
              3336600,
              1726575
            ],
            [
              3336600,
              1726550
            ]
          ],
          [
            [
              3336600,
              1726600
            ],
            [
              3336600,
              1726575
            ]
          ],
          [
            [
              3336600,
              1726625
            ],
            [
              3336600,
              1726600
            ]
          ],
          [
            [
              3336600,
              1726650
            ],
            [
              3336600,
              1726625
            ]
          ],
          [
            [
              3336600,
              1726675
            ],
            [
              3336600,
              1726650
            ]
          ],
          [
            [
              3336600,
              1726700
            ],
            [
              3336600,
              1726675
            ]
          ],
          [
            [
              3336600,
              1726725
            ],
            [
              3336600,
              1726700
            ]
          ],
          [
            [
              3336600,
              1726750
            ],
            [
              3336600,
              1726725
            ]
          ],
          [
            [
              3336600,
              1726775
            ],
            [
              3336600,
              1726750
            ]
          ],
          [
            [
              3336600,
              1726800
            ],
            [
              3336600,
              1726775
            ]
          ],
          [
            [
              3336600,
              1726825
            ],
            [
              3336600,
              1726800
            ]
          ],
          [
            [
              3336600,
              1726850
            ],
            [
              3336600,
              1726825
            ]
          ],
          [
            [
              3336600,
              1726875
            ],
            [
              3336600,
              1726850
            ]
          ],
          [
            [
              3336600,
              1726900
            ],
            [
              3336600,
              1726875
            ]
          ],
          [
            [
              3336600,
              1726925
            ],
            [
              3336600,
              1726900
            ]
          ],
          [
            [
              3336600,
              1726950
            ],
            [
              3336600,
              1726925
            ]
          ],
          [
            [
              3336600,
              1726975
            ],
            [
              3336600,
              1726950
            ]
          ],
          [
            [
              3336600,
              1727000
            ],
            [
              3336600,
              1726975
            ]
          ],
          [
            [
              3336600,
              1727025
            ],
            [
              3336600,
              1727000
            ]
          ],
          [
            [
              3336600,
              1727050
            ],
            [
              3336600,
              1727025
            ]
          ],
          [
            [
              3336600,
              1727075
            ],
            [
              3336600,
              1727050
            ]
          ],
          [
            [
              3336600,
              1727100
            ],
            [
              3336600,
              1727075
            ]
          ],
          [
            [
              3336600,
              1727125
            ],
            [
              3336600,
              1727100
            ]
          ],
          [
            [
              3336600,
              1727150
            ],
            [
              3336600,
              1727125
            ]
          ],
          [
            [
              3336600,
              1727175
            ],
            [
              3336600,
              1727150
            ]
          ],
          [
            [
              3336600,
              1727200
            ],
            [
              3336600,
              1727175
            ]
          ],
          [
            [
              3336600,
              1727225
            ],
            [
              3336600,
              1727200
            ]
          ],
          [
            [
              3336600,
              1727250
            ],
            [
              3336600,
              1727225
            ]
          ],
          [
            [
              3336600,
              1727275
            ],
            [
              3336600,
              1727250
            ]
          ],
          [
            [
              3336600,
              1727300
            ],
            [
              3336600,
              1727275
            ]
          ],
          [
            [
              3336600,
              1727325
            ],
            [
              3336600,
              1727300
            ]
          ],
          [
            [
              3336600,
              1727350
            ],
            [
              3336600,
              1727325
            ]
          ],
          [
            [
              3336600,
              1727375
            ],
            [
              3336600,
              1727350
            ]
          ],
          [
            [
              3336600,
              1727400
            ],
            [
              3336600,
              1727375
            ]
          ],
          [
            [
              3336600,
              1727425
            ],
            [
              3336600,
              1727400
            ]
          ],
          [
            [
              3336600,
              1727450
            ],
            [
              3336600,
              1727425
            ]
          ],
          [
            [
              3336600,
              1727475
            ],
            [
              3336600,
              1727450
            ]
          ],
          [
            [
              3336600,
              1727500
            ],
            [
              3336600,
              1727475
            ]
          ],
          [
            [
              3336600,
              1727525
            ],
            [
              3336600,
              1727500
            ]
          ],
          [
            [
              3336600,
              1727550
            ],
            [
              3336600,
              1727525
            ]
          ],
          [
            [
              3336600,
              1727575
            ],
            [
              3336600,
              1727550
            ]
          ],
          [
            [
              3336600,
              1727600
            ],
            [
              3336600,
              1727575
            ]
          ],
          [
            [
              3336600,
              1727625
            ],
            [
              3336600,
              1727600
            ]
          ],
          [
            [
              3336600,
              1727650
            ],
            [
              3336600,
              1727625
            ]
          ],
          [
            [
              3336600,
              1727675
            ],
            [
              3336600,
              1727650
            ]
          ],
          [
            [
              3336600,
              1727700
            ],
            [
              3336600,
              1727675
            ]
          ],
          [
            [
              3336600,
              1727725
            ],
            [
              3336600,
              1727700
            ]
          ],
          [
            [
              3336600,
              1727750
            ],
            [
              3336600,
              1727725
            ]
          ],
          [
            [
              3336600,
              1727775
            ],
            [
              3336600,
              1727750
            ]
          ],
          [
            [
              3336600,
              1727800
            ],
            [
              3336600,
              1727775
            ]
          ],
          [
            [
              3336600,
              1727825
            ],
            [
              3336600,
              1727800
            ]
          ],
          [
            [
              3336600,
              1727850
            ],
            [
              3336600,
              1727825
            ]
          ],
          [
            [
              3336600,
              1727875
            ],
            [
              3336600,
              1727850
            ]
          ],
          [
            [
              3336600,
              1727900
            ],
            [
              3336600,
              1727875
            ]
          ],
          [
            [
              3336600,
              1727925
            ],
            [
              3336600,
              1727900
            ]
          ],
          [
            [
              3336600,
              1727950
            ],
            [
              3336600,
              1727925
            ]
          ],
          [
            [
              3336600,
              1727975
            ],
            [
              3336600,
              1727950
            ]
          ],
          [
            [
              3336600,
              1728000
            ],
            [
              3336600,
              1727975
            ]
          ],
          [
            [
              3336600,
              1728025
            ],
            [
              3336600,
              1728000
            ]
          ],
          [
            [
              3336600,
              1728050
            ],
            [
              3336600,
              1728025
            ]
          ],
          [
            [
              3336600,
              1728075
            ],
            [
              3336600,
              1728050
            ]
          ],
          [
            [
              3336600,
              1728100
            ],
            [
              3336600,
              1728075
            ]
          ],
          [
            [
              3336600,
              1728125
            ],
            [
              3336600,
              1728100
            ]
          ],
          [
            [
              3336600,
              1728150
            ],
            [
              3336600,
              1728125
            ]
          ],
          [
            [
              3336600,
              1728175
            ],
            [
              3336600,
              1728150
            ]
          ],
          [
            [
              3336600,
              1728200
            ],
            [
              3336600,
              1728175
            ]
          ],
          [
            [
              3336600,
              1728225
            ],
            [
              3336600,
              1728200
            ]
          ],
          [
            [
              3336600,
              1728250
            ],
            [
              3336600,
              1728225
            ]
          ],
          [
            [
              3336600,
              1728275
            ],
            [
              3336600,
              1728250
            ]
          ],
          [
            [
              3336600,
              1728300
            ],
            [
              3336600,
              1728275
            ]
          ],
          [
            [
              3336600,
              1728325
            ],
            [
              3336600,
              1728300
            ]
          ],
          [
            [
              3336600,
              1728350
            ],
            [
              3336600,
              1728325
            ]
          ],
          [
            [
              3336600,
              1728375
            ],
            [
              3336600,
              1728350
            ]
          ],
          [
            [
              3336600,
              1728400
            ],
            [
              3336600,
              1728375
            ]
          ],
          [
            [
              3336600,
              1728425
            ],
            [
              3336600,
              1728400
            ]
          ],
          [
            [
              3336600,
              1728450
            ],
            [
              3336600,
              1728425
            ]
          ],
          [
            [
              3336600,
              1728475
            ],
            [
              3336600,
              1728450
            ]
          ],
          [
            [
              3336600,
              1728500
            ],
            [
              3336600,
              1728475
            ]
          ],
          [
            [
              3336600,
              1728525
            ],
            [
              3336600,
              1728500
            ]
          ],
          [
            [
              3336600,
              1728550
            ],
            [
              3336600,
              1728525
            ]
          ],
          [
            [
              3336600,
              1728575
            ],
            [
              3336600,
              1728550
            ]
          ],
          [
            [
              3336600,
              1728600
            ],
            [
              3336600,
              1728575
            ]
          ],
          [
            [
              3336600,
              1728625
            ],
            [
              3336600,
              1728600
            ]
          ],
          [
            [
              3336600,
              1728650
            ],
            [
              3336600,
              1728625
            ]
          ],
          [
            [
              3336600,
              1728675
            ],
            [
              3336600,
              1728650
            ]
          ],
          [
            [
              3336600,
              1728700
            ],
            [
              3336600,
              1728675
            ]
          ],
          [
            [
              3336600,
              1728725
            ],
            [
              3336600,
              1728700
            ]
          ],
          [
            [
              3336600,
              1728750
            ],
            [
              3336600,
              1728725
            ]
          ],
          [
            [
              3336600,
              1728775
            ],
            [
              3336600,
              1728750
            ]
          ],
          [
            [
              3336600,
              1728800
            ],
            [
              3336600,
              1728775
            ]
          ],
          [
            [
              3336600,
              1728825
            ],
            [
              3336600,
              1728800
            ]
          ],
          [
            [
              3336600,
              1728850
            ],
            [
              3336600,
              1728825
            ]
          ],
          [
            [
              3336600,
              1728875
            ],
            [
              3336600,
              1728850
            ]
          ],
          [
            [
              3336600,
              1728900
            ],
            [
              3336600,
              1728875
            ]
          ],
          [
            [
              3336600,
              1728925
            ],
            [
              3336600,
              1728900
            ]
          ],
          [
            [
              3336600,
              1728950
            ],
            [
              3336600,
              1728925
            ]
          ],
          [
            [
              3336600,
              1728975
            ],
            [
              3336600,
              1728950
            ]
          ],
          [
            [
              3336600,
              1729000
            ],
            [
              3336600,
              1728975
            ]
          ],
          [
            [
              3336600,
              1729025
            ],
            [
              3336600,
              1729000
            ]
          ],
          [
            [
              3336600,
              1729050
            ],
            [
              3336600,
              1729025
            ]
          ],
          [
            [
              3336600,
              1729075
            ],
            [
              3336600,
              1729050
            ]
          ],
          [
            [
              3336600,
              1729100
            ],
            [
              3336600,
              1729075
            ]
          ],
          [
            [
              3336600,
              1729125
            ],
            [
              3336600,
              1729100
            ]
          ],
          [
            [
              3336600,
              1729150
            ],
            [
              3336600,
              1729125
            ]
          ],
          [
            [
              3336600,
              1729175
            ],
            [
              3336600,
              1729150
            ]
          ],
          [
            [
              3336600,
              1729200
            ],
            [
              3336600,
              1729175
            ]
          ],
          [
            [
              3336600,
              1729225
            ],
            [
              3336600,
              1729200
            ]
          ],
          [
            [
              3336600,
              1729250
            ],
            [
              3336600,
              1729225
            ]
          ],
          [
            [
              3336600,
              1729275
            ],
            [
              3336600,
              1729250
            ]
          ],
          [
            [
              3336600,
              1729300
            ],
            [
              3336600,
              1729275
            ]
          ],
          [
            [
              3336600,
              1729325
            ],
            [
              3336600,
              1729300
            ]
          ],
          [
            [
              3336600,
              1729350
            ],
            [
              3336600,
              1729325
            ]
          ],
          [
            [
              3336600,
              1729375
            ],
            [
              3336600,
              1729350
            ]
          ],
          [
            [
              3336600,
              1729400
            ],
            [
              3336600,
              1729375
            ]
          ],
          [
            [
              3336600,
              1729425
            ],
            [
              3336600,
              1729400
            ]
          ],
          [
            [
              3336600,
              1729450
            ],
            [
              3336600,
              1729425
            ]
          ],
          [
            [
              3336600,
              1729475
            ],
            [
              3336600,
              1729450
            ]
          ],
          [
            [
              3336600,
              1729500
            ],
            [
              3336600,
              1729475
            ]
          ],
          [
            [
              3336600,
              1729525
            ],
            [
              3336600,
              1729500
            ]
          ],
          [
            [
              3336600,
              1729550
            ],
            [
              3336600,
              1729525
            ]
          ],
          [
            [
              3336600,
              1729575
            ],
            [
              3336600,
              1729550
            ]
          ],
          [
            [
              3336600,
              1729600
            ],
            [
              3336600,
              1729575
            ]
          ],
          [
            [
              3336600,
              1729625
            ],
            [
              3336600,
              1729600
            ]
          ],
          [
            [
              3336600,
              1729650
            ],
            [
              3336600,
              1729625
            ]
          ],
          [
            [
              3336600,
              1729675
            ],
            [
              3336600,
              1729650
            ]
          ],
          [
            [
              3336600,
              1729700
            ],
            [
              3336600,
              1729675
            ]
          ],
          [
            [
              3336600,
              1729725
            ],
            [
              3336600,
              1729700
            ]
          ],
          [
            [
              3336600,
              1729750
            ],
            [
              3336600,
              1729725
            ]
          ],
          [
            [
              3336600,
              1729775
            ],
            [
              3336600,
              1729750
            ]
          ],
          [
            [
              3336600,
              1729800
            ],
            [
              3336600,
              1729775
            ]
          ],
          [
            [
              3336600,
              1729825
            ],
            [
              3336600,
              1729800
            ]
          ],
          [
            [
              3336600,
              1729850
            ],
            [
              3336600,
              1729825
            ]
          ],
          [
            [
              3336600,
              1729875
            ],
            [
              3336600,
              1729850
            ]
          ],
          [
            [
              3336600,
              1729900
            ],
            [
              3336600,
              1729875
            ]
          ],
          [
            [
              3336600,
              1729925
            ],
            [
              3336600,
              1729900
            ]
          ],
          [
            [
              3336600,
              1729950
            ],
            [
              3336600,
              1729925
            ]
          ],
          [
            [
              3336600,
              1729975
            ],
            [
              3336600,
              1729950
            ]
          ],
          [
            [
              3336600,
              1730000
            ],
            [
              3336600,
              1729975
            ]
          ],
          [
            [
              3336600,
              1730025
            ],
            [
              3336600,
              1730000
            ]
          ],
          [
            [
              3336600,
              1730050
            ],
            [
              3336600,
              1730025
            ]
          ],
          [
            [
              3336600,
              1730075
            ],
            [
              3336600,
              1730050
            ]
          ],
          [
            [
              3336600,
              1730100
            ],
            [
              3336600,
              1730075
            ]
          ],
          [
            [
              3336600,
              1730125
            ],
            [
              3336600,
              1730100
            ]
          ],
          [
            [
              3336600,
              1730150
            ],
            [
              3336600,
              1730125
            ]
          ],
          [
            [
              3336600,
              1730175
            ],
            [
              3336600,
              1730150
            ]
          ],
          [
            [
              3336600,
              1730200
            ],
            [
              3336600,
              1730175
            ]
          ],
          [
            [
              3336600,
              1730225
            ],
            [
              3336600,
              1730200
            ]
          ],
          [
            [
              3336600,
              1730250
            ],
            [
              3336600,
              1730225
            ]
          ],
          [
            [
              3336600,
              1730275
            ],
            [
              3336600,
              1730250
            ]
          ],
          [
            [
              3336600,
              1730300
            ],
            [
              3336600,
              1730275
            ]
          ],
          [
            [
              3336600,
              1730325
            ],
            [
              3336600,
              1730300
            ]
          ],
          [
            [
              3336600,
              1730350
            ],
            [
              3336600,
              1730325
            ]
          ],
          [
            [
              3336600,
              1730375
            ],
            [
              3336600,
              1730350
            ]
          ],
          [
            [
              3336600,
              1730400
            ],
            [
              3336600,
              1730375
            ]
          ],
          [
            [
              3336600,
              1730425
            ],
            [
              3336600,
              1730400
            ]
          ],
          [
            [
              3336600,
              1730450
            ],
            [
              3336600,
              1730425
            ]
          ],
          [
            [
              3336600,
              1730475
            ],
            [
              3336600,
              1730450
            ]
          ],
          [
            [
              3336600,
              1730500
            ],
            [
              3336600,
              1730475
            ]
          ],
          [
            [
              3336600,
              1730525
            ],
            [
              3336600,
              1730500
            ]
          ],
          [
            [
              3336600,
              1730550
            ],
            [
              3336600,
              1730525
            ]
          ],
          [
            [
              3336600,
              1730575
            ],
            [
              3336600,
              1730550
            ]
          ],
          [
            [
              3336600,
              1730600
            ],
            [
              3336600,
              1730575
            ]
          ],
          [
            [
              3336600,
              1730625
            ],
            [
              3336600,
              1730600
            ]
          ],
          [
            [
              3336600,
              1730650
            ],
            [
              3336600,
              1730625
            ]
          ],
          [
            [
              3336600,
              1730675
            ],
            [
              3336600,
              1730650
            ]
          ],
          [
            [
              3336600,
              1730700
            ],
            [
              3336600,
              1730675
            ]
          ],
          [
            [
              3336600,
              1730725
            ],
            [
              3336600,
              1730700
            ]
          ],
          [
            [
              3336600,
              1730750
            ],
            [
              3336600,
              1730725
            ]
          ],
          [
            [
              3336600,
              1730775
            ],
            [
              3336600,
              1730750
            ]
          ],
          [
            [
              3336600,
              1730800
            ],
            [
              3336600,
              1730775
            ]
          ],
          [
            [
              3336600,
              1730825
            ],
            [
              3336600,
              1730800
            ]
          ],
          [
            [
              3336600,
              1730850
            ],
            [
              3336600,
              1730825
            ]
          ],
          [
            [
              3336600,
              1730875
            ],
            [
              3336600,
              1730850
            ]
          ],
          [
            [
              3336600,
              1730900
            ],
            [
              3336600,
              1730875
            ]
          ],
          [
            [
              3336600,
              1730925
            ],
            [
              3336600,
              1730900
            ]
          ],
          [
            [
              3336600,
              1730950
            ],
            [
              3336600,
              1730925
            ]
          ],
          [
            [
              3336600,
              1730975
            ],
            [
              3336600,
              1730950
            ]
          ],
          [
            [
              3336625,
              1723600
            ],
            [
              3336650,
              1723600
            ]
          ],
          [
            [
              3336625,
              1730975
            ],
            [
              3336600,
              1730975
            ]
          ],
          [
            [
              3336650,
              1723600
            ],
            [
              3336675,
              1723600
            ]
          ],
          [
            [
              3336650,
              1730975
            ],
            [
              3336625,
              1730975
            ]
          ],
          [
            [
              3336675,
              1723600
            ],
            [
              3336700,
              1723600
            ]
          ],
          [
            [
              3336675,
              1730975
            ],
            [
              3336650,
              1730975
            ]
          ],
          [
            [
              3336700,
              1723600
            ],
            [
              3336725,
              1723600
            ]
          ],
          [
            [
              3336700,
              1730975
            ],
            [
              3336675,
              1730975
            ]
          ],
          [
            [
              3336725,
              1723600
            ],
            [
              3336750,
              1723600
            ]
          ],
          [
            [
              3336725,
              1730975
            ],
            [
              3336700,
              1730975
            ]
          ],
          [
            [
              3336750,
              1723600
            ],
            [
              3336775,
              1723600
            ]
          ],
          [
            [
              3336750,
              1730975
            ],
            [
              3336725,
              1730975
            ]
          ],
          [
            [
              3336775,
              1723600
            ],
            [
              3336800,
              1723600
            ]
          ],
          [
            [
              3336775,
              1730975
            ],
            [
              3336750,
              1730975
            ]
          ],
          [
            [
              3336800,
              1723600
            ],
            [
              3336825,
              1723600
            ]
          ],
          [
            [
              3336800,
              1730975
            ],
            [
              3336775,
              1730975
            ]
          ],
          [
            [
              3336825,
              1723600
            ],
            [
              3336850,
              1723600
            ]
          ],
          [
            [
              3336825,
              1730975
            ],
            [
              3336800,
              1730975
            ]
          ],
          [
            [
              3336850,
              1723600
            ],
            [
              3336875,
              1723600
            ]
          ],
          [
            [
              3336850,
              1730975
            ],
            [
              3336825,
              1730975
            ]
          ],
          [
            [
              3336875,
              1723600
            ],
            [
              3336900,
              1723600
            ]
          ],
          [
            [
              3336875,
              1730975
            ],
            [
              3336850,
              1730975
            ]
          ],
          [
            [
              3336900,
              1723600
            ],
            [
              3336925,
              1723600
            ]
          ],
          [
            [
              3336900,
              1730975
            ],
            [
              3336875,
              1730975
            ]
          ],
          [
            [
              3336925,
              1723600
            ],
            [
              3336950,
              1723600
            ]
          ],
          [
            [
              3336925,
              1730975
            ],
            [
              3336900,
              1730975
            ]
          ],
          [
            [
              3336950,
              1723600
            ],
            [
              3336975,
              1723600
            ]
          ],
          [
            [
              3336950,
              1730975
            ],
            [
              3336925,
              1730975
            ]
          ],
          [
            [
              3336975,
              1723600
            ],
            [
              3337000,
              1723600
            ]
          ],
          [
            [
              3336975,
              1730975
            ],
            [
              3336950,
              1730975
            ]
          ],
          [
            [
              3337000,
              1723600
            ],
            [
              3337025,
              1723600
            ]
          ],
          [
            [
              3337000,
              1730975
            ],
            [
              3336975,
              1730975
            ]
          ],
          [
            [
              3337025,
              1723600
            ],
            [
              3337050,
              1723600
            ]
          ],
          [
            [
              3337025,
              1730975
            ],
            [
              3337000,
              1730975
            ]
          ],
          [
            [
              3337050,
              1723600
            ],
            [
              3337075,
              1723600
            ]
          ],
          [
            [
              3337050,
              1730975
            ],
            [
              3337025,
              1730975
            ]
          ],
          [
            [
              3337075,
              1723600
            ],
            [
              3337100,
              1723600
            ]
          ],
          [
            [
              3337075,
              1730975
            ],
            [
              3337050,
              1730975
            ]
          ],
          [
            [
              3337100,
              1723600
            ],
            [
              3337125,
              1723600
            ]
          ],
          [
            [
              3337100,
              1730975
            ],
            [
              3337075,
              1730975
            ]
          ],
          [
            [
              3337125,
              1723600
            ],
            [
              3337150,
              1723600
            ]
          ],
          [
            [
              3337125,
              1730975
            ],
            [
              3337100,
              1730975
            ]
          ],
          [
            [
              3337150,
              1723600
            ],
            [
              3337175,
              1723600
            ]
          ],
          [
            [
              3337150,
              1730975
            ],
            [
              3337125,
              1730975
            ]
          ],
          [
            [
              3337175,
              1723600
            ],
            [
              3337200,
              1723600
            ]
          ],
          [
            [
              3337175,
              1730975
            ],
            [
              3337150,
              1730975
            ]
          ],
          [
            [
              3337200,
              1723600
            ],
            [
              3337225,
              1723600
            ]
          ],
          [
            [
              3337200,
              1730975
            ],
            [
              3337175,
              1730975
            ]
          ],
          [
            [
              3337225,
              1723600
            ],
            [
              3337250,
              1723600
            ]
          ],
          [
            [
              3337225,
              1730975
            ],
            [
              3337200,
              1730975
            ]
          ],
          [
            [
              3337250,
              1723600
            ],
            [
              3337275,
              1723600
            ]
          ],
          [
            [
              3337250,
              1730975
            ],
            [
              3337225,
              1730975
            ]
          ],
          [
            [
              3337275,
              1723600
            ],
            [
              3337300,
              1723600
            ]
          ],
          [
            [
              3337275,
              1730975
            ],
            [
              3337250,
              1730975
            ]
          ],
          [
            [
              3337300,
              1723600
            ],
            [
              3337325,
              1723600
            ]
          ],
          [
            [
              3337300,
              1730975
            ],
            [
              3337275,
              1730975
            ]
          ],
          [
            [
              3337325,
              1723600
            ],
            [
              3337350,
              1723600
            ]
          ],
          [
            [
              3337325,
              1730975
            ],
            [
              3337300,
              1730975
            ]
          ],
          [
            [
              3337350,
              1723600
            ],
            [
              3337375,
              1723600
            ]
          ],
          [
            [
              3337350,
              1730975
            ],
            [
              3337325,
              1730975
            ]
          ],
          [
            [
              3337375,
              1723600
            ],
            [
              3337400,
              1723600
            ]
          ],
          [
            [
              3337375,
              1730975
            ],
            [
              3337350,
              1730975
            ]
          ],
          [
            [
              3337400,
              1723600
            ],
            [
              3337425,
              1723600
            ]
          ],
          [
            [
              3337400,
              1730975
            ],
            [
              3337375,
              1730975
            ]
          ],
          [
            [
              3337425,
              1723600
            ],
            [
              3337450,
              1723600
            ]
          ],
          [
            [
              3337425,
              1730975
            ],
            [
              3337400,
              1730975
            ]
          ],
          [
            [
              3337450,
              1723600
            ],
            [
              3337475,
              1723600
            ]
          ],
          [
            [
              3337450,
              1730975
            ],
            [
              3337425,
              1730975
            ]
          ],
          [
            [
              3337475,
              1723600
            ],
            [
              3337500,
              1723600
            ]
          ],
          [
            [
              3337475,
              1730975
            ],
            [
              3337450,
              1730975
            ]
          ],
          [
            [
              3337500,
              1723600
            ],
            [
              3337525,
              1723600
            ]
          ],
          [
            [
              3337500,
              1730975
            ],
            [
              3337475,
              1730975
            ]
          ],
          [
            [
              3337525,
              1723600
            ],
            [
              3337550,
              1723600
            ]
          ],
          [
            [
              3337525,
              1730975
            ],
            [
              3337500,
              1730975
            ]
          ],
          [
            [
              3337550,
              1723600
            ],
            [
              3337575,
              1723600
            ]
          ],
          [
            [
              3337550,
              1730975
            ],
            [
              3337525,
              1730975
            ]
          ],
          [
            [
              3337575,
              1723600
            ],
            [
              3337600,
              1723600
            ]
          ],
          [
            [
              3337575,
              1730975
            ],
            [
              3337550,
              1730975
            ]
          ],
          [
            [
              3337600,
              1723600
            ],
            [
              3337625,
              1723600
            ]
          ],
          [
            [
              3337600,
              1730975
            ],
            [
              3337575,
              1730975
            ]
          ],
          [
            [
              3337625,
              1723600
            ],
            [
              3337650,
              1723600
            ]
          ],
          [
            [
              3337625,
              1730975
            ],
            [
              3337600,
              1730975
            ]
          ],
          [
            [
              3337650,
              1723600
            ],
            [
              3337675,
              1723600
            ]
          ],
          [
            [
              3337650,
              1730975
            ],
            [
              3337625,
              1730975
            ]
          ],
          [
            [
              3337675,
              1723600
            ],
            [
              3337700,
              1723600
            ]
          ],
          [
            [
              3337675,
              1730975
            ],
            [
              3337650,
              1730975
            ]
          ],
          [
            [
              3337700,
              1723600
            ],
            [
              3337725,
              1723600
            ]
          ],
          [
            [
              3337700,
              1730975
            ],
            [
              3337675,
              1730975
            ]
          ],
          [
            [
              3337725,
              1723600
            ],
            [
              3337750,
              1723600
            ]
          ],
          [
            [
              3337725,
              1730975
            ],
            [
              3337700,
              1730975
            ]
          ],
          [
            [
              3337750,
              1723600
            ],
            [
              3337775,
              1723600
            ]
          ],
          [
            [
              3337750,
              1730975
            ],
            [
              3337725,
              1730975
            ]
          ],
          [
            [
              3337775,
              1723600
            ],
            [
              3337800,
              1723600
            ]
          ],
          [
            [
              3337775,
              1730975
            ],
            [
              3337750,
              1730975
            ]
          ],
          [
            [
              3337800,
              1723600
            ],
            [
              3337825,
              1723600
            ]
          ],
          [
            [
              3337800,
              1730975
            ],
            [
              3337775,
              1730975
            ]
          ],
          [
            [
              3337825,
              1723600
            ],
            [
              3337850,
              1723600
            ]
          ],
          [
            [
              3337825,
              1730975
            ],
            [
              3337800,
              1730975
            ]
          ],
          [
            [
              3337850,
              1723600
            ],
            [
              3337875,
              1723600
            ]
          ],
          [
            [
              3337850,
              1730975
            ],
            [
              3337825,
              1730975
            ]
          ],
          [
            [
              3337875,
              1723600
            ],
            [
              3337900,
              1723600
            ]
          ],
          [
            [
              3337875,
              1730975
            ],
            [
              3337850,
              1730975
            ]
          ],
          [
            [
              3337900,
              1723600
            ],
            [
              3337925,
              1723600
            ]
          ],
          [
            [
              3337900,
              1730975
            ],
            [
              3337875,
              1730975
            ]
          ],
          [
            [
              3337925,
              1723600
            ],
            [
              3337950,
              1723600
            ]
          ],
          [
            [
              3337925,
              1730975
            ],
            [
              3337900,
              1730975
            ]
          ],
          [
            [
              3337950,
              1723600
            ],
            [
              3337975,
              1723600
            ]
          ],
          [
            [
              3337950,
              1730975
            ],
            [
              3337925,
              1730975
            ]
          ],
          [
            [
              3337975,
              1723600
            ],
            [
              3338000,
              1723600
            ]
          ],
          [
            [
              3337975,
              1730975
            ],
            [
              3337950,
              1730975
            ]
          ],
          [
            [
              3338000,
              1723600
            ],
            [
              3338025,
              1723600
            ]
          ],
          [
            [
              3338000,
              1730975
            ],
            [
              3337975,
              1730975
            ]
          ],
          [
            [
              3338025,
              1723600
            ],
            [
              3338050,
              1723600
            ]
          ],
          [
            [
              3338025,
              1730975
            ],
            [
              3338000,
              1730975
            ]
          ],
          [
            [
              3338050,
              1723600
            ],
            [
              3338075,
              1723600
            ]
          ],
          [
            [
              3338050,
              1730975
            ],
            [
              3338025,
              1730975
            ]
          ],
          [
            [
              3338075,
              1723600
            ],
            [
              3338100,
              1723600
            ]
          ],
          [
            [
              3338075,
              1730975
            ],
            [
              3338050,
              1730975
            ]
          ],
          [
            [
              3338100,
              1723600
            ],
            [
              3338125,
              1723600
            ]
          ],
          [
            [
              3338100,
              1730975
            ],
            [
              3338075,
              1730975
            ]
          ],
          [
            [
              3338125,
              1723600
            ],
            [
              3338150,
              1723600
            ]
          ],
          [
            [
              3338125,
              1730975
            ],
            [
              3338100,
              1730975
            ]
          ],
          [
            [
              3338150,
              1723600
            ],
            [
              3338175,
              1723600
            ]
          ],
          [
            [
              3338150,
              1730975
            ],
            [
              3338125,
              1730975
            ]
          ],
          [
            [
              3338175,
              1723600
            ],
            [
              3338200,
              1723600
            ]
          ],
          [
            [
              3338175,
              1730975
            ],
            [
              3338150,
              1730975
            ]
          ],
          [
            [
              3338200,
              1723600
            ],
            [
              3338225,
              1723600
            ]
          ],
          [
            [
              3338200,
              1730975
            ],
            [
              3338175,
              1730975
            ]
          ],
          [
            [
              3338225,
              1723600
            ],
            [
              3338250,
              1723600
            ]
          ],
          [
            [
              3338225,
              1730975
            ],
            [
              3338200,
              1730975
            ]
          ],
          [
            [
              3338250,
              1723600
            ],
            [
              3338275,
              1723600
            ]
          ],
          [
            [
              3338250,
              1730975
            ],
            [
              3338225,
              1730975
            ]
          ],
          [
            [
              3338275,
              1723600
            ],
            [
              3338300,
              1723600
            ]
          ],
          [
            [
              3338275,
              1730975
            ],
            [
              3338250,
              1730975
            ]
          ],
          [
            [
              3338300,
              1723600
            ],
            [
              3338325,
              1723600
            ]
          ],
          [
            [
              3338300,
              1730975
            ],
            [
              3338275,
              1730975
            ]
          ],
          [
            [
              3338325,
              1723600
            ],
            [
              3338350,
              1723600
            ]
          ],
          [
            [
              3338325,
              1730975
            ],
            [
              3338300,
              1730975
            ]
          ],
          [
            [
              3338350,
              1723600
            ],
            [
              3338375,
              1723600
            ]
          ],
          [
            [
              3338350,
              1730975
            ],
            [
              3338325,
              1730975
            ]
          ],
          [
            [
              3338375,
              1723600
            ],
            [
              3338400,
              1723600
            ]
          ],
          [
            [
              3338375,
              1730975
            ],
            [
              3338350,
              1730975
            ]
          ],
          [
            [
              3338400,
              1723600
            ],
            [
              3338425,
              1723600
            ]
          ],
          [
            [
              3338400,
              1730975
            ],
            [
              3338375,
              1730975
            ]
          ],
          [
            [
              3338425,
              1723600
            ],
            [
              3338450,
              1723600
            ]
          ],
          [
            [
              3338425,
              1730975
            ],
            [
              3338400,
              1730975
            ]
          ],
          [
            [
              3338450,
              1723600
            ],
            [
              3338475,
              1723600
            ]
          ],
          [
            [
              3338450,
              1730975
            ],
            [
              3338425,
              1730975
            ]
          ],
          [
            [
              3338475,
              1723600
            ],
            [
              3338500,
              1723600
            ]
          ],
          [
            [
              3338475,
              1730975
            ],
            [
              3338450,
              1730975
            ]
          ],
          [
            [
              3338500,
              1723600
            ],
            [
              3338525,
              1723600
            ]
          ],
          [
            [
              3338500,
              1730975
            ],
            [
              3338475,
              1730975
            ]
          ],
          [
            [
              3338525,
              1723600
            ],
            [
              3338550,
              1723600
            ]
          ],
          [
            [
              3338525,
              1730975
            ],
            [
              3338500,
              1730975
            ]
          ],
          [
            [
              3338550,
              1723600
            ],
            [
              3338575,
              1723600
            ]
          ],
          [
            [
              3338550,
              1730975
            ],
            [
              3338525,
              1730975
            ]
          ],
          [
            [
              3338575,
              1723600
            ],
            [
              3338600,
              1723600
            ]
          ],
          [
            [
              3338575,
              1730975
            ],
            [
              3338550,
              1730975
            ]
          ],
          [
            [
              3338600,
              1723600
            ],
            [
              3338625,
              1723600
            ]
          ],
          [
            [
              3338600,
              1730975
            ],
            [
              3338575,
              1730975
            ]
          ],
          [
            [
              3338625,
              1723600
            ],
            [
              3338650,
              1723600
            ]
          ],
          [
            [
              3338625,
              1730975
            ],
            [
              3338600,
              1730975
            ]
          ],
          [
            [
              3338650,
              1723600
            ],
            [
              3338675,
              1723600
            ]
          ],
          [
            [
              3338650,
              1730975
            ],
            [
              3338625,
              1730975
            ]
          ],
          [
            [
              3338675,
              1723600
            ],
            [
              3338700,
              1723600
            ]
          ],
          [
            [
              3338675,
              1730975
            ],
            [
              3338650,
              1730975
            ]
          ],
          [
            [
              3338700,
              1723600
            ],
            [
              3338725,
              1723600
            ]
          ],
          [
            [
              3338700,
              1730975
            ],
            [
              3338675,
              1730975
            ]
          ],
          [
            [
              3338725,
              1723600
            ],
            [
              3338750,
              1723600
            ]
          ],
          [
            [
              3338725,
              1730975
            ],
            [
              3338700,
              1730975
            ]
          ],
          [
            [
              3338750,
              1723600
            ],
            [
              3338775,
              1723600
            ]
          ],
          [
            [
              3338750,
              1730975
            ],
            [
              3338725,
              1730975
            ]
          ],
          [
            [
              3338775,
              1723600
            ],
            [
              3338800,
              1723600
            ]
          ],
          [
            [
              3338775,
              1730975
            ],
            [
              3338750,
              1730975
            ]
          ],
          [
            [
              3338800,
              1723600
            ],
            [
              3338825,
              1723600
            ]
          ],
          [
            [
              3338800,
              1730975
            ],
            [
              3338775,
              1730975
            ]
          ],
          [
            [
              3338825,
              1723600
            ],
            [
              3338850,
              1723600
            ]
          ],
          [
            [
              3338825,
              1730975
            ],
            [
              3338800,
              1730975
            ]
          ],
          [
            [
              3338850,
              1723600
            ],
            [
              3338875,
              1723600
            ]
          ],
          [
            [
              3338850,
              1730975
            ],
            [
              3338825,
              1730975
            ]
          ],
          [
            [
              3338875,
              1723600
            ],
            [
              3338900,
              1723600
            ]
          ],
          [
            [
              3338875,
              1730975
            ],
            [
              3338850,
              1730975
            ]
          ],
          [
            [
              3338900,
              1723600
            ],
            [
              3338925,
              1723600
            ]
          ],
          [
            [
              3338900,
              1730975
            ],
            [
              3338875,
              1730975
            ]
          ],
          [
            [
              3338925,
              1723600
            ],
            [
              3338950,
              1723600
            ]
          ],
          [
            [
              3338925,
              1730975
            ],
            [
              3338900,
              1730975
            ]
          ],
          [
            [
              3338950,
              1723600
            ],
            [
              3338975,
              1723600
            ]
          ],
          [
            [
              3338950,
              1730975
            ],
            [
              3338925,
              1730975
            ]
          ],
          [
            [
              3338975,
              1723600
            ],
            [
              3339000,
              1723600
            ]
          ],
          [
            [
              3338975,
              1730975
            ],
            [
              3338950,
              1730975
            ]
          ],
          [
            [
              3339000,
              1723600
            ],
            [
              3339025,
              1723600
            ]
          ],
          [
            [
              3339000,
              1730975
            ],
            [
              3338975,
              1730975
            ]
          ],
          [
            [
              3339025,
              1723600
            ],
            [
              3339050,
              1723600
            ]
          ],
          [
            [
              3339025,
              1730975
            ],
            [
              3339000,
              1730975
            ]
          ],
          [
            [
              3339050,
              1723600
            ],
            [
              3339075,
              1723600
            ]
          ],
          [
            [
              3339050,
              1730975
            ],
            [
              3339025,
              1730975
            ]
          ],
          [
            [
              3339075,
              1723600
            ],
            [
              3339100,
              1723600
            ]
          ],
          [
            [
              3339075,
              1730975
            ],
            [
              3339050,
              1730975
            ]
          ],
          [
            [
              3339100,
              1723600
            ],
            [
              3339125,
              1723600
            ]
          ],
          [
            [
              3339100,
              1730975
            ],
            [
              3339075,
              1730975
            ]
          ],
          [
            [
              3339125,
              1723600
            ],
            [
              3339150,
              1723600
            ]
          ],
          [
            [
              3339125,
              1730975
            ],
            [
              3339100,
              1730975
            ]
          ],
          [
            [
              3339150,
              1723600
            ],
            [
              3339175,
              1723600
            ]
          ],
          [
            [
              3339150,
              1730975
            ],
            [
              3339125,
              1730975
            ]
          ],
          [
            [
              3339175,
              1723600
            ],
            [
              3339200,
              1723600
            ]
          ],
          [
            [
              3339175,
              1730975
            ],
            [
              3339150,
              1730975
            ]
          ],
          [
            [
              3339200,
              1723600
            ],
            [
              3339225,
              1723600
            ]
          ],
          [
            [
              3339200,
              1730975
            ],
            [
              3339175,
              1730975
            ]
          ],
          [
            [
              3339225,
              1723600
            ],
            [
              3339250,
              1723600
            ]
          ],
          [
            [
              3339225,
              1730975
            ],
            [
              3339200,
              1730975
            ]
          ],
          [
            [
              3339250,
              1723600
            ],
            [
              3339275,
              1723600
            ]
          ],
          [
            [
              3339250,
              1730975
            ],
            [
              3339225,
              1730975
            ]
          ],
          [
            [
              3339275,
              1723600
            ],
            [
              3339300,
              1723600
            ]
          ],
          [
            [
              3339275,
              1730975
            ],
            [
              3339250,
              1730975
            ]
          ],
          [
            [
              3339300,
              1723600
            ],
            [
              3339325,
              1723600
            ]
          ],
          [
            [
              3339300,
              1730975
            ],
            [
              3339275,
              1730975
            ]
          ],
          [
            [
              3339325,
              1723600
            ],
            [
              3339350,
              1723600
            ]
          ],
          [
            [
              3339325,
              1730975
            ],
            [
              3339300,
              1730975
            ]
          ],
          [
            [
              3339350,
              1723600
            ],
            [
              3339375,
              1723600
            ]
          ],
          [
            [
              3339350,
              1730975
            ],
            [
              3339325,
              1730975
            ]
          ],
          [
            [
              3339375,
              1723600
            ],
            [
              3339400,
              1723600
            ]
          ],
          [
            [
              3339375,
              1730975
            ],
            [
              3339350,
              1730975
            ]
          ],
          [
            [
              3339400,
              1723600
            ],
            [
              3339425,
              1723600
            ]
          ],
          [
            [
              3339400,
              1730975
            ],
            [
              3339375,
              1730975
            ]
          ],
          [
            [
              3339425,
              1723600
            ],
            [
              3339450,
              1723600
            ]
          ],
          [
            [
              3339425,
              1730975
            ],
            [
              3339400,
              1730975
            ]
          ],
          [
            [
              3339450,
              1723600
            ],
            [
              3339475,
              1723600
            ]
          ],
          [
            [
              3339450,
              1730975
            ],
            [
              3339425,
              1730975
            ]
          ],
          [
            [
              3339475,
              1723600
            ],
            [
              3339500,
              1723600
            ]
          ],
          [
            [
              3339475,
              1730975
            ],
            [
              3339450,
              1730975
            ]
          ],
          [
            [
              3339500,
              1723600
            ],
            [
              3339525,
              1723600
            ]
          ],
          [
            [
              3339500,
              1730975
            ],
            [
              3339475,
              1730975
            ]
          ],
          [
            [
              3339525,
              1723600
            ],
            [
              3339550,
              1723600
            ]
          ],
          [
            [
              3339525,
              1730975
            ],
            [
              3339500,
              1730975
            ]
          ],
          [
            [
              3339550,
              1723600
            ],
            [
              3339575,
              1723600
            ]
          ],
          [
            [
              3339550,
              1730975
            ],
            [
              3339525,
              1730975
            ]
          ],
          [
            [
              3339575,
              1723600
            ],
            [
              3339600,
              1723600
            ]
          ],
          [
            [
              3339575,
              1730975
            ],
            [
              3339550,
              1730975
            ]
          ],
          [
            [
              3339600,
              1723600
            ],
            [
              3339625,
              1723600
            ]
          ],
          [
            [
              3339600,
              1730975
            ],
            [
              3339575,
              1730975
            ]
          ],
          [
            [
              3339625,
              1723600
            ],
            [
              3339650,
              1723600
            ]
          ],
          [
            [
              3339625,
              1730975
            ],
            [
              3339600,
              1730975
            ]
          ],
          [
            [
              3339650,
              1723600
            ],
            [
              3339675,
              1723600
            ]
          ],
          [
            [
              3339650,
              1730975
            ],
            [
              3339625,
              1730975
            ]
          ],
          [
            [
              3339675,
              1723600
            ],
            [
              3339700,
              1723600
            ]
          ],
          [
            [
              3339675,
              1730975
            ],
            [
              3339650,
              1730975
            ]
          ],
          [
            [
              3339700,
              1723600
            ],
            [
              3339725,
              1723600
            ]
          ],
          [
            [
              3339700,
              1730975
            ],
            [
              3339675,
              1730975
            ]
          ],
          [
            [
              3339725,
              1723600
            ],
            [
              3339750,
              1723600
            ]
          ],
          [
            [
              3339725,
              1730975
            ],
            [
              3339700,
              1730975
            ]
          ],
          [
            [
              3339750,
              1723600
            ],
            [
              3339775,
              1723600
            ]
          ],
          [
            [
              3339750,
              1730975
            ],
            [
              3339725,
              1730975
            ]
          ],
          [
            [
              3339775,
              1723600
            ],
            [
              3339800,
              1723600
            ]
          ],
          [
            [
              3339775,
              1730975
            ],
            [
              3339750,
              1730975
            ]
          ],
          [
            [
              3339800,
              1723600
            ],
            [
              3339825,
              1723600
            ]
          ],
          [
            [
              3339800,
              1730975
            ],
            [
              3339775,
              1730975
            ]
          ],
          [
            [
              3339825,
              1723600
            ],
            [
              3339850,
              1723600
            ]
          ],
          [
            [
              3339825,
              1730975
            ],
            [
              3339800,
              1730975
            ]
          ],
          [
            [
              3339850,
              1723600
            ],
            [
              3339875,
              1723600
            ]
          ],
          [
            [
              3339850,
              1730975
            ],
            [
              3339825,
              1730975
            ]
          ],
          [
            [
              3339875,
              1723600
            ],
            [
              3339900,
              1723600
            ]
          ],
          [
            [
              3339875,
              1730975
            ],
            [
              3339850,
              1730975
            ]
          ],
          [
            [
              3339900,
              1723600
            ],
            [
              3339925,
              1723600
            ]
          ],
          [
            [
              3339900,
              1730975
            ],
            [
              3339875,
              1730975
            ]
          ],
          [
            [
              3339925,
              1723600
            ],
            [
              3339950,
              1723600
            ]
          ],
          [
            [
              3339925,
              1730975
            ],
            [
              3339900,
              1730975
            ]
          ],
          [
            [
              3339950,
              1723600
            ],
            [
              3339975,
              1723600
            ]
          ],
          [
            [
              3339950,
              1730975
            ],
            [
              3339925,
              1730975
            ]
          ],
          [
            [
              3339975,
              1723600
            ],
            [
              3340000,
              1723600
            ]
          ],
          [
            [
              3339975,
              1730975
            ],
            [
              3339950,
              1730975
            ]
          ],
          [
            [
              3340000,
              1723600
            ],
            [
              3340025,
              1723600
            ]
          ],
          [
            [
              3340000,
              1730975
            ],
            [
              3339975,
              1730975
            ]
          ],
          [
            [
              3340025,
              1723600
            ],
            [
              3340050,
              1723600
            ]
          ],
          [
            [
              3340025,
              1730975
            ],
            [
              3340000,
              1730975
            ]
          ],
          [
            [
              3340050,
              1723600
            ],
            [
              3340075,
              1723600
            ]
          ],
          [
            [
              3340050,
              1730975
            ],
            [
              3340025,
              1730975
            ]
          ],
          [
            [
              3340075,
              1723600
            ],
            [
              3340100,
              1723600
            ]
          ],
          [
            [
              3340075,
              1730975
            ],
            [
              3340050,
              1730975
            ]
          ],
          [
            [
              3340100,
              1723600
            ],
            [
              3340125,
              1723600
            ]
          ],
          [
            [
              3340100,
              1730975
            ],
            [
              3340075,
              1730975
            ]
          ],
          [
            [
              3340125,
              1723600
            ],
            [
              3340150,
              1723600
            ]
          ],
          [
            [
              3340125,
              1730975
            ],
            [
              3340100,
              1730975
            ]
          ],
          [
            [
              3340150,
              1723600
            ],
            [
              3340175,
              1723600
            ]
          ],
          [
            [
              3340150,
              1730975
            ],
            [
              3340125,
              1730975
            ]
          ],
          [
            [
              3340175,
              1723600
            ],
            [
              3340200,
              1723600
            ]
          ],
          [
            [
              3340175,
              1730975
            ],
            [
              3340150,
              1730975
            ]
          ],
          [
            [
              3340200,
              1723600
            ],
            [
              3340225,
              1723600
            ]
          ],
          [
            [
              3340200,
              1730975
            ],
            [
              3340175,
              1730975
            ]
          ],
          [
            [
              3340225,
              1723600
            ],
            [
              3340250,
              1723600
            ]
          ],
          [
            [
              3340225,
              1730975
            ],
            [
              3340200,
              1730975
            ]
          ],
          [
            [
              3340250,
              1723600
            ],
            [
              3340275,
              1723600
            ]
          ],
          [
            [
              3340250,
              1730975
            ],
            [
              3340225,
              1730975
            ]
          ],
          [
            [
              3340275,
              1723600
            ],
            [
              3340300,
              1723600
            ]
          ],
          [
            [
              3340275,
              1730975
            ],
            [
              3340250,
              1730975
            ]
          ],
          [
            [
              3340300,
              1723600
            ],
            [
              3340325,
              1723600
            ]
          ],
          [
            [
              3340300,
              1730975
            ],
            [
              3340275,
              1730975
            ]
          ],
          [
            [
              3340325,
              1723600
            ],
            [
              3340350,
              1723600
            ]
          ],
          [
            [
              3340325,
              1730975
            ],
            [
              3340300,
              1730975
            ]
          ],
          [
            [
              3340350,
              1723600
            ],
            [
              3340375,
              1723600
            ]
          ],
          [
            [
              3340350,
              1730975
            ],
            [
              3340325,
              1730975
            ]
          ],
          [
            [
              3340375,
              1723600
            ],
            [
              3340400,
              1723600
            ]
          ],
          [
            [
              3340375,
              1730975
            ],
            [
              3340350,
              1730975
            ]
          ],
          [
            [
              3340400,
              1723600
            ],
            [
              3340425,
              1723600
            ]
          ],
          [
            [
              3340400,
              1730975
            ],
            [
              3340375,
              1730975
            ]
          ],
          [
            [
              3340425,
              1723600
            ],
            [
              3340450,
              1723600
            ]
          ],
          [
            [
              3340425,
              1730975
            ],
            [
              3340400,
              1730975
            ]
          ],
          [
            [
              3340450,
              1723600
            ],
            [
              3340475,
              1723600
            ]
          ],
          [
            [
              3340450,
              1730975
            ],
            [
              3340425,
              1730975
            ]
          ],
          [
            [
              3340475,
              1723600
            ],
            [
              3340500,
              1723600
            ]
          ],
          [
            [
              3340475,
              1730975
            ],
            [
              3340450,
              1730975
            ]
          ],
          [
            [
              3340500,
              1723600
            ],
            [
              3340525,
              1723600
            ]
          ],
          [
            [
              3340500,
              1730975
            ],
            [
              3340475,
              1730975
            ]
          ],
          [
            [
              3340525,
              1723600
            ],
            [
              3340550,
              1723600
            ]
          ],
          [
            [
              3340525,
              1730975
            ],
            [
              3340500,
              1730975
            ]
          ],
          [
            [
              3340550,
              1723600
            ],
            [
              3340575,
              1723600
            ]
          ],
          [
            [
              3340550,
              1730975
            ],
            [
              3340525,
              1730975
            ]
          ],
          [
            [
              3340575,
              1723600
            ],
            [
              3340600,
              1723600
            ]
          ],
          [
            [
              3340575,
              1730975
            ],
            [
              3340550,
              1730975
            ]
          ],
          [
            [
              3340600,
              1723600
            ],
            [
              3340625,
              1723600
            ]
          ],
          [
            [
              3340600,
              1730975
            ],
            [
              3340575,
              1730975
            ]
          ],
          [
            [
              3340625,
              1723600
            ],
            [
              3340650,
              1723600
            ]
          ],
          [
            [
              3340625,
              1730975
            ],
            [
              3340600,
              1730975
            ]
          ],
          [
            [
              3340650,
              1723600
            ],
            [
              3340675,
              1723600
            ]
          ],
          [
            [
              3340650,
              1730975
            ],
            [
              3340625,
              1730975
            ]
          ],
          [
            [
              3340675,
              1723600
            ],
            [
              3340700,
              1723600
            ]
          ],
          [
            [
              3340675,
              1730975
            ],
            [
              3340650,
              1730975
            ]
          ],
          [
            [
              3340700,
              1723600
            ],
            [
              3340725,
              1723600
            ]
          ],
          [
            [
              3340700,
              1730975
            ],
            [
              3340675,
              1730975
            ]
          ],
          [
            [
              3340725,
              1723600
            ],
            [
              3340750,
              1723600
            ]
          ],
          [
            [
              3340725,
              1730975
            ],
            [
              3340700,
              1730975
            ]
          ],
          [
            [
              3340750,
              1723600
            ],
            [
              3340775,
              1723600
            ]
          ],
          [
            [
              3340750,
              1730975
            ],
            [
              3340725,
              1730975
            ]
          ],
          [
            [
              3340775,
              1723600
            ],
            [
              3340800,
              1723600
            ]
          ],
          [
            [
              3340775,
              1730975
            ],
            [
              3340750,
              1730975
            ]
          ],
          [
            [
              3340800,
              1723600
            ],
            [
              3340825,
              1723600
            ]
          ],
          [
            [
              3340800,
              1730975
            ],
            [
              3340775,
              1730975
            ]
          ],
          [
            [
              3340825,
              1723600
            ],
            [
              3340850,
              1723600
            ]
          ],
          [
            [
              3340825,
              1730975
            ],
            [
              3340800,
              1730975
            ]
          ],
          [
            [
              3340850,
              1723600
            ],
            [
              3340875,
              1723600
            ]
          ],
          [
            [
              3340850,
              1730975
            ],
            [
              3340825,
              1730975
            ]
          ],
          [
            [
              3340875,
              1723600
            ],
            [
              3340900,
              1723600
            ]
          ],
          [
            [
              3340875,
              1730975
            ],
            [
              3340850,
              1730975
            ]
          ],
          [
            [
              3340900,
              1723600
            ],
            [
              3340925,
              1723600
            ]
          ],
          [
            [
              3340900,
              1730975
            ],
            [
              3340875,
              1730975
            ]
          ],
          [
            [
              3340925,
              1723600
            ],
            [
              3340950,
              1723600
            ]
          ],
          [
            [
              3340925,
              1730975
            ],
            [
              3340900,
              1730975
            ]
          ],
          [
            [
              3340950,
              1723600
            ],
            [
              3340975,
              1723600
            ]
          ],
          [
            [
              3340950,
              1730975
            ],
            [
              3340925,
              1730975
            ]
          ],
          [
            [
              3340975,
              1723600
            ],
            [
              3341000,
              1723600
            ]
          ],
          [
            [
              3340975,
              1730975
            ],
            [
              3340950,
              1730975
            ]
          ],
          [
            [
              3341000,
              1723600
            ],
            [
              3341025,
              1723600
            ]
          ],
          [
            [
              3341000,
              1730975
            ],
            [
              3340975,
              1730975
            ]
          ],
          [
            [
              3341025,
              1723600
            ],
            [
              3341050,
              1723600
            ]
          ],
          [
            [
              3341025,
              1730975
            ],
            [
              3341000,
              1730975
            ]
          ],
          [
            [
              3341050,
              1723600
            ],
            [
              3341075,
              1723600
            ]
          ],
          [
            [
              3341050,
              1730975
            ],
            [
              3341025,
              1730975
            ]
          ],
          [
            [
              3341075,
              1723600
            ],
            [
              3341100,
              1723600
            ]
          ],
          [
            [
              3341075,
              1730975
            ],
            [
              3341050,
              1730975
            ]
          ],
          [
            [
              3341100,
              1723600
            ],
            [
              3341125,
              1723600
            ]
          ],
          [
            [
              3341100,
              1730975
            ],
            [
              3341075,
              1730975
            ]
          ],
          [
            [
              3341125,
              1723600
            ],
            [
              3341150,
              1723600
            ]
          ],
          [
            [
              3341125,
              1730975
            ],
            [
              3341100,
              1730975
            ]
          ],
          [
            [
              3341150,
              1723600
            ],
            [
              3341175,
              1723600
            ]
          ],
          [
            [
              3341150,
              1730975
            ],
            [
              3341125,
              1730975
            ]
          ],
          [
            [
              3341175,
              1723600
            ],
            [
              3341200,
              1723600
            ]
          ],
          [
            [
              3341175,
              1730975
            ],
            [
              3341150,
              1730975
            ]
          ],
          [
            [
              3341200,
              1723600
            ],
            [
              3341225,
              1723600
            ]
          ],
          [
            [
              3341200,
              1730975
            ],
            [
              3341175,
              1730975
            ]
          ],
          [
            [
              3341225,
              1723600
            ],
            [
              3341250,
              1723600
            ]
          ],
          [
            [
              3341225,
              1730975
            ],
            [
              3341200,
              1730975
            ]
          ],
          [
            [
              3341250,
              1723600
            ],
            [
              3341275,
              1723600
            ]
          ],
          [
            [
              3341250,
              1730975
            ],
            [
              3341225,
              1730975
            ]
          ],
          [
            [
              3341275,
              1723600
            ],
            [
              3341300,
              1723600
            ]
          ],
          [
            [
              3341275,
              1730975
            ],
            [
              3341250,
              1730975
            ]
          ],
          [
            [
              3341300,
              1723600
            ],
            [
              3341325,
              1723600
            ]
          ],
          [
            [
              3341300,
              1730975
            ],
            [
              3341275,
              1730975
            ]
          ],
          [
            [
              3341325,
              1723600
            ],
            [
              3341350,
              1723600
            ]
          ],
          [
            [
              3341325,
              1730975
            ],
            [
              3341300,
              1730975
            ]
          ],
          [
            [
              3341350,
              1723600
            ],
            [
              3341375,
              1723600
            ]
          ],
          [
            [
              3341350,
              1730975
            ],
            [
              3341325,
              1730975
            ]
          ],
          [
            [
              3341375,
              1723600
            ],
            [
              3341400,
              1723600
            ]
          ],
          [
            [
              3341375,
              1730975
            ],
            [
              3341350,
              1730975
            ]
          ],
          [
            [
              3341400,
              1723600
            ],
            [
              3341425,
              1723600
            ]
          ],
          [
            [
              3341400,
              1730975
            ],
            [
              3341375,
              1730975
            ]
          ],
          [
            [
              3341425,
              1723600
            ],
            [
              3341450,
              1723600
            ]
          ],
          [
            [
              3341425,
              1730975
            ],
            [
              3341400,
              1730975
            ]
          ],
          [
            [
              3341450,
              1723600
            ],
            [
              3341475,
              1723600
            ]
          ],
          [
            [
              3341450,
              1730975
            ],
            [
              3341425,
              1730975
            ]
          ],
          [
            [
              3341475,
              1723600
            ],
            [
              3341500,
              1723600
            ]
          ],
          [
            [
              3341475,
              1730975
            ],
            [
              3341450,
              1730975
            ]
          ],
          [
            [
              3341500,
              1723600
            ],
            [
              3341525,
              1723600
            ]
          ],
          [
            [
              3341500,
              1730975
            ],
            [
              3341475,
              1730975
            ]
          ],
          [
            [
              3341525,
              1723600
            ],
            [
              3341550,
              1723600
            ]
          ],
          [
            [
              3341525,
              1730975
            ],
            [
              3341500,
              1730975
            ]
          ],
          [
            [
              3341550,
              1723600
            ],
            [
              3341575,
              1723600
            ]
          ],
          [
            [
              3341550,
              1730975
            ],
            [
              3341525,
              1730975
            ]
          ],
          [
            [
              3341575,
              1723600
            ],
            [
              3341600,
              1723600
            ]
          ],
          [
            [
              3341575,
              1730975
            ],
            [
              3341550,
              1730975
            ]
          ],
          [
            [
              3341600,
              1723600
            ],
            [
              3341625,
              1723600
            ]
          ],
          [
            [
              3341600,
              1730975
            ],
            [
              3341575,
              1730975
            ]
          ],
          [
            [
              3341625,
              1723600
            ],
            [
              3341650,
              1723600
            ]
          ],
          [
            [
              3341625,
              1730975
            ],
            [
              3341600,
              1730975
            ]
          ],
          [
            [
              3341650,
              1723600
            ],
            [
              3341675,
              1723600
            ]
          ],
          [
            [
              3341650,
              1730975
            ],
            [
              3341625,
              1730975
            ]
          ],
          [
            [
              3341675,
              1723600
            ],
            [
              3341700,
              1723600
            ]
          ],
          [
            [
              3341675,
              1730975
            ],
            [
              3341650,
              1730975
            ]
          ],
          [
            [
              3341700,
              1723600
            ],
            [
              3341725,
              1723600
            ]
          ],
          [
            [
              3341700,
              1730975
            ],
            [
              3341675,
              1730975
            ]
          ],
          [
            [
              3341725,
              1723600
            ],
            [
              3341750,
              1723600
            ]
          ],
          [
            [
              3341725,
              1730975
            ],
            [
              3341700,
              1730975
            ]
          ],
          [
            [
              3341750,
              1723600
            ],
            [
              3341775,
              1723600
            ]
          ],
          [
            [
              3341750,
              1730975
            ],
            [
              3341725,
              1730975
            ]
          ],
          [
            [
              3341775,
              1723600
            ],
            [
              3341800,
              1723600
            ]
          ],
          [
            [
              3341775,
              1730975
            ],
            [
              3341750,
              1730975
            ]
          ],
          [
            [
              3341800,
              1723600
            ],
            [
              3341825,
              1723600
            ]
          ],
          [
            [
              3341800,
              1730975
            ],
            [
              3341775,
              1730975
            ]
          ],
          [
            [
              3341825,
              1723600
            ],
            [
              3341850,
              1723600
            ]
          ],
          [
            [
              3341825,
              1730975
            ],
            [
              3341800,
              1730975
            ]
          ],
          [
            [
              3341850,
              1723600
            ],
            [
              3341875,
              1723600
            ]
          ],
          [
            [
              3341850,
              1730975
            ],
            [
              3341825,
              1730975
            ]
          ],
          [
            [
              3341875,
              1723600
            ],
            [
              3341900,
              1723600
            ]
          ],
          [
            [
              3341875,
              1730975
            ],
            [
              3341850,
              1730975
            ]
          ],
          [
            [
              3341900,
              1723600
            ],
            [
              3341925,
              1723600
            ]
          ],
          [
            [
              3341900,
              1730975
            ],
            [
              3341875,
              1730975
            ]
          ],
          [
            [
              3341925,
              1723600
            ],
            [
              3341950,
              1723600
            ]
          ],
          [
            [
              3341925,
              1730975
            ],
            [
              3341900,
              1730975
            ]
          ],
          [
            [
              3341950,
              1723600
            ],
            [
              3341975,
              1723600
            ]
          ],
          [
            [
              3341950,
              1730975
            ],
            [
              3341925,
              1730975
            ]
          ],
          [
            [
              3341975,
              1723600
            ],
            [
              3342000,
              1723600
            ]
          ],
          [
            [
              3341975,
              1730975
            ],
            [
              3341950,
              1730975
            ]
          ],
          [
            [
              3342000,
              1723600
            ],
            [
              3342025,
              1723600
            ]
          ],
          [
            [
              3342000,
              1730975
            ],
            [
              3341975,
              1730975
            ]
          ],
          [
            [
              3342025,
              1723600
            ],
            [
              3342050,
              1723600
            ]
          ],
          [
            [
              3342025,
              1730975
            ],
            [
              3342000,
              1730975
            ]
          ],
          [
            [
              3342050,
              1723600
            ],
            [
              3342075,
              1723600
            ]
          ],
          [
            [
              3342050,
              1730975
            ],
            [
              3342025,
              1730975
            ]
          ],
          [
            [
              3342075,
              1723600
            ],
            [
              3342100,
              1723600
            ]
          ],
          [
            [
              3342075,
              1730975
            ],
            [
              3342050,
              1730975
            ]
          ],
          [
            [
              3342100,
              1723600
            ],
            [
              3342125,
              1723600
            ]
          ],
          [
            [
              3342100,
              1730975
            ],
            [
              3342075,
              1730975
            ]
          ],
          [
            [
              3342125,
              1723600
            ],
            [
              3342150,
              1723600
            ]
          ],
          [
            [
              3342125,
              1730975
            ],
            [
              3342100,
              1730975
            ]
          ],
          [
            [
              3342150,
              1723600
            ],
            [
              3342175,
              1723600
            ]
          ],
          [
            [
              3342150,
              1730975
            ],
            [
              3342125,
              1730975
            ]
          ],
          [
            [
              3342175,
              1723600
            ],
            [
              3342200,
              1723600
            ]
          ],
          [
            [
              3342175,
              1730975
            ],
            [
              3342150,
              1730975
            ]
          ],
          [
            [
              3342200,
              1723600
            ],
            [
              3342225,
              1723600
            ]
          ],
          [
            [
              3342200,
              1730975
            ],
            [
              3342175,
              1730975
            ]
          ],
          [
            [
              3342225,
              1723600
            ],
            [
              3342250,
              1723600
            ]
          ],
          [
            [
              3342225,
              1730975
            ],
            [
              3342200,
              1730975
            ]
          ],
          [
            [
              3342250,
              1723600
            ],
            [
              3342275,
              1723600
            ]
          ],
          [
            [
              3342250,
              1730975
            ],
            [
              3342225,
              1730975
            ]
          ],
          [
            [
              3342275,
              1723600
            ],
            [
              3342300,
              1723600
            ]
          ],
          [
            [
              3342275,
              1730975
            ],
            [
              3342250,
              1730975
            ]
          ],
          [
            [
              3342300,
              1723600
            ],
            [
              3342325,
              1723600
            ]
          ],
          [
            [
              3342300,
              1730975
            ],
            [
              3342275,
              1730975
            ]
          ],
          [
            [
              3342325,
              1723600
            ],
            [
              3342350,
              1723600
            ]
          ],
          [
            [
              3342325,
              1730975
            ],
            [
              3342300,
              1730975
            ]
          ],
          [
            [
              3342350,
              1723600
            ],
            [
              3342375,
              1723600
            ]
          ],
          [
            [
              3342350,
              1730975
            ],
            [
              3342325,
              1730975
            ]
          ],
          [
            [
              3342375,
              1723600
            ],
            [
              3342400,
              1723600
            ]
          ],
          [
            [
              3342375,
              1730975
            ],
            [
              3342350,
              1730975
            ]
          ],
          [
            [
              3342400,
              1723600
            ],
            [
              3342425,
              1723600
            ]
          ],
          [
            [
              3342400,
              1730975
            ],
            [
              3342375,
              1730975
            ]
          ],
          [
            [
              3342425,
              1723600
            ],
            [
              3342450,
              1723600
            ]
          ],
          [
            [
              3342425,
              1730975
            ],
            [
              3342400,
              1730975
            ]
          ],
          [
            [
              3342450,
              1723600
            ],
            [
              3342475,
              1723600
            ]
          ],
          [
            [
              3342450,
              1730975
            ],
            [
              3342425,
              1730975
            ]
          ],
          [
            [
              3342475,
              1723600
            ],
            [
              3342500,
              1723600
            ]
          ],
          [
            [
              3342475,
              1730975
            ],
            [
              3342450,
              1730975
            ]
          ],
          [
            [
              3342500,
              1723600
            ],
            [
              3342525,
              1723600
            ]
          ],
          [
            [
              3342500,
              1730975
            ],
            [
              3342475,
              1730975
            ]
          ],
          [
            [
              3342525,
              1723600
            ],
            [
              3342550,
              1723600
            ]
          ],
          [
            [
              3342525,
              1730975
            ],
            [
              3342500,
              1730975
            ]
          ],
          [
            [
              3342550,
              1723600
            ],
            [
              3342575,
              1723600
            ]
          ],
          [
            [
              3342550,
              1730975
            ],
            [
              3342525,
              1730975
            ]
          ],
          [
            [
              3342575,
              1723600
            ],
            [
              3342600,
              1723600
            ]
          ],
          [
            [
              3342575,
              1730975
            ],
            [
              3342550,
              1730975
            ]
          ],
          [
            [
              3342600,
              1723600
            ],
            [
              3342625,
              1723600
            ]
          ],
          [
            [
              3342600,
              1730975
            ],
            [
              3342575,
              1730975
            ]
          ],
          [
            [
              3342625,
              1723600
            ],
            [
              3342650,
              1723600
            ]
          ],
          [
            [
              3342625,
              1730975
            ],
            [
              3342600,
              1730975
            ]
          ],
          [
            [
              3342650,
              1723600
            ],
            [
              3342675,
              1723600
            ]
          ],
          [
            [
              3342650,
              1730975
            ],
            [
              3342625,
              1730975
            ]
          ],
          [
            [
              3342675,
              1723600
            ],
            [
              3342700,
              1723600
            ]
          ],
          [
            [
              3342675,
              1730975
            ],
            [
              3342650,
              1730975
            ]
          ],
          [
            [
              3342700,
              1723600
            ],
            [
              3342725,
              1723600
            ]
          ],
          [
            [
              3342700,
              1730975
            ],
            [
              3342675,
              1730975
            ]
          ],
          [
            [
              3342725,
              1723600
            ],
            [
              3342750,
              1723600
            ]
          ],
          [
            [
              3342725,
              1730975
            ],
            [
              3342700,
              1730975
            ]
          ],
          [
            [
              3342750,
              1723600
            ],
            [
              3342775,
              1723600
            ]
          ],
          [
            [
              3342750,
              1730975
            ],
            [
              3342725,
              1730975
            ]
          ],
          [
            [
              3342775,
              1723600
            ],
            [
              3342800,
              1723600
            ]
          ],
          [
            [
              3342775,
              1730975
            ],
            [
              3342750,
              1730975
            ]
          ],
          [
            [
              3342800,
              1723600
            ],
            [
              3342825,
              1723600
            ]
          ],
          [
            [
              3342800,
              1730975
            ],
            [
              3342775,
              1730975
            ]
          ],
          [
            [
              3342825,
              1723600
            ],
            [
              3342850,
              1723600
            ]
          ],
          [
            [
              3342825,
              1730975
            ],
            [
              3342800,
              1730975
            ]
          ],
          [
            [
              3342850,
              1723600
            ],
            [
              3342875,
              1723600
            ]
          ],
          [
            [
              3342850,
              1730975
            ],
            [
              3342825,
              1730975
            ]
          ],
          [
            [
              3342875,
              1723600
            ],
            [
              3342900,
              1723600
            ]
          ],
          [
            [
              3342875,
              1730975
            ],
            [
              3342850,
              1730975
            ]
          ],
          [
            [
              3342900,
              1723600
            ],
            [
              3342925,
              1723600
            ]
          ],
          [
            [
              3342900,
              1730975
            ],
            [
              3342875,
              1730975
            ]
          ],
          [
            [
              3342925,
              1723600
            ],
            [
              3342950,
              1723600
            ]
          ],
          [
            [
              3342925,
              1730975
            ],
            [
              3342900,
              1730975
            ]
          ],
          [
            [
              3342950,
              1723600
            ],
            [
              3342975,
              1723600
            ]
          ],
          [
            [
              3342950,
              1730975
            ],
            [
              3342925,
              1730975
            ]
          ],
          [
            [
              3342975,
              1723600
            ],
            [
              3343000,
              1723600
            ]
          ],
          [
            [
              3342975,
              1730975
            ],
            [
              3342950,
              1730975
            ]
          ],
          [
            [
              3343000,
              1723600
            ],
            [
              3343025,
              1723600
            ]
          ],
          [
            [
              3343000,
              1730975
            ],
            [
              3342975,
              1730975
            ]
          ],
          [
            [
              3343025,
              1723600
            ],
            [
              3343050,
              1723600
            ]
          ],
          [
            [
              3343025,
              1730975
            ],
            [
              3343000,
              1730975
            ]
          ],
          [
            [
              3343050,
              1723600
            ],
            [
              3343075,
              1723600
            ]
          ],
          [
            [
              3343050,
              1730975
            ],
            [
              3343025,
              1730975
            ]
          ],
          [
            [
              3343075,
              1723600
            ],
            [
              3343100,
              1723600
            ]
          ],
          [
            [
              3343075,
              1730975
            ],
            [
              3343050,
              1730975
            ]
          ],
          [
            [
              3343100,
              1723600
            ],
            [
              3343125,
              1723600
            ]
          ],
          [
            [
              3343100,
              1730975
            ],
            [
              3343075,
              1730975
            ]
          ],
          [
            [
              3343125,
              1723600
            ],
            [
              3343150,
              1723600
            ]
          ],
          [
            [
              3343125,
              1730975
            ],
            [
              3343100,
              1730975
            ]
          ],
          [
            [
              3343150,
              1723600
            ],
            [
              3343175,
              1723600
            ]
          ],
          [
            [
              3343150,
              1730975
            ],
            [
              3343125,
              1730975
            ]
          ],
          [
            [
              3343175,
              1723600
            ],
            [
              3343200,
              1723600
            ]
          ],
          [
            [
              3343175,
              1730975
            ],
            [
              3343150,
              1730975
            ]
          ],
          [
            [
              3343200,
              1723600
            ],
            [
              3343225,
              1723600
            ]
          ],
          [
            [
              3343200,
              1730975
            ],
            [
              3343175,
              1730975
            ]
          ],
          [
            [
              3343225,
              1723600
            ],
            [
              3343250,
              1723600
            ]
          ],
          [
            [
              3343225,
              1730975
            ],
            [
              3343200,
              1730975
            ]
          ],
          [
            [
              3343250,
              1723600
            ],
            [
              3343275,
              1723600
            ]
          ],
          [
            [
              3343250,
              1730975
            ],
            [
              3343225,
              1730975
            ]
          ],
          [
            [
              3343275,
              1723600
            ],
            [
              3343300,
              1723600
            ]
          ],
          [
            [
              3343275,
              1730975
            ],
            [
              3343250,
              1730975
            ]
          ],
          [
            [
              3343300,
              1723600
            ],
            [
              3343325,
              1723600
            ]
          ],
          [
            [
              3343300,
              1730975
            ],
            [
              3343275,
              1730975
            ]
          ],
          [
            [
              3343325,
              1723600
            ],
            [
              3343350,
              1723600
            ]
          ],
          [
            [
              3343325,
              1730975
            ],
            [
              3343300,
              1730975
            ]
          ],
          [
            [
              3343350,
              1723600
            ],
            [
              3343375,
              1723600
            ]
          ],
          [
            [
              3343350,
              1730975
            ],
            [
              3343325,
              1730975
            ]
          ],
          [
            [
              3343375,
              1723600
            ],
            [
              3343400,
              1723600
            ]
          ],
          [
            [
              3343375,
              1730975
            ],
            [
              3343350,
              1730975
            ]
          ],
          [
            [
              3343400,
              1723600
            ],
            [
              3343425,
              1723600
            ]
          ],
          [
            [
              3343400,
              1730975
            ],
            [
              3343375,
              1730975
            ]
          ],
          [
            [
              3343425,
              1723600
            ],
            [
              3343450,
              1723600
            ]
          ],
          [
            [
              3343425,
              1730975
            ],
            [
              3343400,
              1730975
            ]
          ],
          [
            [
              3343450,
              1723600
            ],
            [
              3343475,
              1723600
            ]
          ],
          [
            [
              3343450,
              1730975
            ],
            [
              3343425,
              1730975
            ]
          ],
          [
            [
              3343475,
              1723600
            ],
            [
              3343500,
              1723600
            ]
          ],
          [
            [
              3343475,
              1730975
            ],
            [
              3343450,
              1730975
            ]
          ],
          [
            [
              3343500,
              1723600
            ],
            [
              3343525,
              1723600
            ]
          ],
          [
            [
              3343500,
              1730975
            ],
            [
              3343475,
              1730975
            ]
          ],
          [
            [
              3343525,
              1723600
            ],
            [
              3343550,
              1723600
            ]
          ],
          [
            [
              3343525,
              1730975
            ],
            [
              3343500,
              1730975
            ]
          ],
          [
            [
              3343550,
              1723600
            ],
            [
              3343575,
              1723600
            ]
          ],
          [
            [
              3343550,
              1730975
            ],
            [
              3343525,
              1730975
            ]
          ],
          [
            [
              3343575,
              1723600
            ],
            [
              3343600,
              1723600
            ]
          ],
          [
            [
              3343575,
              1730975
            ],
            [
              3343550,
              1730975
            ]
          ],
          [
            [
              3343600,
              1723600
            ],
            [
              3343625,
              1723600
            ]
          ],
          [
            [
              3343600,
              1730975
            ],
            [
              3343575,
              1730975
            ]
          ],
          [
            [
              3343625,
              1723600
            ],
            [
              3343650,
              1723600
            ]
          ],
          [
            [
              3343625,
              1730975
            ],
            [
              3343600,
              1730975
            ]
          ],
          [
            [
              3343650,
              1723600
            ],
            [
              3343675,
              1723600
            ]
          ],
          [
            [
              3343650,
              1730975
            ],
            [
              3343625,
              1730975
            ]
          ],
          [
            [
              3343675,
              1723600
            ],
            [
              3343700,
              1723600
            ]
          ],
          [
            [
              3343675,
              1730975
            ],
            [
              3343650,
              1730975
            ]
          ],
          [
            [
              3343700,
              1723600
            ],
            [
              3343725,
              1723600
            ]
          ],
          [
            [
              3343700,
              1730975
            ],
            [
              3343675,
              1730975
            ]
          ],
          [
            [
              3343725,
              1723600
            ],
            [
              3343750,
              1723600
            ]
          ],
          [
            [
              3343725,
              1730975
            ],
            [
              3343700,
              1730975
            ]
          ],
          [
            [
              3343750,
              1723600
            ],
            [
              3343775,
              1723600
            ]
          ],
          [
            [
              3343750,
              1730975
            ],
            [
              3343725,
              1730975
            ]
          ],
          [
            [
              3343775,
              1723600
            ],
            [
              3343800,
              1723600
            ]
          ],
          [
            [
              3343775,
              1730975
            ],
            [
              3343750,
              1730975
            ]
          ],
          [
            [
              3343800,
              1723600
            ],
            [
              3343825,
              1723600
            ]
          ],
          [
            [
              3343800,
              1730975
            ],
            [
              3343775,
              1730975
            ]
          ],
          [
            [
              3343825,
              1723600
            ],
            [
              3343850,
              1723600
            ]
          ],
          [
            [
              3343825,
              1730975
            ],
            [
              3343800,
              1730975
            ]
          ],
          [
            [
              3343850,
              1723600
            ],
            [
              3343875,
              1723600
            ]
          ],
          [
            [
              3343850,
              1730975
            ],
            [
              3343825,
              1730975
            ]
          ],
          [
            [
              3343875,
              1723600
            ],
            [
              3343900,
              1723600
            ]
          ],
          [
            [
              3343875,
              1730975
            ],
            [
              3343850,
              1730975
            ]
          ],
          [
            [
              3343900,
              1723600
            ],
            [
              3343925,
              1723600
            ]
          ],
          [
            [
              3343900,
              1730975
            ],
            [
              3343875,
              1730975
            ]
          ],
          [
            [
              3343925,
              1723600
            ],
            [
              3343950,
              1723600
            ]
          ],
          [
            [
              3343925,
              1730975
            ],
            [
              3343900,
              1730975
            ]
          ],
          [
            [
              3343950,
              1723600
            ],
            [
              3343975,
              1723600
            ]
          ],
          [
            [
              3343950,
              1730975
            ],
            [
              3343925,
              1730975
            ]
          ],
          [
            [
              3343975,
              1723600
            ],
            [
              3344000,
              1723600
            ]
          ],
          [
            [
              3343975,
              1730975
            ],
            [
              3343950,
              1730975
            ]
          ],
          [
            [
              3344000,
              1723600
            ],
            [
              3344025,
              1723600
            ]
          ],
          [
            [
              3344000,
              1730975
            ],
            [
              3343975,
              1730975
            ]
          ],
          [
            [
              3344025,
              1723600
            ],
            [
              3344050,
              1723600
            ]
          ],
          [
            [
              3344025,
              1730975
            ],
            [
              3344000,
              1730975
            ]
          ],
          [
            [
              3344050,
              1723600
            ],
            [
              3344075,
              1723600
            ]
          ],
          [
            [
              3344050,
              1730975
            ],
            [
              3344025,
              1730975
            ]
          ],
          [
            [
              3344075,
              1723600
            ],
            [
              3344100,
              1723600
            ]
          ],
          [
            [
              3344075,
              1730975
            ],
            [
              3344050,
              1730975
            ]
          ],
          [
            [
              3344100,
              1723600
            ],
            [
              3344125,
              1723600
            ]
          ],
          [
            [
              3344100,
              1730975
            ],
            [
              3344075,
              1730975
            ]
          ],
          [
            [
              3344125,
              1723600
            ],
            [
              3344150,
              1723600
            ]
          ],
          [
            [
              3344125,
              1730975
            ],
            [
              3344100,
              1730975
            ]
          ],
          [
            [
              3344150,
              1723600
            ],
            [
              3344175,
              1723600
            ]
          ],
          [
            [
              3344150,
              1730975
            ],
            [
              3344125,
              1730975
            ]
          ],
          [
            [
              3344175,
              1723600
            ],
            [
              3344175,
              1723625
            ]
          ],
          [
            [
              3344175,
              1723625
            ],
            [
              3344175,
              1723650
            ]
          ],
          [
            [
              3344175,
              1723650
            ],
            [
              3344175,
              1723675
            ]
          ],
          [
            [
              3344175,
              1723675
            ],
            [
              3344175,
              1723700
            ]
          ],
          [
            [
              3344175,
              1723700
            ],
            [
              3344175,
              1723725
            ]
          ],
          [
            [
              3344175,
              1723725
            ],
            [
              3344175,
              1723750
            ]
          ],
          [
            [
              3344175,
              1723750
            ],
            [
              3344175,
              1723775
            ]
          ],
          [
            [
              3344175,
              1723775
            ],
            [
              3344175,
              1723800
            ]
          ],
          [
            [
              3344175,
              1723800
            ],
            [
              3344175,
              1723825
            ]
          ],
          [
            [
              3344175,
              1723825
            ],
            [
              3344175,
              1723850
            ]
          ],
          [
            [
              3344175,
              1723850
            ],
            [
              3344175,
              1723875
            ]
          ],
          [
            [
              3344175,
              1723875
            ],
            [
              3344175,
              1723900
            ]
          ],
          [
            [
              3344175,
              1723900
            ],
            [
              3344175,
              1723925
            ]
          ],
          [
            [
              3344175,
              1723925
            ],
            [
              3344175,
              1723950
            ]
          ],
          [
            [
              3344175,
              1723950
            ],
            [
              3344175,
              1723975
            ]
          ],
          [
            [
              3344175,
              1723975
            ],
            [
              3344175,
              1724000
            ]
          ],
          [
            [
              3344175,
              1724000
            ],
            [
              3344175,
              1724025
            ]
          ],
          [
            [
              3344175,
              1724025
            ],
            [
              3344175,
              1724050
            ]
          ],
          [
            [
              3344175,
              1724050
            ],
            [
              3344175,
              1724075
            ]
          ],
          [
            [
              3344175,
              1724075
            ],
            [
              3344175,
              1724100
            ]
          ],
          [
            [
              3344175,
              1724100
            ],
            [
              3344175,
              1724125
            ]
          ],
          [
            [
              3344175,
              1724125
            ],
            [
              3344175,
              1724150
            ]
          ],
          [
            [
              3344175,
              1724150
            ],
            [
              3344175,
              1724175
            ]
          ],
          [
            [
              3344175,
              1724175
            ],
            [
              3344175,
              1724200
            ]
          ],
          [
            [
              3344175,
              1724200
            ],
            [
              3344175,
              1724225
            ]
          ],
          [
            [
              3344175,
              1724225
            ],
            [
              3344175,
              1724250
            ]
          ],
          [
            [
              3344175,
              1724250
            ],
            [
              3344175,
              1724275
            ]
          ],
          [
            [
              3344175,
              1724275
            ],
            [
              3344175,
              1724300
            ]
          ],
          [
            [
              3344175,
              1724300
            ],
            [
              3344175,
              1724325
            ]
          ],
          [
            [
              3344175,
              1724325
            ],
            [
              3344175,
              1724350
            ]
          ],
          [
            [
              3344175,
              1724350
            ],
            [
              3344175,
              1724375
            ]
          ],
          [
            [
              3344175,
              1724375
            ],
            [
              3344175,
              1724400
            ]
          ],
          [
            [
              3344175,
              1724400
            ],
            [
              3344175,
              1724425
            ]
          ],
          [
            [
              3344175,
              1724425
            ],
            [
              3344175,
              1724450
            ]
          ],
          [
            [
              3344175,
              1724450
            ],
            [
              3344175,
              1724475
            ]
          ],
          [
            [
              3344175,
              1724475
            ],
            [
              3344175,
              1724500
            ]
          ],
          [
            [
              3344175,
              1724500
            ],
            [
              3344175,
              1724525
            ]
          ],
          [
            [
              3344175,
              1724525
            ],
            [
              3344175,
              1724550
            ]
          ],
          [
            [
              3344175,
              1724550
            ],
            [
              3344175,
              1724575
            ]
          ],
          [
            [
              3344175,
              1724575
            ],
            [
              3344175,
              1724600
            ]
          ],
          [
            [
              3344175,
              1724600
            ],
            [
              3344175,
              1724625
            ]
          ],
          [
            [
              3344175,
              1724625
            ],
            [
              3344175,
              1724650
            ]
          ],
          [
            [
              3344175,
              1724650
            ],
            [
              3344175,
              1724675
            ]
          ],
          [
            [
              3344175,
              1724675
            ],
            [
              3344175,
              1724700
            ]
          ],
          [
            [
              3344175,
              1724700
            ],
            [
              3344175,
              1724725
            ]
          ],
          [
            [
              3344175,
              1724725
            ],
            [
              3344175,
              1724750
            ]
          ],
          [
            [
              3344175,
              1724750
            ],
            [
              3344175,
              1724775
            ]
          ],
          [
            [
              3344175,
              1724775
            ],
            [
              3344175,
              1724800
            ]
          ],
          [
            [
              3344175,
              1724800
            ],
            [
              3344175,
              1724825
            ]
          ],
          [
            [
              3344175,
              1724825
            ],
            [
              3344175,
              1724850
            ]
          ],
          [
            [
              3344175,
              1724850
            ],
            [
              3344175,
              1724875
            ]
          ],
          [
            [
              3344175,
              1724875
            ],
            [
              3344175,
              1724900
            ]
          ],
          [
            [
              3344175,
              1724900
            ],
            [
              3344175,
              1724925
            ]
          ],
          [
            [
              3344175,
              1724925
            ],
            [
              3344175,
              1724950
            ]
          ],
          [
            [
              3344175,
              1724950
            ],
            [
              3344175,
              1724975
            ]
          ],
          [
            [
              3344175,
              1724975
            ],
            [
              3344175,
              1725000
            ]
          ],
          [
            [
              3344175,
              1725000
            ],
            [
              3344175,
              1725025
            ]
          ],
          [
            [
              3344175,
              1725025
            ],
            [
              3344175,
              1725050
            ]
          ],
          [
            [
              3344175,
              1725050
            ],
            [
              3344175,
              1725075
            ]
          ],
          [
            [
              3344175,
              1725075
            ],
            [
              3344175,
              1725100
            ]
          ],
          [
            [
              3344175,
              1725100
            ],
            [
              3344175,
              1725125
            ]
          ],
          [
            [
              3344175,
              1725125
            ],
            [
              3344175,
              1725150
            ]
          ],
          [
            [
              3344175,
              1725150
            ],
            [
              3344175,
              1725175
            ]
          ],
          [
            [
              3344175,
              1725175
            ],
            [
              3344175,
              1725200
            ]
          ],
          [
            [
              3344175,
              1725200
            ],
            [
              3344175,
              1725225
            ]
          ],
          [
            [
              3344175,
              1725225
            ],
            [
              3344175,
              1725250
            ]
          ],
          [
            [
              3344175,
              1725250
            ],
            [
              3344175,
              1725275
            ]
          ],
          [
            [
              3344175,
              1725275
            ],
            [
              3344175,
              1725300
            ]
          ],
          [
            [
              3344175,
              1725300
            ],
            [
              3344175,
              1725325
            ]
          ],
          [
            [
              3344175,
              1725325
            ],
            [
              3344175,
              1725350
            ]
          ],
          [
            [
              3344175,
              1725350
            ],
            [
              3344175,
              1725375
            ]
          ],
          [
            [
              3344175,
              1725375
            ],
            [
              3344175,
              1725400
            ]
          ],
          [
            [
              3344175,
              1725400
            ],
            [
              3344175,
              1725425
            ]
          ],
          [
            [
              3344175,
              1725425
            ],
            [
              3344175,
              1725450
            ]
          ],
          [
            [
              3344175,
              1725450
            ],
            [
              3344175,
              1725475
            ]
          ],
          [
            [
              3344175,
              1725475
            ],
            [
              3344175,
              1725500
            ]
          ],
          [
            [
              3344175,
              1725500
            ],
            [
              3344175,
              1725525
            ]
          ],
          [
            [
              3344175,
              1725525
            ],
            [
              3344175,
              1725550
            ]
          ],
          [
            [
              3344175,
              1725550
            ],
            [
              3344175,
              1725575
            ]
          ],
          [
            [
              3344175,
              1725575
            ],
            [
              3344175,
              1725600
            ]
          ],
          [
            [
              3344175,
              1725600
            ],
            [
              3344175,
              1725625
            ]
          ],
          [
            [
              3344175,
              1725625
            ],
            [
              3344175,
              1725650
            ]
          ],
          [
            [
              3344175,
              1725650
            ],
            [
              3344175,
              1725675
            ]
          ],
          [
            [
              3344175,
              1725675
            ],
            [
              3344175,
              1725700
            ]
          ],
          [
            [
              3344175,
              1725700
            ],
            [
              3344175,
              1725725
            ]
          ],
          [
            [
              3344175,
              1725725
            ],
            [
              3344175,
              1725750
            ]
          ],
          [
            [
              3344175,
              1725750
            ],
            [
              3344175,
              1725775
            ]
          ],
          [
            [
              3344175,
              1725775
            ],
            [
              3344175,
              1725800
            ]
          ],
          [
            [
              3344175,
              1725800
            ],
            [
              3344175,
              1725825
            ]
          ],
          [
            [
              3344175,
              1725825
            ],
            [
              3344175,
              1725850
            ]
          ],
          [
            [
              3344175,
              1725850
            ],
            [
              3344175,
              1725875
            ]
          ],
          [
            [
              3344175,
              1725875
            ],
            [
              3344175,
              1725900
            ]
          ],
          [
            [
              3344175,
              1725900
            ],
            [
              3344175,
              1725925
            ]
          ],
          [
            [
              3344175,
              1725925
            ],
            [
              3344175,
              1725950
            ]
          ],
          [
            [
              3344175,
              1725950
            ],
            [
              3344175,
              1725975
            ]
          ],
          [
            [
              3344175,
              1725975
            ],
            [
              3344175,
              1726000
            ]
          ],
          [
            [
              3344175,
              1726000
            ],
            [
              3344175,
              1726025
            ]
          ],
          [
            [
              3344175,
              1726025
            ],
            [
              3344175,
              1726050
            ]
          ],
          [
            [
              3344175,
              1726050
            ],
            [
              3344175,
              1726075
            ]
          ],
          [
            [
              3344175,
              1726075
            ],
            [
              3344175,
              1726100
            ]
          ],
          [
            [
              3344175,
              1726100
            ],
            [
              3344175,
              1726125
            ]
          ],
          [
            [
              3344175,
              1726125
            ],
            [
              3344175,
              1726150
            ]
          ],
          [
            [
              3344175,
              1726150
            ],
            [
              3344175,
              1726175
            ]
          ],
          [
            [
              3344175,
              1726175
            ],
            [
              3344175,
              1726200
            ]
          ],
          [
            [
              3344175,
              1726200
            ],
            [
              3344175,
              1726225
            ]
          ],
          [
            [
              3344175,
              1726225
            ],
            [
              3344175,
              1726250
            ]
          ],
          [
            [
              3344175,
              1726250
            ],
            [
              3344175,
              1726275
            ]
          ],
          [
            [
              3344175,
              1726275
            ],
            [
              3344175,
              1726300
            ]
          ],
          [
            [
              3344175,
              1726300
            ],
            [
              3344175,
              1726325
            ]
          ],
          [
            [
              3344175,
              1726325
            ],
            [
              3344175,
              1726350
            ]
          ],
          [
            [
              3344175,
              1726350
            ],
            [
              3344175,
              1726375
            ]
          ],
          [
            [
              3344175,
              1726375
            ],
            [
              3344175,
              1726400
            ]
          ],
          [
            [
              3344175,
              1726400
            ],
            [
              3344175,
              1726425
            ]
          ],
          [
            [
              3344175,
              1726425
            ],
            [
              3344175,
              1726450
            ]
          ],
          [
            [
              3344175,
              1726450
            ],
            [
              3344175,
              1726475
            ]
          ],
          [
            [
              3344175,
              1726475
            ],
            [
              3344175,
              1726500
            ]
          ],
          [
            [
              3344175,
              1726500
            ],
            [
              3344175,
              1726525
            ]
          ],
          [
            [
              3344175,
              1726525
            ],
            [
              3344175,
              1726550
            ]
          ],
          [
            [
              3344175,
              1726550
            ],
            [
              3344175,
              1726575
            ]
          ],
          [
            [
              3344175,
              1726575
            ],
            [
              3344175,
              1726600
            ]
          ],
          [
            [
              3344175,
              1726600
            ],
            [
              3344175,
              1726625
            ]
          ],
          [
            [
              3344175,
              1726625
            ],
            [
              3344175,
              1726650
            ]
          ],
          [
            [
              3344175,
              1726650
            ],
            [
              3344175,
              1726675
            ]
          ],
          [
            [
              3344175,
              1726675
            ],
            [
              3344175,
              1726700
            ]
          ],
          [
            [
              3344175,
              1726700
            ],
            [
              3344175,
              1726725
            ]
          ],
          [
            [
              3344175,
              1726725
            ],
            [
              3344175,
              1726750
            ]
          ],
          [
            [
              3344175,
              1726750
            ],
            [
              3344175,
              1726775
            ]
          ],
          [
            [
              3344175,
              1726775
            ],
            [
              3344175,
              1726800
            ]
          ],
          [
            [
              3344175,
              1726800
            ],
            [
              3344175,
              1726825
            ]
          ],
          [
            [
              3344175,
              1726825
            ],
            [
              3344175,
              1726850
            ]
          ],
          [
            [
              3344175,
              1726850
            ],
            [
              3344175,
              1726875
            ]
          ],
          [
            [
              3344175,
              1726875
            ],
            [
              3344175,
              1726900
            ]
          ],
          [
            [
              3344175,
              1726900
            ],
            [
              3344175,
              1726925
            ]
          ],
          [
            [
              3344175,
              1726925
            ],
            [
              3344175,
              1726950
            ]
          ],
          [
            [
              3344175,
              1726950
            ],
            [
              3344175,
              1726975
            ]
          ],
          [
            [
              3344175,
              1726975
            ],
            [
              3344175,
              1727000
            ]
          ],
          [
            [
              3344175,
              1727000
            ],
            [
              3344175,
              1727025
            ]
          ],
          [
            [
              3344175,
              1727025
            ],
            [
              3344175,
              1727050
            ]
          ],
          [
            [
              3344175,
              1727050
            ],
            [
              3344175,
              1727075
            ]
          ],
          [
            [
              3344175,
              1727075
            ],
            [
              3344175,
              1727100
            ]
          ],
          [
            [
              3344175,
              1727100
            ],
            [
              3344175,
              1727125
            ]
          ],
          [
            [
              3344175,
              1727125
            ],
            [
              3344175,
              1727150
            ]
          ],
          [
            [
              3344175,
              1727150
            ],
            [
              3344175,
              1727175
            ]
          ],
          [
            [
              3344175,
              1727175
            ],
            [
              3344175,
              1727200
            ]
          ],
          [
            [
              3344175,
              1727200
            ],
            [
              3344175,
              1727225
            ]
          ],
          [
            [
              3344175,
              1727225
            ],
            [
              3344175,
              1727250
            ]
          ],
          [
            [
              3344175,
              1727250
            ],
            [
              3344175,
              1727275
            ]
          ],
          [
            [
              3344175,
              1727275
            ],
            [
              3344175,
              1727300
            ]
          ],
          [
            [
              3344175,
              1727300
            ],
            [
              3344175,
              1727325
            ]
          ],
          [
            [
              3344175,
              1727325
            ],
            [
              3344175,
              1727350
            ]
          ],
          [
            [
              3344175,
              1727350
            ],
            [
              3344175,
              1727375
            ]
          ],
          [
            [
              3344175,
              1727375
            ],
            [
              3344175,
              1727400
            ]
          ],
          [
            [
              3344175,
              1727400
            ],
            [
              3344175,
              1727425
            ]
          ],
          [
            [
              3344175,
              1727425
            ],
            [
              3344175,
              1727450
            ]
          ],
          [
            [
              3344175,
              1727450
            ],
            [
              3344175,
              1727475
            ]
          ],
          [
            [
              3344175,
              1727475
            ],
            [
              3344175,
              1727500
            ]
          ],
          [
            [
              3344175,
              1727500
            ],
            [
              3344175,
              1727525
            ]
          ],
          [
            [
              3344175,
              1727525
            ],
            [
              3344175,
              1727550
            ]
          ],
          [
            [
              3344175,
              1727550
            ],
            [
              3344175,
              1727575
            ]
          ],
          [
            [
              3344175,
              1727575
            ],
            [
              3344175,
              1727600
            ]
          ],
          [
            [
              3344175,
              1727600
            ],
            [
              3344175,
              1727625
            ]
          ],
          [
            [
              3344175,
              1727625
            ],
            [
              3344175,
              1727650
            ]
          ],
          [
            [
              3344175,
              1727650
            ],
            [
              3344175,
              1727675
            ]
          ],
          [
            [
              3344175,
              1727675
            ],
            [
              3344175,
              1727700
            ]
          ],
          [
            [
              3344175,
              1727700
            ],
            [
              3344175,
              1727725
            ]
          ],
          [
            [
              3344175,
              1727725
            ],
            [
              3344175,
              1727750
            ]
          ],
          [
            [
              3344175,
              1727750
            ],
            [
              3344175,
              1727775
            ]
          ],
          [
            [
              3344175,
              1727775
            ],
            [
              3344175,
              1727800
            ]
          ],
          [
            [
              3344175,
              1727800
            ],
            [
              3344175,
              1727825
            ]
          ],
          [
            [
              3344175,
              1727825
            ],
            [
              3344175,
              1727850
            ]
          ],
          [
            [
              3344175,
              1727850
            ],
            [
              3344175,
              1727875
            ]
          ],
          [
            [
              3344175,
              1727875
            ],
            [
              3344175,
              1727900
            ]
          ],
          [
            [
              3344175,
              1727900
            ],
            [
              3344175,
              1727925
            ]
          ],
          [
            [
              3344175,
              1727925
            ],
            [
              3344175,
              1727950
            ]
          ],
          [
            [
              3344175,
              1727950
            ],
            [
              3344175,
              1727975
            ]
          ],
          [
            [
              3344175,
              1727975
            ],
            [
              3344175,
              1728000
            ]
          ],
          [
            [
              3344175,
              1728000
            ],
            [
              3344175,
              1728025
            ]
          ],
          [
            [
              3344175,
              1728025
            ],
            [
              3344175,
              1728050
            ]
          ],
          [
            [
              3344175,
              1728050
            ],
            [
              3344175,
              1728075
            ]
          ],
          [
            [
              3344175,
              1728075
            ],
            [
              3344175,
              1728100
            ]
          ],
          [
            [
              3344175,
              1728100
            ],
            [
              3344175,
              1728125
            ]
          ],
          [
            [
              3344175,
              1728125
            ],
            [
              3344175,
              1728150
            ]
          ],
          [
            [
              3344175,
              1728150
            ],
            [
              3344175,
              1728175
            ]
          ],
          [
            [
              3344175,
              1728175
            ],
            [
              3344175,
              1728200
            ]
          ],
          [
            [
              3344175,
              1728200
            ],
            [
              3344175,
              1728225
            ]
          ],
          [
            [
              3344175,
              1728225
            ],
            [
              3344175,
              1728250
            ]
          ],
          [
            [
              3344175,
              1728250
            ],
            [
              3344175,
              1728275
            ]
          ],
          [
            [
              3344175,
              1728275
            ],
            [
              3344175,
              1728300
            ]
          ],
          [
            [
              3344175,
              1728300
            ],
            [
              3344175,
              1728325
            ]
          ],
          [
            [
              3344175,
              1728325
            ],
            [
              3344175,
              1728350
            ]
          ],
          [
            [
              3344175,
              1728350
            ],
            [
              3344175,
              1728375
            ]
          ],
          [
            [
              3344175,
              1728375
            ],
            [
              3344175,
              1728400
            ]
          ],
          [
            [
              3344175,
              1728400
            ],
            [
              3344175,
              1728425
            ]
          ],
          [
            [
              3344175,
              1728425
            ],
            [
              3344175,
              1728450
            ]
          ],
          [
            [
              3344175,
              1728450
            ],
            [
              3344175,
              1728475
            ]
          ],
          [
            [
              3344175,
              1728475
            ],
            [
              3344175,
              1728500
            ]
          ],
          [
            [
              3344175,
              1728500
            ],
            [
              3344175,
              1728525
            ]
          ],
          [
            [
              3344175,
              1728525
            ],
            [
              3344175,
              1728550
            ]
          ],
          [
            [
              3344175,
              1728550
            ],
            [
              3344175,
              1728575
            ]
          ],
          [
            [
              3344175,
              1728575
            ],
            [
              3344175,
              1728600
            ]
          ],
          [
            [
              3344175,
              1728600
            ],
            [
              3344175,
              1728625
            ]
          ],
          [
            [
              3344175,
              1728625
            ],
            [
              3344175,
              1728650
            ]
          ],
          [
            [
              3344175,
              1728650
            ],
            [
              3344175,
              1728675
            ]
          ],
          [
            [
              3344175,
              1728675
            ],
            [
              3344175,
              1728700
            ]
          ],
          [
            [
              3344175,
              1728700
            ],
            [
              3344175,
              1728725
            ]
          ],
          [
            [
              3344175,
              1728725
            ],
            [
              3344175,
              1728750
            ]
          ],
          [
            [
              3344175,
              1728750
            ],
            [
              3344175,
              1728775
            ]
          ],
          [
            [
              3344175,
              1728775
            ],
            [
              3344175,
              1728800
            ]
          ],
          [
            [
              3344175,
              1728800
            ],
            [
              3344175,
              1728825
            ]
          ],
          [
            [
              3344175,
              1728825
            ],
            [
              3344175,
              1728850
            ]
          ],
          [
            [
              3344175,
              1728850
            ],
            [
              3344175,
              1728875
            ]
          ],
          [
            [
              3344175,
              1728875
            ],
            [
              3344175,
              1728900
            ]
          ],
          [
            [
              3344175,
              1728900
            ],
            [
              3344175,
              1728925
            ]
          ],
          [
            [
              3344175,
              1728925
            ],
            [
              3344175,
              1728950
            ]
          ],
          [
            [
              3344175,
              1728950
            ],
            [
              3344175,
              1728975
            ]
          ],
          [
            [
              3344175,
              1728975
            ],
            [
              3344175,
              1729000
            ]
          ],
          [
            [
              3344175,
              1729000
            ],
            [
              3344175,
              1729025
            ]
          ],
          [
            [
              3344175,
              1729025
            ],
            [
              3344175,
              1729050
            ]
          ],
          [
            [
              3344175,
              1729050
            ],
            [
              3344175,
              1729075
            ]
          ],
          [
            [
              3344175,
              1729075
            ],
            [
              3344175,
              1729100
            ]
          ],
          [
            [
              3344175,
              1729100
            ],
            [
              3344175,
              1729125
            ]
          ],
          [
            [
              3344175,
              1729125
            ],
            [
              3344175,
              1729150
            ]
          ],
          [
            [
              3344175,
              1729150
            ],
            [
              3344175,
              1729175
            ]
          ],
          [
            [
              3344175,
              1729175
            ],
            [
              3344175,
              1729200
            ]
          ],
          [
            [
              3344175,
              1729200
            ],
            [
              3344175,
              1729225
            ]
          ],
          [
            [
              3344175,
              1729225
            ],
            [
              3344175,
              1729250
            ]
          ],
          [
            [
              3344175,
              1729250
            ],
            [
              3344175,
              1729275
            ]
          ],
          [
            [
              3344175,
              1729275
            ],
            [
              3344175,
              1729300
            ]
          ],
          [
            [
              3344175,
              1729300
            ],
            [
              3344175,
              1729325
            ]
          ],
          [
            [
              3344175,
              1729325
            ],
            [
              3344175,
              1729350
            ]
          ],
          [
            [
              3344175,
              1729350
            ],
            [
              3344175,
              1729375
            ]
          ],
          [
            [
              3344175,
              1729375
            ],
            [
              3344175,
              1729400
            ]
          ],
          [
            [
              3344175,
              1729400
            ],
            [
              3344175,
              1729425
            ]
          ],
          [
            [
              3344175,
              1729425
            ],
            [
              3344175,
              1729450
            ]
          ],
          [
            [
              3344175,
              1729450
            ],
            [
              3344175,
              1729475
            ]
          ],
          [
            [
              3344175,
              1729475
            ],
            [
              3344175,
              1729500
            ]
          ],
          [
            [
              3344175,
              1729500
            ],
            [
              3344175,
              1729525
            ]
          ],
          [
            [
              3344175,
              1729525
            ],
            [
              3344175,
              1729550
            ]
          ],
          [
            [
              3344175,
              1729550
            ],
            [
              3344175,
              1729575
            ]
          ],
          [
            [
              3344175,
              1729575
            ],
            [
              3344175,
              1729600
            ]
          ],
          [
            [
              3344175,
              1729600
            ],
            [
              3344175,
              1729625
            ]
          ],
          [
            [
              3344175,
              1729625
            ],
            [
              3344175,
              1729650
            ]
          ],
          [
            [
              3344175,
              1729650
            ],
            [
              3344175,
              1729675
            ]
          ],
          [
            [
              3344175,
              1729675
            ],
            [
              3344175,
              1729700
            ]
          ],
          [
            [
              3344175,
              1729700
            ],
            [
              3344175,
              1729725
            ]
          ],
          [
            [
              3344175,
              1729725
            ],
            [
              3344175,
              1729750
            ]
          ],
          [
            [
              3344175,
              1729750
            ],
            [
              3344175,
              1729775
            ]
          ],
          [
            [
              3344175,
              1729775
            ],
            [
              3344175,
              1729800
            ]
          ],
          [
            [
              3344175,
              1729800
            ],
            [
              3344175,
              1729825
            ]
          ],
          [
            [
              3344175,
              1729825
            ],
            [
              3344175,
              1729850
            ]
          ],
          [
            [
              3344175,
              1729850
            ],
            [
              3344175,
              1729875
            ]
          ],
          [
            [
              3344175,
              1729875
            ],
            [
              3344175,
              1729900
            ]
          ],
          [
            [
              3344175,
              1729900
            ],
            [
              3344175,
              1729925
            ]
          ],
          [
            [
              3344175,
              1729925
            ],
            [
              3344175,
              1729950
            ]
          ],
          [
            [
              3344175,
              1729950
            ],
            [
              3344175,
              1729975
            ]
          ],
          [
            [
              3344175,
              1729975
            ],
            [
              3344175,
              1730000
            ]
          ],
          [
            [
              3344175,
              1730000
            ],
            [
              3344175,
              1730025
            ]
          ],
          [
            [
              3344175,
              1730025
            ],
            [
              3344175,
              1730050
            ]
          ],
          [
            [
              3344175,
              1730050
            ],
            [
              3344175,
              1730075
            ]
          ],
          [
            [
              3344175,
              1730075
            ],
            [
              3344175,
              1730100
            ]
          ],
          [
            [
              3344175,
              1730100
            ],
            [
              3344175,
              1730125
            ]
          ],
          [
            [
              3344175,
              1730125
            ],
            [
              3344175,
              1730150
            ]
          ],
          [
            [
              3344175,
              1730150
            ],
            [
              3344175,
              1730175
            ]
          ],
          [
            [
              3344175,
              1730175
            ],
            [
              3344175,
              1730200
            ]
          ],
          [
            [
              3344175,
              1730200
            ],
            [
              3344175,
              1730225
            ]
          ],
          [
            [
              3344175,
              1730225
            ],
            [
              3344175,
              1730250
            ]
          ],
          [
            [
              3344175,
              1730250
            ],
            [
              3344175,
              1730275
            ]
          ],
          [
            [
              3344175,
              1730275
            ],
            [
              3344175,
              1730300
            ]
          ],
          [
            [
              3344175,
              1730300
            ],
            [
              3344175,
              1730325
            ]
          ],
          [
            [
              3344175,
              1730325
            ],
            [
              3344175,
              1730350
            ]
          ],
          [
            [
              3344175,
              1730350
            ],
            [
              3344175,
              1730375
            ]
          ],
          [
            [
              3344175,
              1730375
            ],
            [
              3344175,
              1730400
            ]
          ],
          [
            [
              3344175,
              1730400
            ],
            [
              3344175,
              1730425
            ]
          ],
          [
            [
              3344175,
              1730425
            ],
            [
              3344175,
              1730450
            ]
          ],
          [
            [
              3344175,
              1730450
            ],
            [
              3344175,
              1730475
            ]
          ],
          [
            [
              3344175,
              1730475
            ],
            [
              3344175,
              1730500
            ]
          ],
          [
            [
              3344175,
              1730500
            ],
            [
              3344175,
              1730525
            ]
          ],
          [
            [
              3344175,
              1730525
            ],
            [
              3344175,
              1730550
            ]
          ],
          [
            [
              3344175,
              1730550
            ],
            [
              3344175,
              1730575
            ]
          ],
          [
            [
              3344175,
              1730575
            ],
            [
              3344175,
              1730600
            ]
          ],
          [
            [
              3344175,
              1730600
            ],
            [
              3344175,
              1730625
            ]
          ],
          [
            [
              3344175,
              1730625
            ],
            [
              3344175,
              1730650
            ]
          ],
          [
            [
              3344175,
              1730650
            ],
            [
              3344175,
              1730675
            ]
          ],
          [
            [
              3344175,
              1730675
            ],
            [
              3344175,
              1730700
            ]
          ],
          [
            [
              3344175,
              1730700
            ],
            [
              3344175,
              1730725
            ]
          ],
          [
            [
              3344175,
              1730725
            ],
            [
              3344175,
              1730750
            ]
          ],
          [
            [
              3344175,
              1730750
            ],
            [
              3344175,
              1730775
            ]
          ],
          [
            [
              3344175,
              1730775
            ],
            [
              3344175,
              1730800
            ]
          ],
          [
            [
              3344175,
              1730800
            ],
            [
              3344175,
              1730825
            ]
          ],
          [
            [
              3344175,
              1730825
            ],
            [
              3344175,
              1730850
            ]
          ],
          [
            [
              3344175,
              1730850
            ],
            [
              3344175,
              1730875
            ]
          ],
          [
            [
              3344175,
              1730875
            ],
            [
              3344175,
              1730900
            ]
          ],
          [
            [
              3344175,
              1730900
            ],
            [
              3344175,
              1730925
            ]
          ],
          [
            [
              3344175,
              1730925
            ],
            [
              3344175,
              1730950
            ]
          ],
          [
            [
              3344175,
              1730950
            ],
            [
              3344175,
              1730975
            ]
          ],
          [
            [
              3344175,
              1730975
            ],
            [
              3344150,
              1730975
            ]
          ]
        ]
      }
    }
  ]
}
